  3181  8237   712 22255  9073  3557 13554 21128 10536  2324 11217 10814 10065 22760  4661  6178 12834 13821 21182 13135 22092 21873 19051  1024  4694  3017 14761 12308  1854  6449  8243 20576 18203 17629  6545 14900  2893 21814 14299 20291 12991 13812 21866 17789 14215  3952 22270  6164 14546  7823    29  5527 21264 22714 11158  3327  1740  7076  9007 21168 18553  5692  4877 13314 15695 21300  9847 11124 15909  6679  8167 12377  4700  7874 14821  5691 19125 22643  3306  7434  6346  8037  3877 11030 14960 22319 21355 11012  2524 13918 17468  6461 12574 15059  1525 22294 19490  3251  2529 14819  4087 18360 15256 14250  2713 15493 19620 10544 14182 11955  6175 16923 18454  1320  4428 16102 19593 17827  2308  1883  1546   894  1447 14744 17965  6423  6663  3574  8499  2649   601 16483  3945  4439 16061 16558 15332 19764 14398 13497  8849   185 22682 11916  6719  1458 19392 19940 13423 10541 17337
 14366 22720  3730 15249 13819 17036 12296  8096 13741  1713 17944  2274  4792  3362  7939 14646  6264   694  7021 14356  7797  8516 10519 19616 13588  7813  9246  6911  7214 17687  8977  4332  1647 10667 13512  2265 16229  6669 11287  5730  4112 16938  5373 13648   719 17785 13308 10863  1630  7689 12796 21192 13752 20694 15461 19762   496 17314   254  7759   549  5613 20885  3687 18638 15960 18620 12278  8033  6130 14344 10332 10036 20734 16594 18761 13915  4755 14641 19152 20229  3271 11589 15503 16902 19286 22217  5298 19343  4830 13595 16845 21428  2569 11155 10431 11037 16829 16913 11563  3620 11604 14029   448 16036 20778 22196 18550 19326 19006 15656  8959 14658 19225 14138  7356 17514 14987 11320 15739  9794 11495  7915  3564 16333  4818 18109 15692  2272   414 17221  8112  4369  5995  2062  7037  1779  6245  4725 22172 20894 17777 16089  9892 22653 15539  4874 11760  4486  3319   685
  8251  3770  8137 12879 12407 12123 12643  1338  8949  9180 11814 13023 22330 16481  9821  9509   645  7719  1970 15892  9194 17331 18760  1090 17483  7674 11933 15167 16866 16981 16919 22487  2971   313 18937 22066  4076   325 19665 15872 13831 12957 18009 22181  9624 11205   841 15992  5461  1823 20309 16927  6649  8775  8328  3230 20192  2411 21730 15767  9374 16218 11352  4154    37  1864  1449  6529  6678 15802   333 18458  3322 17741 19188  9628 20707  3383 19175  7528 13583 12265  9925  2423 15760 20268 22601 11108 17877 11008  1678   586 16808  1029 16477  2797 18722 10700  8640 11981   671 11560  5068 18817 22402  5200  8759 12154 11462 19198  2101 12702 14214 22211   240  7346 11965 18935  9306 18033 15165    92 15774  1733 20841  9399 14554 17894  7460 12843 15240 17950  9573 11887  3518 21334 12301 21977  6988 20754 21023  6099  2035   553  8550 19798  5852 20236  3591 11658 22146
 19934  9500  1245 14297  4205 17409 20354 15010 17211 21397  6032 19030  7794  4116  7422 20665 22435  2920 22774  5075 17159 17017  2514 19672 17252  5363  8654 20645 16211  5021 20858   336 12532 13125  7074  9393  8778 21856 16388  3062   370 19809 10175 16035   249 15865  1494 13542 13809  8421 22740 10821 10807  8633  7595  4801 21462 10480 13239  9850 20187  7717  9049  2287 22292 22234  5294 18826  7613 20507  1586  1292 17860  5362  3921  2321 20625 13036 11710  8717  8089  9710  4058 16895 21186 22404   734  6550 10131 20282  5003   958 11684 10110  7372 16877  4778  1610 17612 21304 10560 17375 12272  2902 22775 17853 13802 13297  7331  1101 11599 15110   594 18542 20939  7083  9950  2100 18140  1407 15913  6878 11078 11188  6968  9460  3980 18225 15333 14624  7116  2854  1999 22550 22353 10058 11040 21979 11853    50  1497  2510 19231 16559  6764 14163 14694 11994  9719  7196  5278
 10756   866 17868 16588 20420 21482 15697  3540 11060   916 15439 20009 22709 12996  1265 22176  1210 14946 16180 21270 12151 12486 13319 11968 20238 10230 18797  5142 19575 16041  3178  8554  5669 10650 15916  3180 11443 12447  8041  1212 19817 20449 11739  6050 22763 22053 20725 20029 13645 15311  9593 13108  7656 20947 17166  9258  9088 21927 10529  2957 10167 21622  1576 12252 19107  1181  9613  7272 18788 13630  1321  3656 11430 16945 21345 17503 13161  9689  3849 10585  7354  2695  2338  8071  1702  7387  8252  3357 22441  6524 15047 20660 18259  2840 21255  7827  6862 18709   850  2777 21497  3477 19195  4101 21336  6734   714  4837  9131 20981 12234  3116 13192 11824 18152 17551  7067  9304 17830  5754 13227  1692 13691  4795  9276  2180 12247  9383  7043  4175  7134  3090 10221 12912  4008  3950 15402  7192  4303   401 14097 22030 15843 17928 20879 10096 22227 11652  2153 17351   607
 17501  4579 19865  5100 10024 19466  9896  1440 10100  6543 20704 19994  6080  8078  8434 21559 15474  8485 12121 18946 12681  5088 21557 12735  4689 21840  4003 13401  9365 17172  7431  3432 13744  5659 18572   879 11404  4436 10759 18955  4770  8568  8285 18521  9867  8470 17607  5707  6873 13934 17187  7290 14862 12343  8727  4873 22213  6737 17290  4230 12041 17066  6906 10503  4899 12298  6526 10450 15901 12098  2325 14904 16139 16321  1480  6266 12499 19041 16372  6536  4584  7291  2707 12243 16296 21825 14298 15677 12427 10010  4320 21533 11161 17727 15373   556  3158 11229 20886  9282  8018  8700  3156 14116  5593 19451 17538 20669  6922 21862 16040 19067 11995 13923 17889 13798  2175 18656 16705 16626  6736  2398  6575 16799 18486  7475 15403 18481 11940  5041 19558  6898 12615 22338  4593 12686  6446  2493 16125  5532  1629 16151  1246  5101 17146 22731  9596   863  3193 12566  6113
 15284  1268 11538 17327  8056 20729 22394 11127 20527 14067  1420  4548  6059 18804 13584  4275  6375  8709 22076  8634   786  5899  4153 18245 14875  4590 15605 21928 13859 20598  1299 14967 21439  3438 14088  6270 10747  8695  3265   949   783 19190  6902  9046  8908 13974 21274  6492 18583  3702 11665  7754  9031  7334 10057 13580 18835  1381 21627 21707  7684 10074 20899  1774 17080 11606 11666    32  1531  2253  8084 12650 16437 13967 10808 18908  3681  1273  4102  7547 16564  7191 18574  3240 21077 16446  6198 22119 11021 11379 19154 19826 14711 10888  9256 14886 17391 15874 17222 15385 19155   402  3625 14817  2875 11460 17648 13107  5170 20763 21759 12424 18392 15349 16489  8013  9319  5313 21002  9136  1789 18303 16323 14794  9903  1506  2537 17535 18923  6393 15504 10035 13953 11801 18728  8965  6334  3835  4082 16982  5178 13257  6077 15072 16899  7100 17309  9154   198  4022 18063
  7832 14185  2962  3960 19035 17190 22416  4526  9474 19151 17515 17167 11458  2058 12193 11880 14316 16247 13284 18591 10295  6727  4329 12244   263  6377 13270   233  8571 12029 11339  5223 17511  8459 20585 22250 21639 16107  4517 21247 14394  7209   190  3331 14118  4456 15970  3061 14450 12846 15416  7801 18097 21467 10669 15412 16465 13635 12440  8644 20797 10007  7864 14455 13427  9629   501  7358 10069 16390  6561  3266 21006 21094 11551 18219 16193 17780  3629  7411  8045  7412  2679  2416 10068 18976 17597  1563 14753  7700 19121   281  6420 10428   168 22695  7145 13055  2677 16493 17316 14370 10327 14040 21877 21353 15468 20369 10224  2252 13961 22288  8770  3274  4156  9376 20170   157 13623 11517 16463  4633  3837  9661 15869 18208  2928 10338 21050 10093  6995 20164  5018  8006 22090 15485 21189  4157  3698 11558 15074   270  3990 11896  9184 16058  2827 12833  8736 18002   728
 11342 13866 11390 19610  4351  5897  9142 11635  5705 14090 19003  7502  7622   459 13475  3631 14218  7901  3779 13700 11773 10639  5369  6588 22098 10703 19477 15998 11691  3640   984  1020  2925 10711 15133 12351  1433 15791  6924 11695  5214 15306  2262 13486 15704  5081 10424 22079 13122 13570  2595 18474  4482  5900  8934  5595 21748 13334  1194 11622  8444  3744 19144   867   123 21720  7616 21693  4690 13897 11683 21123 20557 15209 20721 21187   507 14633 10153  5487 12047 13912 20700 18953  6272 12186 20620 16804 20786 20347 16813 12657  5304  6760   835 19771  2023 10957 15820 12970 11002 19086 19300  3786  2358 18370  7968  7193 22732  2296  9808  1134   319  9594 20444  8830 12135  8402 10632 19320 20129 16801   872  3766 13349 19621 12049  5853 21889   203 16241 17643 10013 11488 11423 20269 22261  7861 11682 11726  7612 14407  6522 15567  7319 15880 13296  2395 12924 21065 19594
  6201   890 20400 14721   269  4405  4440   583  7793 21478 11716 12157 12373 22258  2477 11113 22147 10783  2092  6280 10588  2110 17604 10157  4304 13402 15371 18948 22626  2039   468  4632 14025  1168 10695 13063  4537  5194  5033 14119 20429  7525 11311 21487   379 18455 12035 16955 20011 22094  7142  5924 20361 19055 15202 20796 10944 17977  8892 16167 11675  1298 22689 17355  1064 15822 19299 19449 18053 20845 17308 13914  5740  5037 17438   458  5680 16898  1120  7718 19976 12723 22143 15076 13996  8769 11790  1846  4847  5742  2613 14375 13637 10147 10818  7628 15224  7149  1036 16072 18960 13396  7098  9585 11073  2017  8120 13044 18662  9076 17728 15255  4743  4604 21367 18525 13216 12958  4949  2947 17636  1756 19369 12923  3494 10056  6622  4787 19098  6009 22665 21330 20821 16014  2609  5535  6004 22399 19916  5726 12992  2667  3830  1072 22290 16805  5499 15784  3098 15881 17274
 10347 13667  2124  5187 13103  5410  2904  7039 18581  4438 11013 12900  5685  7814 11278  2636  3212  4223 11796 17810 10381  1219 22617 13285 15618  6819 22054  4546  9430  7856 17081   882 10488   136 19999  8139 17880  7763 12890  3318 10237  6069  3391 15305 10464 18820 13551 19902 16838  4308 22380  1463  1879 19370  7058 12348  5245 10929 22547  4291 18412 22677 14791  2078 11854  8298 17779  5431 21556  5099 16501 21142  8604 12572 12257 13148  5778  4813 15878 21554 18437  4347  9029  8791 19803 18821  7710 19439  8147 21396 16393 15331 21662 17558 22494 16581 22083  9217 14876 20637  8410 19497 12978 18647  6854 15514  9419   891  9806 17160  4160 16727   898  6214 14368 10179 22011  4756 13495   532  1611  6001 13937 11042  2112  1113  8888 12544 19365  3188 16539 19480 17032   769  7782 15582 11930   700   182 19345  3599  5814   931 20857  8738 19917 14777  3665 22691 22645 13322
  3342  3874 10848  5735 18692  5364 14911  5969  8487  1649 21041   349  3530 12228  1657 12430  2152 22484   702 11244  5666 14276 19800 16575  9147 21503  5471 10981  1573 16674 19792  6339  5865  7631 21910  2922  1591 19210 17647 18078   618 15508 22264 16011 14824    65 15218 15925 18238 21262  7566 17294 15473  4995 19915 21055  3166  3233 11730  3323 14437 17265 15991 17189 15907 10704  7468   475 13510 19790  7453 16319 21834 20616  3058 21896  1460  1704 11607  2798   743 14186 14662 17552  4932 16408  4167 18074 18469  4931 19776  2749 13500  2627 15491 14434  1235 17436 22099 12350 11794 15706 18546  1508  9063    56  4137 17242 17322  9346  2838  3176 13676  7317  4248  9144  5134 16344 19869 22000 16768 22666 20982 12212 12850  5082  9309 19156 22197 10499  1924  7263   156  4130 20737  5720 21849 18903    11 18380  6971  1995  5328  3457 18402 15099  1185 13833 20891 22741 18065
 21151 14203  1191 12209  8185 15746  9195 16912 21721 10538 20803   941   927 19359  1200 11295 10737 18940 18123 14161 22748  4084 12703  7213  5698  5441 13873  9514   537 22516 11494 19499 15384  8665  1469 12785 10248 18982 11624 12856 16225 11704 11700   721  2877  6552  3369 20342  2061 22724  3716 13407 15278 20852 11952  5693 10277  8427  4834 21644   649 14260 12437   169  3648 20515 18851 12557  4188 11771  2259  5683 16600 16111 15570  9405 20244 19356  5390 18769 16976  8586 15946 12391 11167 12475  4990 14865 15674  6299 17999   540 20843 19537 17148 16099  9939  9418  5875 15919  1515 15082 21295 17238  2834 21179  4134 14435 17208 17272  4539 14650  6305 12899  5436 16807  5489 20248  1861  1775 13213 12595  7808  9691   139 16052  7765 20984  7775  6288  5568 12102 17007 11135  4603 18786  8517   395 14352  8495 16952  5230  8146  4567 10141 21702 11514 13083 12821 21159   422
 17686  5085  1605 20358 22400  3454 10251  8491  7031  6627  1609  4910 19446 15721  3862 17761 18067   876  5662 15004 21498  1694 12413 14196  4984 16640  5652 19492  1863 17293 10015 19261 10822 13890 17983 21520  3896  4875 11183 12654 18252 10032 11396 13343 14473  5751 15391 19379 13978  1140 16949  8648 13787 15665 15434  2193 15634 15250  7423 20936 21833  1551  3482 20559 18999 11503 10420  7520  5190 10743  6965  9890  3859 10861  5695 12914  9943 19267  7442  4208   484  9569 12908 18925 20499  6801 15859  5346  1005  2179  4419  1270 18710  1171 16043  3449 12114 17920 16169  5114 22382  5186 20924 15653 14902 19562  5799  5421 16759 21581 17234 18653  7310 12745  6739  4104 11996  2183 11831 21851 13727 18049 21385 13164  4838 14242  1575  4680  6055  9342 12344  8642 21488 14997 14746  7126   857 19207 11431 20253   995 10827 22326 19687 19893  3636  8055 12840  7436  1094 18217
 22312  1129 14333  8153  4705  9606  4900 20736  7942  4218  1501 13665  9141  4972 10738 12364  6089 15295 17701 17269  3829 22526 19545  3464 18966 15164  2239 10839 10356 13155 10025 18488  1911  1890  6224 10932 19690  3966 13573  8204  1417  6641 18175 17112 20819 20074 18880  5718 16160 19069 18387 20904   849 18599  1034   928  4253  7965 11269  4015  6102 10730 11351  8393 14290 14585  8881 18778 20128 16921 10225 19126  4712 15795  8802  2125  6020 14800 15572 18046 12366 19022  6078  7987 20703   566 11918 13806 17864  3956 16002 12185 11498 13668 18802  1638 12690 13659   522  8283   766  4202 16826 10965 12839  6156 13380 15237 18182   811 18230 18132 22028  1319 12445  6005 12162 17586  7910 10322  5212 20745 12776 22042 13034 21114  8091  9068  3287  7465  4894  4254 19872 12603 15765  9362 15994   883 21386  8794 12700 15024 17415 10416 10621 17353 22640  9701  9865  9254  1800
 11942 10143  4234 18543  1117  7669  4592  1231 15762 11974  1931  2357 17169  7555 10661 10869  3213   502  2847  5724 21390 18413 17464 19799  5526   410 21213  5940  1362 12277  3680 11190 20267  7941  2230 20083  2169 20445 20117   517 10172  1033 22463  1522  5565  6323 18952  2949  7089  1778 12646  9241 22134 21224  8034  2113 17985  9053 15390 21820 18165  5764 22596 12614  2605 20602  2277 18670  8820 12289 12832  9997 19239 22727 11650 10273  3633 16355  6268 11886 11653  6991 14176    95  9018 17721 17132 17667  5927 18357 14266 20621  3817  7760 21993 19996  5411 11034  7391 19425 14044 14482  2332  9952  5404 14799 15832 15678 12089 21790 13263  4652  6362 15871 22193 21170  9055 20742  8253  8705 19779  9615 21687 11627 15963 16984  6676  2487 14586 15534 20521  4294 20053 21991  2839 13259  5344 19332  2323 20221  8222  3899  2389   128 13341  3913 13987  3244 22705  8306 19967
  6972  1201  3533 10817 22160 22782 11300  9111  9501 16918   298 10899  8917  3011  2641 11779  6935   718  8901  4383  4128 19467  7255 13454 11316 11720  2545  6956 21997  4173 18257 19831  8987  9237 11769 22434 18827 10751 16383 12942 15322  8734 16822 14315 13699  5227 20641 13146  4194 21003  5141  9963  1050 17202  7596 21248 21475 22162  2989 15866 22410  9153 17323  5507 19176  1167   473  5876 13067  1327  5690 14941   725 19699  4020 12457  1751 18461  8621 19530 11582 21034  5107  5509 10411   788  2224 12933  2002  1824 14374 11238 15330 18188  1124 15999 19019 11685 18075 21332 16589 18090 21712 18156  9300 21153  4256  4233 11171 12740   687 18432  2753  2024 14688 16914 22688  3488 16176  3712  6325   735 19004 22383  5089 12871 13414 14944 17746  7664 21161 16874 16636 20653 21472  1559 13172  3012 15091 11122  6912  4007  5443  2080  9588  6042 20436 18433 19841  3635 21092
  1159 11731  2383  8072 14270 14168  7731 10471  2779  8128 12137 19187 11464 14100 20005 13525 15638 22427  3838   262  7655 14246 22128 12817 16090 10250 12191 12213 18636 10629  9856 11334  2015 12085 17522  7908 10410  5839  5036 17095 18316 10524  4032  4802 14121 21037  8506  6758 21299 19852 14488  7216 19150 16821 18872  5372 11827  9464 15867 16112 18212 19552  8061 17979 20774  1264 15748 18745 16790 11091  9637  6970  7042 15831  9926 13743  6145 17961  5816 17804   100 14337   208  9715  9864  1956 20435 15937 14710  5367 13657  8800 14060  3867 12074 22295 19329 10724  5672  9216  4266 14816 14019 14022  7416  1566  7872  7347 11211   479  4816  1957 21940  3731  4547 14993  7111 11140 22477   406 20168  8674  9249  3397  1768 11178 17768  5427 19318 22158  8595 21976  4186  4376  5979  9916  1747  1354 12048  5648 14087 14820 14764 14319  7303 12683 18159  8565 18116 19614 22779
  9476  8124 21029 21416  7393   360 10369 10719  4731  5906  3238   408 16545 19388 14212 21782 13609 20673  4595  7925 16903 10748 21767 15313 11798  2464 19808  4001 21167 14877  5434 12118 16079 15624 19120 11476  9921 13345 15194 14952 17416  3526 17941 13601  9488 17065  4573  6810 13378 11833 18894 18300 15241  4824  4355 21303 17742 17753  7457 16136  2516 12841    41  2082   579 12317 12849  3309 18794  6885 17960  4485  3579   120  1929 21391  7017  4174 14625  8143 11018 12260  1088  2665 11885 16279 12386 20196 13029  1724 10077 18338 20103  7629  6591 18697  9885  9267  9100 14220  7687 14054  2271  2449 11032  1397 17700 19496 21048  1708 14797  4653 21241 22173 19012 20614  1760 22184 11435  3559 11511 14879  5353  5990 12766 12083 15073 18897 17969 16324  9815  9978  8230  1346  7586 14367  4319 13132 14000   462  5325 11830  7678 22268 16343  2722 14052 11373 22056 16815  3023
 10183 12456 20483  2525  9122 22557 21528 21990 15012  2612 18563 14932  8207  4840  9912 15877 21986  8646  8422  2806  1280  5234 12662 20203 14400 11455  8805  1079   862 22730 17982  7984  4026  4512 10103  4556 19767 11959  2906 10521 18864 19900 18202  6447 12425  9272  8069  6391  9529 10255  5423 22107 15163 10467 18439 13391  4673   580  4092  4119 19775 13760 13596  5168  8617  5284 17606 18876 13441 22619  8929 12710 22363 17082  2352  5922 14770 21733  6513 19607 11132 18910 11387 15883  2527  6313  8591  5349 18962    43  9015 14849 10391 18407 18494 22348 19833   915  2888  2392 18716 10558   803  8360 15801  3986  2094  6576  5528 10539  8855 11410  3805 18077 19306  8227 15293  1961 14396  5557 13881 11346  4462  7623  2651 17806 14106 16749 13722 14667  7292 11639 17422  9345 11046 15435  1122 15864 11434 15654 20144 20343  9298 18595  2630  6389 11519 16703  6403 16595 16973
  9941 12495 13504  7408  5632 13179 14591  1754 16331  5321  2374  9953  3613 19981 14262  3129 21275 15671  5281 16302 12597  9565  8793  1834  7189 22035  3312  3196 11424  3245 22369   724 15358 12652 16833 18144 15033  7804  1364  1237   945  5416 13370 18781  8588 15694  5710  3051 18904  3242   112 14420 20195  2157 11876  9081 15139  5653 18584 20560 11212 14086 10293 13684 18519  5771 20254 22606  8097  7373  2726  6134  7758 18829 21962 13425  8690   116 11486 20025 13519  3751  7212  8240 13735 18477 12837  1614  9496  3346  8632 20416 22408 14631 16401  4261 12258 10033  1393 13127  2616   796  6844 14712 19221 19307  2556 15413  9607 11261 21414 11105 20233  9159 18210 12501  7068 16513 20842 15247   105 10857 12006 17307  3345 14476  3013 14947 14073 14030 20814 20780 15560 11630 16196 16889 20636 15396  4124  7304  7722 13273 13490 14740  1402 14229 11527 17063  7273 19730 15973
  5319 18790 13200 16859  3922  6755 19885 15119  7014  8920 13271 21190 18527  9855  9152 10622 17822 15640  6023  1533 10501 22493 12133  5004  6284 21453  5502  3541 22540  6551  4578  7841  2348 18887 16161 19719  8083  6402  1817  7937 17848  9172  2494 20495 16648 15267 20730  7488 19281 12706  2116 14045  3727 20162 12838 17762 21747 14409 17022  5824 12422  5405 14858 15172 16366   486 22178 11526  9515  7610 14498 11941 17669 21929 13986  8308  7087  8331 11086 20148  5679  8975  7633  1568  2558  6918  1732 13463  4451 20302 15753 17823 15231 15160  7594  2735 12003 20224 21026  3229 19021  4010  8130 16590 18160  5357 17872 12732 11298 19772 15933  2878  2861  5376  9181 20795  6658 15272  7733  7896 15214   785  6097  9395 21086 10943  8109 15281 12884 10830  6806  1642 14238  2546  3413  1554 15811 12167  7419  8248  9657 21575 16608  4193 10257 13054  2728 22091 22597   219 11027
  9684 19721  3834 18112  3485  4924   503 20770    31 22391  5342 13985 13167  2599 13431  4204  7885 15044 19118  8844 22186   478 14829  9090 20762 16758 19733 14695 21227 15480  3670  2856 16658 15506  8658  6947 15343 13758  1780 20533 15191 13660 18272  5475 19380  1208 13039  8177  5874  2554 20271  4011   897 10380 21695  6470 14767  3104  1282 20529   352 16873  6035 21631 20767 11713 18184 19845  1722 12819 10315 16932  1764  1022 18250 11552 11163  3749  5607 15129 13090  9717 11131 21809 18764  7403 12201 10087  6421 20422  6128  4409 14953  6515   427 17225  8145 19879 15176  5249  7663  5893  8713 19546  8278  7875  4940  4864 13994 13855  4916   575  9886 17339 14578 10323 22153  9044 20484 22141  7299 11437  5131  3927 21053 19381   748 20440  9620 15518  3338 18286  9051  9777  6765 14439  7744  9949 11110  7223  6667 15926 17061 13745 20847 17846 13353 18883  7605 14506  6984
 17005  9538 11309 18868 15482   642 21195  8874 12066 12139 11283 17281   964 17492  7101  1428  3752 13820 13979 21060 16991 21480 12010  4420 19528 13960 17256  7474 13858 14194 21700  8841   500 13403 20366 19247  2647  1422  2168 21607  8978  9592 19217  6460 10412 21818 16168 13515 15070  5609 20390 21059 22546 12586 10148  5684 11236 15759  9981 15466 19295   103 16511 13015 13797 13375  5978 10106  1178 13153  4602  9380  1693 12854 19157  4695  5864 22281 10346  1429 10472 22014  8039  7232 15039 19076 17752 13467 15035  4729  5555  6143 10433  5492 18724   252 18510 18326 14438 17424 18177 12929 21680  9531  8355  7538  3496  6497  1619  4464  8214 17446  5849  1521 14111  4735 22149 21803  1728 17533 17368  1839 16503  2246 14023  2069 12181  3791 15134 21819   211 15014 17901  6964  7053  8567  8310 18934   770  4757 20558 11591  9409 21673 15056  4533 16048  2099  7996   555   196
 18493 11109  5079  2457 21807  4608 21499  8681  9541 22545 22483  6674  3718 20097 14306 15027  7131 21203 16675  6126  8012  3614 20447  6630 16284  5336 14206  8698  3769  8535  1269 12249  1019 16070  1618 16187  4241  7446  6123 14391  7435  9539   394 10210 22632  3813 18986  8969 19092 12245 15060  1048 22231 10476 16788  1757  9000  7392 17710 21868  9816 22021 15307 20394 15995 12171 13930 19829 14377 18007 22586 19697  5208  4904 20964   418 16817  7762  7701 12535  2167 20165 18000 14513 20413  3411 16454  7338  2108 11722  4377 14864 15147  4952  9185  4097 17466  5817 11319 13377  9851  1786  9908 10061  2587  2021  4598 14943 10047 21282 16081 17644 19572 19443 20989 13936 16806 18214  6462 14931 19884  5225  8865 19866  6155 11033 10980   877 15115  8789  2051  6256 14999 11227  2305 18902 17782  9368  2171 16888  6056 10879 17821  2459  5794 19921  5066  8457  9560  3468  2791
  9481 13879 10231   822  1878 12787 12484 18283  6541 15277 10963 12079 12660 21709  9059 20544 19691  9271 10673 17302   385   439 13857 18534 16267  3040  7281   492 19710  7004 14428 16303  8655 21425  8678  4553  3545 18541 16780  4126  4042 11102 18900 12862 12158 15276  6085 19371  7659 15178  8579  6642 13093  1820 18585 16447 14024 15360 21098  5972  2200  4357 14133 13229  5546  5716 10379 13047 10199 13885 22358 21973  3722 10546 16027 18766 22414  9397 21222 14812 18700 20298  1446   388 20579  5179  7909 19018  1773 16701 12467  8320 20714  1682 10072 10930  4897 15769 17685  6290  7144  1946 14256  7646 13841 12012 16505  4187 17784  4413  8936 15588  1198  7712  5745 16019  8870 12887 22703 12043  9910  1078  6204 16819 13421 10892 14575 16887  5872 12719 15958 20188  4061  7711  1042  2825  8114  6672  4460  1621 22707 12604 22320 18501  9378 14501  8812  3183 18906  7739 21781
  2225   141 20230  8758 20172 18655    55 20201  9966 20500 21698 11050 22553 18602 21083  1396  8880  4646 21131 13884 22356 12134  4321 17136 16825 16405 14199 15915 11019  7268 17276 15000 20958 15432 12630  7831 17656   805 16451 15469  9702 20038  6182  4591  9163 11594 13561 21988  3740 17799 21845  2832  7600  9833  2426 10214   337  5567   527 16629  3325  2615  3417 11821  4238  8693 19584 15650  4009 11507  9745 20612  2006 12788 13243  4236 14980   825 21539   428 22556 10900  4199 10400 20902  5880 15629  3663 21980  6608 19657   614  3809  5459  3700 19510  3967  3190 22209 11081 19322   939  1767 21846  7302 21633 21311    97  4791 22690  8636   741 12254 18974  5332  7564  5706  7891 11689 11142 19349 22729 17874 13552 13206 12285  9177 12155   217 21239 12751  1221 17675 14608 11364 12239  3459 18736  6813 12071  1992  2337 17991  2281 10987  6353  9727 11065 19520 16616 18081
 16630   111 13804  2001  8319 21705 21074 12584  1423 20417  5121  1284 21891 18350  6368   493 13842 17764 18409 20382 15417 11069  2472 16527  9964 11154  5161 21321 22785 18220  7110  3711    94 10192 15131  8726 15156 15148 18696 22599 18881 11407 10668 10914  4295 15577 16635 15841  1901 13333 20805 20243  9394 11441 19555 13337 10780  5903   174 20006  1933 21724  2932  6698 20141 19704  4246  5779   829  5670   383  9169  5798  4115  6326  3971  1443 21942  6484 20652 11907  6540 16609 15149 19048 18623  2865  9098 11015 14197 11829 21860  1035  9849  1617 13323 17888 10557  8596   490 20157  9524 20711 18746 10085  4263  7848 10615 19820  8566 22384  1214 21276  5878 21699 22558 17129  7065  2914 21779  5432 20364  8530 16046 19375  1152  1690 21327  5733  5985  9391 14494 22679 12896 18318  7377  1976  1108  2216 19283 13224 16869   514  5776 12294  3839 20564  4258   699  3069 15093
 11374 18549  8119 19064 15600 19608  5785 18297 16830   275  4016 12647 14314  2606 12878 22113  8007 18608 21683  3785 15226 14026 18582 17521  3578  5045  7080   294  8267  9284 18327 11561  9682 13101  6279 20057  4371 21137 18354 21970  6708 11956  2441  6693  1851   464  2933 18401  1866 10685  3184  9683 15034  8054 21878 11290 22350  8555  2602 20119 21205   906 12678 14459 14811 19896 19508  2026   624  2778 12974 21009 11219 11094 14806 21346 13638  1898 16258  6469  7737 13488 14708 14892  9232  3333  6564 22796 14605 14618  4668 14784  2918  4432  2097  7450 19302 14706 22161 11951    15  7576  2295 11450  1010  3224 20297   109 14222 20138 14949 13193 17579 22165 10092  6356 18963 17564 22567 22715  5210 15584   695 11708   399 18772  1183  3493  3360 12629 13140 13087 18216  1271  1758 21563  1256  7906   869 16083  3302 18905 22232 15726 10442 19524 18740 17125  9156 13123  7924
 20311 14240  2682 13374 21457  1026 22667 13002  2261 20303 15454  3433 20217 15235 22612 12028  4088    73  3175  1873  7251 21214 17059 14425  2028 19071  4257 19436 16896 18308 17491  4488 10976 20853 21280 22088  7648  9134  9296 15308 16236 15488 16406 18171 15796 10486  8862 15423 19969 13373  6345 18768  9112 18886 17027 10545 19888 10023 15085 10063 20313  9347 22797  6920   722 17683 22747  6807  9652 16460 18959  4913 17966 16868  8873   268   257 21455   247 20312 20019  8065 11372  6703 18198  8223  2528  6430  8749  2119 10451    36  9072  7324 15929 15556 18621 14183  7284  9023 16145  9186 20466  1099  4141 18270 10819  6732   609 19096 14389  4244  1102  3611 19568 19738  9980  3588   409 22476   961 11752 12005  6856 17305  1470  2836 10005  1875 11246 16179 11808 10831    34  1021 18289 10584 22636 10062 14283  3844 19251  4372  4094  6939  3074 10870  9482  4635 12621  7242
 17516  8763  7621  8867  1025  8340 22551  9247 13445  4557  2507  1731 14421 10882 11871 20907  4305 21999  2243 21404  2923 18776  3047 11137 12063 20663 13872  3902 19525 10151  5513 18404  6847 11466  6079 12667 11098 19702 20552  2851 11595 16798 14223 21760  7438  8650  1706 17507 11767  8809 17042 22719  8361  2450  7630 13556  6516  3410  5236 22712 10440 13095 14296  2091 21204  7898 18780    79 11177 20448  4657  5231 12124  5885 22069  3887 15038 14363 14867 19162 17195 13963 11901 16652  9278  7923  2699 21603 19011  7530  5500 13733  6774 20839  7539  9790 11215 11877 19414 17154 13382 18221 22303 21975  6370 10180  6558  5339  7620 22776 10510 13703  4714   693  8747 13737  9170  3772 21377 12692 14623  5274 13458  2910  5071  1077 14719 16352 12087  8476 14568  4710 22274 13774 19213 16453 16165  4315 13410  1187 12402 20912  4274  1348  1959  5715 12701  6206 13178  4720 20475
 16828 10146  6094 17618 12768  5347 14378  8688  1523  8811 19652  9887  3806 10034 18036 19505  6508 10200 11921 20384  3019 19813 12204 12980 16223 12634 15346 21678 22127  9734  9542  9901 20045  5338  6720   471 21039  1567  3020 22405  7350 12635 10435   330 18187    53 16131  2377  7343 19146 17177 16880  3307 20340  9234 10138 12117 14383 21307   979  8028 15593 13138 11745 16311 12280  6496  4647  9107  1491  1400  8329 16592  4426   834 14984 20846 14756  9832 16348 12468  2038  6632 13947 12384 14979 18231 21716 10303 11972  4269  7365  1385  9699 18234 15849  1383 12235 21018  6725  9155   359 15642 20881  4099 20553  5562 21431 10828  4565  1206  9931  9874  6025 20402  5810 12804  7653 10134 19256 10220 16164  6607 20588 21706  4906 14177   317 22600  1828 14382 17596 17326  4307  5545  6358  2997 16047 16216 17792 22298  5035  9788  8088 21969 22651 18190  2533 20726  6929  1691
 11270 18863 14883  4723 20656 21992 15776 13217 12906  4069   380 19084  5248 17107  8944 12528 22506  4363 16843  1983 20535 14028  6192 16157  5366  6701 14211  3004 18201   550  6507 22210  8838 16351 14594  5605 21395 19205  8068 20242  8637 12612 20666   236 18969 14676 21764  3462  6378 15496 14897  6946 13300 15363  3968 17113  5676 17936   772 15425 21103 10142  9270 22647 10649  4431  3490 13965 15268 20759  8699 15008 22781 20104  1121  8126 11006 16367 10530  9667 20817  8398 12543 10513 10809 10049 13068  6253  2831  2979 14697  2000  4942 15670  1288  3075 18830 18565  2547 15845 11950 20320 19924  3368  4212 13569  8375 12448  5207  2758  1305  3884   752  4880 12042 10491 13938  9101   971  6273  5886   416 19475  1593 15951 16836 15304 10916 18408 17058  8628 14839 19421 13951 14209 21333  9852 14863 21225 21691  3660 15673 21785  3686 14893  8229  6383 11925  1218  5787   244
 17678 15414  4314 19116  5167  4127  8070  2019  7997 10207  1742 17939  6269 14686 12267 16342 11150  7245 13602  4550  8256 12885  9650  5851  4876 20379  8718  7297  9226  1997 14261  6008  9730 12688  5240  1799 11449  8017 15850 20728 20351  4466  9291 16961  9791  5643 11988  3765 17976  6961 18273  3941 15420  5856 17372  1907 11284 12558  5530  7355 22327 20823 18305 18173 13817  4037  4138 13253 14558  4135  4484 17247 22381 14836  1530  1182 12736 17769  8826  5268 18179 18867 12261   746  1994 16018 18193 20397  7881  9441  1698 11323  2122 22664 20747  6493   925  2173 17173  6913  5564  2661 13634 15153  1829  1895 15528 16962  1763 22431  2568 22629  7882 21174  4879 17676 14508 21387   165 22581  7989 21176 18168 11718 17266 19678 14171 22464  8926 17056 19939 11640  9843 22063  1479 22678 20930 18924  5800 18103 10278 13105  4569 17970  6296 16975  4848 17128 19700  7537  2737
 13891 13009 17984 10031  3037  8036  2896 22109  8439  1154  2783  1153 17393  6542 18944 22451 21964 15779 14970   755 11297  5663 17602  9385 14127 11609  6925  9458  9789  9558  2828   650  7734 10883  1415  2901  1410  9078 16080  7155 11535 21692 11348  2318 18933 22726 17704 20228  3324 14255  1196   717 22429 12038   677 22754  7693 16970  1000  6798 18568  1685 17829 19493 21430  7993 14732 17335 16765  7294  5272 20594 11148  7873  5312 16299  7959  8532 14293  5250  8750   603  9654 20076 22064 17591 15847  3775 11068  5743  3010  2231 14499  9355 21031  9623  4017 20906 15207   460 14699 12383  9834 13021   623  4863  9035 15604 18791   729 10318  4667 16548  6441 14192 20264 22459 12120 18377 14638 20290 11565  9299 11577 14412 13493 10696  4445 10001 18466 17975 19942 21035  2750 13465 14780 10269 12713  4764 21663 19828  9769 10790  4902 12753 18566 15775 13473  2291  9277 14553
  5385 18531  9227  4149 21936 16444  8631 13469  8851 13543 20105 21504 18673 17449 15318 18502 10212 11898  9010 15440 17795 10169  7824 15437 13251 18438   506 17918 11729 13562 13444  3060  3649 15257  9349 21350   229 17620 14928  6941  1639  9668  9431 19726  8132  5911  2814  4247  3618 17110  2419  2517 12111 22605 14098 20109 11024   692  3091 19523 10612  8744  5226 18564  7699 15689  7954 20482 14281 10709 10860 18445  6384   483  4518 15372  9562 19907 14248 10928 10647  3418   563  3403 21352 18862  7379  8271 22572 11160  5012  2853 13464  4025  5514 13230 15225 11474 20028 17054 20723  8537 18131  6232 11894  8073 10328 21538  4386  9533 20096 17258  5300 16137 12482 15192  4732  3954  4891 11712  5258  5060  9336    87  7876  3416 13136  2607  4140 22377   981 22151  1023 15616 16686 17147  9069 19455  7353 20184 14995 21108  2874 20235 11432 17870  5923 20732 16009  5486  3409
  7878  6681  6876   241 20509 12734  3569 20753   361 15374  3667 22529 22020 18098  7748  5174 17479  7270 10973  3776  1735 16770 11053  1009  3632  2620  1162 12116 14252 10104  2384  5996 19433 20285 12176 13330 10213 18958 16143 17711  8297   235 22304  3182 12152  1464  5961  7455  3581  3864  4283  2136 19148  3585 16217 22177  7359 16835  4903  3628  3441  7716 16092  4696  7307 15006 14122 22137  8594 18818  5942 20869 18260 21951 12106 14330 14440 19502 20715  1380  6805 21292  7472 20791  6565 19683 19773  6258  5825  6761  3018 18174 11257 14681 19355  1891  7133  6857 10099 22482 19408 10223 14235 18197 17824 14128 20219 19693  6519 10659 20202 13782  2032  7121  8235 22308  3782  4340 19489  8186 19241 21501  9984  8882 13332 20318  2407   209 15823 10217 20543  9273 11222   260 21714 20154  5965 21394  1831 20609  3590  2819  9872 16531 16270 18545 20884  2437 13118  4869     1
 15328 14774 15513 15862  3376  7230  2266 19968  7916 16400 19732 16384  4638  5584 10088  2812  3868 11076 13732  7753 16084  6054 16673 11386  8189 17572   657 17876  8258 16398 15632 11353  9483 13861  2204 10771 10920 15055 15884 13721   833  7106  8414 21649  4524 12866 15112  3742  1906  2376 18151 14543  8986  5244 17694 11051 15602 13894  6302 12802 14020  7677  2785  8289 15562 11849 13487  7274  7279 22328 16257 10773 16250 19631  1350  9811  8774 15406 11976   276 19298 13336 21562  2212  7787 15189 19930 17115 18604  9737  3704  3354 21442 17841 20323  7795  6406 16615  9604  9709 10995  8549 20492 10421 20547  4920  9862  3666 21582 13980 12873 22598 17925 14426  2303 10851 14671 21805  2570   535  1453 15510   115 16702 14612 14031 16399 17257   343 22579 13524  5468 12052 16104 20131  8745  8982 14056 10829   665  9143  1714 21772 17577  9212  5811  8799  9074  6213 19301    62
 16221 21726 12251  5635  7003  7401 18993  9127  8659 10761   856 12680  8569 21788 10312 16373  4123 13166 15586 17778 11883  1215  5981 12188 19412  3815 12327  1766 14279 12299  2432  6184  9922  1086 22563  5310  5623  6948 15982 22750  4886 14846 13241 14282 16793 18128 19226  9092 16066 14454 22462  6926 22752  5343  7456  3657 14107 14606 16824  3343 22613 11777 14616  6045  9875 15630 18005   102 20999  6066  1238  9919 20069  6771 17451 20941 19444  2977 15084 15675 17544 18759  3367 12231 18176  3277 20389 14422  2867 13982 20414  8019 20855 16950 14939  6248  4053 13145 14786 19565 18973 13328 19228  8651  3760  4306  3644  4999  5057  4414 17673  1259  7430  6087  1384  6006  9840  1403  4461 21286  7367 19871 11546 21258  2511  2551 11586 22672  6063 14981  4028 11651 20649   775  9293  9967  5130 19095  7837   951 12453  5124  2532  5262 17328  9543 19494 18743 13661 20975 12717
 10593 20967 20469 13085  2890 10112 21172  9066  8597  5087 15728 19855  3057   578 10908  9517 21651  1592  2792 17034 21888 10118  1565   541  9490 10475  5702  2102 14789 15681  3907 21444 22634 16647 17708 13956  6933  5072 11218 22696 19232 17913 16420  5014 21369 18579 21191   782  5163 19597  7389 19519 17811 17934 14655 22437 12442  6466  1790 10833 18462 19761 20749 13307     3  6124 21502  6142 10891 15234 10334   307 13854  3726  1922  6963 17321  4621 10856  5910  9447 18650 10611  1893   547 11803 11179 15336   706  1431 18014  3831   920 11411  3127  4081 10655 18430 15852 14461  4506  3236  7764 20393 11725   457    17 14683  9491 20174 10419  7424 19755 16484  2373 17369  5516  4045  3928  8576 22169 20087 22530 20003  7558 22171  3492 22236  2974 10572 17542 13926  7406  9761  2889   323 22062 17576 11513 19992  3444 13390 15834  2047  8282 13747  8323  4147 17040 21360 22594
 11848  7311 20897  7208  5428  3429  9321 22243 18907  9042 15155  2669 11281 10955 21843 22044  9214 13693  4496 17744  4521  3270 12190 15553 18597 20479 18322 12627  7427  8846  2721 11776  6827  1103 10589  9507 11438 14842  9292  4820 15397  5796  4642 10437 17086 12509  9288 15621  5637  1395 15583 14747 18951  5059  4740  4287  8958 19962 20086  2691  8363  7471  9327 21604 20561 14207  8437 22525 15460 20463 18441 16298 17349 17897 18348 12438 19486 10684  6887  1748  1637 15986  4615  3682   238   621  8673  7643  1703  3028 21293  9989  5504 13577  9220  4427 17831 16632 17015 19236  6723  6216 12339 19703 22787  1975  1475 18927 11878 13590 12221  2501 22668 11928  1261  4687 11138  9285 18972    83 12211 22791  2276 17304  2717  3556 17495  1683 20344 12759 22026  8817 13149 11264 19904  6062 18792 19870 20331 11572  7286  6826 16586 11418 11469  6616 12986 19184   449  4441 16119
 18535 11439 10364  5392  1242 20092 17801  3981 17512 10532 20370 11944 11608 20338 10678 19327 10586 16020  5333 19937 11036 12262  4453 14341  6052 17165 19739  7034  3009 10011 18690  2120  6319  5843  3906  5203 20348 20113 19016  7375 15682  5681  8463 11000 18055 15386 13724 17092  3144 16285  5975 19137 10423  7694  1791 18870   436  3396 17370  7738  2526 21392 11910 13655  2391 13261  1581 19406 16944  4966 21413   466  9982  1255 12568  3639  6217 10204 21594  3962  6990  8064 20256 20799 11518 20851  7561  9423  7162  3217 21731 21316  7819 22046 18615 10280   179 12326 20218 20556  9045  9713  8653  4191 19538   154  9537 13871  2336 17013 18518 17295  1827 21941  1195 20056 20633 12835 13058  1849  6839  3167 14070 14284 10887 21357 20916 13511 11062  5722  4711 20952 16941  5164 18569  8553  4773 18551 10314   405 19476 17389  4475 21371 10512   577  5934  2576  5636 10333  4599
  7103  6852 11426  3145 12126  1822  3214   117 13571  6664 14910  7128 13843  4915 20453  3206  7204 13640  6024  2462 21272  2010  2372 11358 21610    30 19177 20835  6476 10617 16224  7177 19500 10906 13734 17016  5732  2346 21008 19153  6686 12687  7966 13453  6394  9174   242 10291  5341 21366  6243 22390  5547 12525 18163  2567  4641 17788 21954  9959  3059  7644   453 19321  2763  4572  3215 20850 15490 10820  2029  4892 22285  9881 16182 11016 20406 21421 17412  7498 20829 14484  3269  9766  9504  6144   756  9838  6181 19595 10201  2068 18850 16587  1084 17714 14048 21584  6960  6605 19335 13608 10616  5773  8839  7911 18614 18333  8528 19680 12458 17922  9534 16506 22133 10717 16413   636  7152 21838 17139  4609 16341 22378  8899 21844  6595 11754 18149 19788 14765  7256 11838  7009  7662 19166 16073 13468 22661  3925  2478  5330 10368  6229 10254 16851 18639  5631 15456 13361 18058
  8581  2005 13619 16096 17740 12932 22284 17921  5760  6863 14540  9335  9965 22468  3615  5933 15066 13720 19550 12479   170 18586 15017  9308  7870 19045 19419 10219 16654 20031  7105  7125 22323 13037 12921 18824  5388   750  7409 19622  1948 12015 13355  6212 20381  7776 21783  9751 20983   689   201  9235  6341  3005  3871   713  7591 21310  9665  2985 17429  4062  9398 18405  5543  3608 21493 22329 11461 11452 21130 15922 14561  5836 21939  8101 21770  3359 14072 16093 18343   212 16954  4478  2610  2508  4494 21420  8639  8076 22200 22799 13626  4944  6060 13779  8244 20929 10561 10422 12250 22102 11923  4717 12937 10329 12452  6315 12471  1205  1186  4215  8545 11075 15520 13249  1908  3890  4389  8299 13320  4483 18468  1484 22108 19571  2942 17497  6487  4974 11649  6294 19747  5112 21093 10325 14441 20234  9882 16731 13828  9477 19544  2708  9114  8254  9729 16010   237 16554 19911
 10985 16147 17906  2698 20678  4554  8795 17819 10182  4335 15210 13677  3842 10137 11254  8578  2886 15772  5551 16653 14654 12852   968 17175 18984  8723 13187 12677 21384 18562  8062 18266  9600 14815 12931 21799  1413 13869 15309  6615 20407 11758 19423  6361 11447  9043  4490 20646 12197 11823 18118  6037  1075   622  7985  3903 12246 11612  3845 13966 21410 21614 10460 12514 20937 11421 19142 19745   839 16103  3696  4354  5665 19253  5007  1233  5383 18294  9570 21110 12898  1148 10492 21813 14660 19712  9421   531 17210  4805  7019  6684 10901  3483 16571 12882  3584 14449  9026  7308 13283  3092 21113  1874  1986 22702  4927  2876 19908  2960 13208  4322 17277  2146 19522  2316 20601 17096  3415  5890  3314 17408 16283  5630  5415 22549 19193 22190   919  8687  5763 19540 15953  7947 12774 18503  9265  4914 11920 10909  2400 16412 16155  8904 18395 17651 13739 13498  2748 21145 12059
 14651  7726   421  3386 15714 17122 11673 21268 11322   160 14303  8872  2757 19117  9416  4259  8372 21613  2314  8469  2379 12516 13850 22573 11657  9644  5047   234 12872  3294  1111 15083 21411  2680 17959 11825  5908 20140 14269  3401  2065 15117 22216 21516 18299  3811  3421 16065 16719 20185 11983  3662 10849  5358 11166 20153  5834 10933 20735 20048 22269  7295  5711 19308 10535  9511  7320 12410  4741  8472 15898 12240  2936 18470  3996  6240  6257  1830  9589 17712 19847 13220  9387 13301  2821  6583  9995 20599 10249 18411 20548  2559 10881  5074 18429 14414 21005 21278  2182 13698 13811 21046  4515 18892  9775  4136  8625 10117  3111 10308 14221 19938 11262  2056  1419  3422 19580  6342 18848  6967  6501  6538  7930 19147 18680  4468  5867  1993 14148 13470 13611 14640 12451  2614  5467 15804 21830 12524 21998 14669 22641  2961 19897  2301 14758  9638 16396 13134 13440 19925 15575
 21589 13272 14254 14587  5173 20600  4348  7383  5261 18242  3256  3889 17703  1699  1963 10218 19722 17878  6379 14234 16235  6797  1547 17613 10954  3551 18920 10330 11366  5542  1315 10688 15661 20240 16526 10619  2611 17465 18440  8079 21555 10259  7006 10847 18386 20595  4982  5034 17760 11145  3086  1818  7370 21231  2818  6606 11248  6007  1666 12416   626 22296  8342  5952 20619 11444 11766 17157  8785  2162 21368  9137 19744 16276 21245 20977  1487 10607 11134 13437 17433  9991   997 13662 19481  4796 17407  3645  2074 19091  9726  4110 17793  9356 21985 15245 11902 16942  7264  1801  8995 22071  7846  6318  7388 17338 10414 10165  7233  1705 11214 18547 17820 10081 20955 15976  6320  8828 22198 12183 15879 11344 20769 20362 18261   709  1928  3612 12046  2770 10155  3654  4785  6973 17958  3571 16077 12160  7143  7691   942  1266 21446 18843  6883 20990 21600 15364 22439 21426  1664
 17698  3513 21259  7366 18684  7250 13537 13505 17875  1653 18349 19991 15080 21634  4559  1062 18274  5389  2807 18618 21078 11157 13999  6596  3715 15028  7626  6194  3163   172  8257 18375  8262 11226  2114  3605 11668 13256  1785   767 22289 18427  4941 11207  6666 20539  6365  5594 14977  5850 17540   855 13411  1368 11957 11792  4285 17681 22517  6673    72 19789  9603  4761  8020 15789 10666  6034  8779 12216 21079 20503  3272 13449 20988 17691  1930 16429 15792  6763  8475 19473 21576 13968  7139 15507 13767 20305 20987  9918  2491 20628  9746 21476  2940 22746  6923 17204  5013   846   272 20578 11793 14474 14355  5259   456  2552 10583 12865 10660 16214 10115 14009  6415 19783 22376  3120 19993 22228  6903 16475  7496 11419  3969  1252  3737 17315  5080 19723   291 12334 20973 18625 18520 12058  2866  8825  8115 21315  9145  3054 18089 21765 15238  2202 12968 22388  3714 15807  5957
  8142 16063  5821 20061 19601  8914  9707 16198 21963 13466  1560 10316  9720 12781 19977 20827  9673  5084 20461 19309  5337  5943 22204 11253 12031  5273  3041 13151   261  5795  5628 17850 17659  2143  9450 17292  3673 15108 14042  1972 19387 16004 16293  8165  7588  6151   777 10258  7540  3083 15290 22081 21434 16760   763 13568 12330 10311 12927 17463 12777  6859  6954 16403 12904 19362 17356 20980 19743   372 12215  7624  5580  5189 21885 19066  9004 13405 17649 11826  1251 11436  2086 12108 21802  1752 16958  1686 15122  3261 12598  4733 13696 15132  2244 16316  3326  5350  2671 11872 16614  4217  4019  8098  7226  9578  3553  1745 18170  2903 11043 19708  9771  4799 17729   831  7015   860  5950 18633 21643  8370 11783 10119 21242  8305 10190 15405    58  7443  8894 10008 20496 11647 14334 15566 15637 18478 18320 16867 22220 18301 21178  7138 15121  4228 19881  4391  8443 16522 17385
 16718 22167  1333  9711  2663 10071  8404  9197 10489 22478  9084 10610   544 20095  1588  6981  5511 14462 15339 11378  7697 15781  7071 15890  7582  6796  5641  9213 16617 16078 22055 18654 18039 21221 19089  9970 19085  2438 18895 10769 21184 15821 20519  7774  1876 18979 15329 21619  6845  5011  6146  4368 14404    98  4889 14894  2268 22628 20568 18507  4622  9403  1083  6472  8660 21690 21735  9803 11279  9602 15733  5569  8314  8401 18699 12971  5709 18857 19720  6471  4658  5629 14530 13952  3146 14456 14345 20490 19979 16882  9969  2034 20974  8714  4043 19367 15299 11201  6914  1935  2256 18366 12362 18419  4423   494  1645  5889  5748 19266  6731  5761 21899 20921  1905 19200 21056 11774  5156 14639  3478 21374  1139  6360 17205   742  5540  8381   886 16357 21314 20197 14268 22537  2548  1344 11913 22649  4721 15269 20150 14384  5048 10384   149 14538  7374  8085  2689 12799 15378
 15641 17109  2159 12559  8564  8497   441  8993 11412  6568 10345  3279  6539 13368 18363 17808  3920  7124 18082   376 20593  8379  1174  6191 18070 19201 20760 20199  4481 10670  7788 12078 13383 13195  9814 19794 14132  2430  1115 17646  9036  6129  6784  9117 10978 14012  3793  7926  6584 10453 10285 10208  6219  7330 20439 14219 15298  6407  6230  7869 19954 18167  4645 21177 11954 12930 19785  2937  6352 21208 13701 16900 13807  7147 22385  9695  3249 19328 17214 12088 14847 18834 19795 20538  5701   189   125 12238 22032  7665 21408 13156  1689 21464 20241  1749 21084  3598  8964  7248 22758  5175  4780 20570  6602 16195 22422   900 10823 18828 19341 12816  3006  6985 11963 10340  3426 14898 16363  8003 10934  3159  8362  3347 20942  9452  7692 22663  8845 21965  3473  5109 11317 14937  8562   582 14581 22309  3566 14757 13329 13673 14110 14873  5895 12965  6185 16364 13529  5869 13267
  6520  2344 20733 14549 15173  7329 20905  6781   973  7867  4031 16212  7506  9191   828 13191  1082 20388  7807 22767 14652 18450  9825  4179   396 20355  7575 20246 14095 12353 19541  8385 15428 14305 20826  5703 20459  4040  9173   142 16747 11210 13154 16310 19685 15102 19727  3583  5786 11662  8326  3708 17487 19181 13287  8730 10565   651  7551  7188 16023 19287  8526  5686    74  9467   407 12793 19842  3227  1644 14584  9357  2208 15048 22112 18675 14848   271  7768 21089 11659 12293  6696 18552 14068  5993  6554  8708 20237  8989  8196  1974  3693  1041 15903  5044 16376 12962 16861  2911  8239 16479 18715 14996 15529  6183 16530 22770 13395   991 13480 22415 16541 18446   455 15639  4280  4768 16695 15037  8354 11216  7862  1070 15113 13904 22188 12271  4276 15340  2329  3094  3497 18346 11181 21415  8858  7802 14467  1477  5877 21028 21252 20943 18240   398 19835 19854 15662 15228
  2154  6747 13769 16603  1390 15984  8556 10371 13672 16175  8368  8557 10462  8194 18347  3465  8521  2236 21842  8836  3823 11737 13860  6656  4560 16524 13888   324  5971  2751 15924 20068  6556  8127 19827 17630  3701 17696 13792  5668  3264 15738  3472 13579 19556 10534 19426  3189 20680  7614 22262 21038 11539 11735 20978 15745  2929 17076 13065  9860 13846  8712  8369 14707 17702  6027 16007  6945 22322  1513  2482 18130  9780  2388  2130 15608  7179 10855  9506 15923  3461 17243 17163 21671  4380 12987 17803 16194   922  3313 21530  2998 15950 13541 22710 19002 16369  6285 10060  7834 10039  8388  9104  2275  9250 20670 10363 10294 13765  7228  1012 18287  5247 12653 12178 12363 13629 21329 17047 18619  3164 14745  9845 10772   851 13723 18637  6125 19918   570  6816 11542  2013 19462 17737 10297 18967 13784 13057  8510  3370 14053 15259 16213 11489 16708 14089  9612 16054  4006  8265
  2958 19587  6344  5549 12712  2418 21950  1941 15023 13522  1651 17280 22531  4404  5634   690 15254  4648 21406 12515  9390 20648 13152 19478 19216  4683  8592  2542  1859  4803   338  2714  8016 22602 15015  6504 17633  2676 14071  9557 20931 21711 19677  6439 22735 22192 12973  3439  9968   221  4038 20491  3898 14604 21033  9568 15389 14593 18017  6849 16986 16338 17529  4151 10186 14275  2213  9082 15554 13599 21886   214 15444 14471  7382  4724 12738  5518 11440 17854  4535 22365 12741  8408 16551 22122 15829 12436 12146 15341  7257  2833 15075  9128  4662  9674  2362  6726  2460  4298 11054 19020 15547  9576 16562 20425   529 13678  1556  3938 16977  3358  2429 16100  5070  9994 18321  4786 13528 16044  3936  6267  7609  8561 21648 21836 17330  4029 16714 20040 14523  4614  6998 14936 10568 21934 16407 19836 14983 18878     2 19521 10358  2740 13822 18767  4519 13728 21978  6791   381
 17541 17062  3275 17832  2263 19629 16638 11687 21495 16989 18856   663  6057  1372 15081  3171 20430 20050  9759 21253 17240 16005 19765  8191 13944  9642  2842  8077 20464  1511  5395  5016 14869  4459  7178 16385 18580 13088  2675  7183  3148  4444   697 13292 20618 13516 20651 12450 18893  7668 16601 22074 14113 13363 10728 21812  3143  4182 18205  1249  9826  4706 16295  5311 17220 16094  2454  8831 10398   282 11667 11851  3031  6382 20041 19903  5561  5822  4854 21370 13521 12411 21289 15419   635  7521 15097   584  6477  7129 22203 10102  2117  5314 15273  5624   302  9971  8436  9631 16794  8023  1681 20818 10872 21728  6092 15693 18838 11224 15833 16761  2347 12897  9268 13352 13185  5999 16015 10782  5601  9439 14487 11991  9614 14153 20176 16242 20945 16190  5945 20125  8232 15197  9649 13690  1059   885 14831  5264  9687 11822  3097 13162 16234  6521 14392 16841 22582 13651  6231
 21791  9556  8572 19243  6619  9827 15571  7843 20493 22504 17045  9998 13448    33 20801  7415  3447  1973  8590  8496  4917 11100 11744 11549 19376   562 19596  5589 10140   655  2393 15856 11677  8346   425 13481  7318 13201  8513  7778  7934 17038 20433 10950  6999  3108  2141 21682 12805  8842 11655 11634 10051 21230  7140  1248 10275 11003 17556  2500 17980 16233 11470 16656 12067 22578  8860 16948 17615  5022 12136  8086 16327 16928 14805  3481  2565  4912  3448 10149 11809 14302  7815  5791 17791  9546 13989   546  9516 17270 16713 14787  3869  9295 19463  6418 16682  5456 19242 11172  6812 10306 15701   280 16166 16264 20864 10779 12097 11967  9670 20662  6682 17723  9426 15754 11922 16287 18603 21824 19749   569  2031 17345  3694  2474  7254 13447 11789  1535 15171 21650  3467 13726   373  8205  7958 20275 11524 11371 17263 13620 13282  3007 20405 22733 13864  7756 10202 12994 19586
   132 15805  2245 11204  8100 21466  3480 20156  7120 11982  4959  9461 17739  8294 22671 15270 16987  9489 19136  1811 11904 17170  4814  4619  1787 16893 20412  9238  5898 18875 13582 22004  3736 20226 17392 10760  9907  9839 20860  1378 12825 22587  1300 13534  2585 13076   589  5621  7922 10938  2434 20064  9870 14108  9224 18825  5783   761 11856 10644 20914 11598 21016 11120 14828 16466  5977 12002 11031 11945  3521 14331 17237  1632  3993 18162   288 11580 14486 13711 10784   355 16990 17336  6662 12314 12492  5827  7229  8976  2386 22368 22646 12936 10620  5371 16660 14589  6115 17101 18035 11875 18183 15928 20088  9210  2199 20844 14085 13824 18727   227  3807  9630  2741 13199  7811 15436 11235 13175 12473 14446 14570  6166  7577  2103 13048  6189 14198  3647 17949 17430  3117  1590 19513 19339  9326  7720 15500 17469  6237 22280  7437 21852 18985  5315  7309  8587 18882  4534  7562
 15727  9203  3187 18092 19384 21968 18045 19933 20580  8462 21164 14193  2133  9006  8050 17757 19427  1925  1945  1416  7900  4100  3942 19347 17510 20689  8390 22570  1796 21537 12913  6101 16670 13409  6617  8290 10671 17937  8415  6766 19814   903 14838  4382 15094  7150 22221 21362   707  1085 17743 11230  4430  7599 15246  4493 10505 14950  4872 10846  6820  2025  5727 19077 18990 14084  5804 19212  4255 11014 13548  4859  5959  6996 21378 16591  6959 16567 15183  1971 13435 10436 21629  9443    80 11357  5400  4807  2486  5051 11345 18071  5040  3113  5326  6068 15040  4979 15836 19856  6251 13170 19758 10059 12020 13692   175 22445  8377 20380 19959  6936  4828   749 10651 16108 18816 11841  6523 14166  6058 17454 13460 10551 12069  5737 19131 11937  1363   762  7288 12304  2084 20918  7956 16392 19400 13531 15542 15068 20956 21564  9750 13238  1819 19063 21551  8671 12749  9672 14155
 12522  5625 21309 14933  3207 22513 13342 17354  6586 18515 21995 17813  2927 17228 10483 17964  9340  1232  8164 21235 10382 18487   830 16623 10835 16732  4265  1688  3546  5926  1361  7938 10267 19582 13004  9243 18640  8043 10466 11307  4827 12316  5750  1624 19192  8366 10876 18859  6704 10904  7957  1291  9902 20067 16486 22362  8392 18421  6396 19140  4264  1538 20959 13895  2784 10243 22458 16269 20039 12365   896  4576 14545  6896 12707 13077 14659   520  6579  2530 18374 13683  2966 10603 14958 13650  1784 18522  8210 15897 13339  5154 20692  9024 12008 22424   774 22638  8544 22085  5777 12337  3078 12466 12388 17816 15734 18749  7172 18119  9760  1661 13091 14522  2668  9693 11010  4829  6855  4948   148 21776  9805  3536 14962 13245  4342 21684 14055  3819 18968 21621  7269 13236 13523 19122  4923 10205 15965 19551   365 20360  5323  5991 16940  3404 17592 22692 11763  3795  8486
 17303 15146 20136 10469  4775  8150  4611  9738 17652  9005 21715 16796  4815 12113  5090 17650 10270 21541  6041 19658 10095  1106  9782  8501 11765  9495 11123  6239  8246 18288 15217 18150   662 15154 17395  2207 15735  4350  5050  3107 11520  5419 21486  2864 13258 20566 12398 19174 18435  9605  6772 19279 17594 17836  9178   864 18263 10234  2473 18365 10500   611  9132 11471  4531  8859   571 17248 13933  4882  6690 11532  3398 11696 10458 15703 20882  7441 14457 17634 14834  7803  8374  3286 16528 16733 14727 15935  4240 15974  2284 17037 16358 14823  3455 11637  9503 10302 15699  6643  7927  3690 20862  8612 14948 11365 18731  8505  8182 20332  6154 19203 21338  5445 13877  1272 18853  7091 10098 22527 11969  9261 21552  7649  5008 15826 10754 18410 16570 19052 13578 11306  8424 11892 14037  1254 10388 15798 14386  8048 17087  1743  4150  8924 11039  8996  7277  9432  1979 14135 14887
 12910 18823 11874 13008  2273 16461  3764  5302 19068 20828  4938  4582 18472 20042 12605  6138  6255 13666 12032 11007   232 19039  7013 17720  1808 22036  5657  5775  6707 17569  4390  2543 10154 14840  3568 16394 13277  8897 16263 18717 13184  4566 10580 16863  4057 14241 14433  6367   845 20867 10635 13020  5359  3672 13205   711  4679 14452  3595  9609  2241 14611 20399 22373 15942 17025 18052 18491  4703    77 16574 12733 12666  8026 10873 10694 12778 19766 21022 22355  2643  6161 16415 14793 19093 17885  5534 18290 17035 12579  5673 10292 22523 16088 12631 22669  1746 15908 21681  4967  2492 13916  7027  8480 14369  2148 18801  4396  6792 10816  8784  7912 21129 21786 19876  7005 21127 22114  8107  2055  7608  5202 16907 21738  7420 13392 22725  4336  1281 10715 20610  9354 15399 10838 16979   504  6593 14974  9396  4334  1977 17041  4239  4551  1927  9038 22266  8353  5891 16330  2907
 22627  4510  1342 15058 11642    96  3039   526  5606 17595 16329 13729   852 21549  5932 21514 14332 17098 12174  3344  3402 14718 18755 10378  4410  8752  9793  7182 20589 17097  5768 22156  1584 18971 18800  3071 16308 16619  4722  7173 18787 12206  9339 21717 11993 11533 14520 11530 21271 10242  8440 19892 16029  6252 18915  9289 10158  4809 22057   572 16497   167  6081 14541  4819   256  3912 11096   821  7447 14907  6463  1650  3076  1369  5305 13794 19875 12721 17405   804 18644 13354  8376 18983 13237 18705 12954 22206 11845  8021 11453 11231  8720  4472  6866 14704 11863  8063 18578  9263  8172  9091 19424 16207 12641 17249 12916 21011  8266 20731 18057 18842 20813 20142  5283 19464  8600 12156  9375 18099   202 10689 10791  9433  9404 21916  9328  1654  2782  8405  9792  6811  3142 11165 10261  9945 15581 15940 15785 15208  6888  1711 11578 15111  8333  7132 16649 11496 15465 19178
 16172 15603 13304 11184 21753 10003 22040 14390   110  4617 12462 12390  4522 13357   314  4911 12642  7986  8173 22012 11719 20250  9188  9778  4845 13106  7743 12418  7617 12815  1229 17627  4884 15614 19913 17917  1466  5462 14335 12287 18233  6457  5677  6874   715 21837  6398 12001 16730 21030 21433 20473  3893  3854 16201 10194 20079 10640 15724 20339  7581  1570 20517  7921  1222 21796  5256  4054  4681 22704  8162  3475  2744 15198 21287  7323 13248  6822 13574  8776  1332 15357 11847 10922  6261  8452 18891 14969  1096 16252 17178  2077 22773  3502 11237 15101  5728  9310 14871 15606 12352 14130 12969   681 20697 14041 18397 20775 20442 17235 20508  7190 19005 14754  2004 15855  7988 17641  4406  2390 11293 11305 19007 10228 12488  4643 18975 10496  8761 12163  3029  6850  8431 12989 14140 11203  9050 12842  3506  2096 19577  3910 21359  5024 16346  1359  4398 21356  7118  4794 21742
 13712  8413 11987  9236 13289  7428 13225 15512 16811 10597   809  8247 13592 21609 10041  2659  5948  8751 11493 10020 22507 21010 16228  9223 10741  3292  9742 11425  3577  1468 13262 13120  2349 18013 22202  7491   912 21850  7786 10185 20487  2306 14213   299 22101 10272 14322   982 12483 14224 22433 19352  9962   757 18087  3352   300  9677 14923  7833 19801 11543 18497 18376 11491 14559 19310  6405 14188 16971   197  4220  4798 15079 14510  8616 16751 18384  9830  4555   283  8287  8533  1331 22360 20948  5688  2892 21624 11795  1143  6436 19461  8574 12724   704  7584 19675 10596  5687  8008 13050  3514  5017  7563  5905 15422  1133 16771 13625 16243 15690 15400 19561 19428  7340 12902  7597 14792  6700 17963   465 12845  4760   155 19509   754 12567 19411 22565 21544  7348  6443 11749 17584  7977 14550  1013 22432 12869 18143 11828 20706  6160  7253 21641 17574  9525 22106  5309 18609
 17536  3335  4928 17852  2319 18043   564  2747 16860 13147 11816  4688 16728 20755 17547  9741 17008 13394  6987 15537 12868 22595  5992 17689  1668 18890  7007 16775  7117  2718 21066  7158 17772 14851  9621  1958  7634  8010  3141  7715  1365 12104 17954 19139  9039 13502  6951 13527 11619 21339  4018 11477 14365 11614 22793 13190 21229   904  6882  9549 13171  5096 22471 16006 22017 12881 12611   644 13035  2976  1673  3070 19390  9123  7061 13814 11839 15934  2972 18034 20403   963  2081   998  8357 21210 11415 12349 17003  9257  7051 14509  2118   511 16789 20960  6327 21675  6486   950 15780  5086 21656 21058 15894 21226 22260 10781 21595  8044 20278  7886  6281  5122 12417  5769  1136  4998  1578 13882  8345 17610  1418 15045  8397 16542  8412  4937  5128  9135  3788  5010 13028   965 19331 14258 17802  6369 21588  9802 21829 12536 18694 14666 17915  1555  4832 18822 21890 22756  4852
   358 20232   255  8004  4072  5820  1312  1220 22212 16439 14431  8710  1408 12481  9297 18741  1860 12756 20677 13286 16837 11654 11862 13513 16650  6868 19901  8854  6131 21744 12464 10575 21900  5285  7865  4311 15631  1287  2760   957  5482 22533 16492 15026  2215  2397  8626  8304  2975 15611  2109    27 12282  5645 17523 11433 13116 16313  4491 12984 15939 18558 10086 12725  2121 10083   668  2884  1060  1761   296 11194 17094  4957 20933 16787 10842 17229  6821  5744 16204 19133 12737  9721 22278  2131  8852    57 22792  8181 17365  2488 14451 14966 15009 18844 20643 17484 12956  7527  7094 12050 22022 21615 21534 18124 13017  8238  7298 20427  7210 15930 17546 19891  6530 19570 22743 14463  9513  7826  7991 16200 20682  3299  9655 12093 15449 19734 20018 12779 10961 17532 13142 17524  8272 22100 15549 16031  2178 18687 10474  8585 20428  4626 13546  3452  8291 13030  4855  2219  1723
 18929 20054 20396  5920 20334 20059 18277  6376  8479 14046 12115  9688  8798 11333 22059   320 22801  7515 22347 16016  6347  7840 17019 16657  6480  3683 10927 19810  8619 10682  8104 13736  2366 10663  3908 13461  7740 11173  1377  5647  9647  5377  2134 18753 13025 18858 22314    84  2229  1490  5447 22191  6445 12505 21095 15087 19240  5907 15977  6978 12527 22111  2858  8609  2174  3072  9669 14988  4620 18885  6322  2683  1564  2648  3430 18276 10052  4958 10924 21422  4449  1069  9835 10799 16831  1812 13970  1161  9401 14735 13215 11129  2855 11468 17869 15797  8686  6011  7206 11199  5219 19689 10415 19774 21586  1552  8448 17805 20972  2555  4286  5177 12276 20296  4947 20356 22786 15846 13823 21427 13019 22313  8679 21871 11581 20938  5116  8891  7104  4670 12435  4994 20546 11446 16909 10123 13652 11107 21784 11660 15030  7114 17722  1345  6665 17396 14247 12658 10725  2550 19853
 11223  6589 13126  1173  4804 21694  2286 16934  1709  3395  8002  2738 17053  3077 15516 18223  9663 15736  9322  4337  7099  7522  1669 11715  8488 21064 17903 18232  3847  4271 20545 12129  2135 13079 13555 19160 12997 12145  8303  2700  2561 20374  6688  4080  1304 16297  2170 21827 16289 10948  9493  7470  1721   701 20111 14525  1755 22461 12138 13066   815 10556 12496 12315 11095  8980 17143  2176  2598 18994 13082  8684 11118 19099 11906  9225 21183  3151 20175 12990 15530  4513 19342  7932 14444 20758  6033  4742 22341  9040  7211 15314 16556 15685 13183 12241 19410  6670  5451 21124  1318 10815   819 16791 20082  8148   434  7919  6733  3081 20679 14861  9219  8519 10645  4176 17021 20193  9239  4907 14492 17859 17573 18030 13627 12531 16510  1932 13180 21308 12674 12389  8494 16210  7261 11645 15794  6475 17724  8525 16419 12754  3691 19119 16734  7200 16778 15771 15766 21570 19479
 21193 20998  7892 12704 15013  1002  4693  8906  7505  9773 12269 16380 11326 22123 21344  4997 12090 12075 17671 14590 14226 17223  7690   954 18361 17406 16687 20213  2573  5597 15844 15181  2762 10517  3836  7495  7625 13381 18911   519 17462 12820  3186 20081 10845 14267 11946  6735 14096  1223 16663   751  8149  6944  1213  2293 12548  3231 13235  5848  8000  9344 12072 18463  6833 10776  8391 11813 16995   641  9635   679 11628  2196 10485  2105  6292    51 11900  6793 10810  6195  5586  1628 15344  1595 21957  8961 14924  8547  1553 14178 14775 14432 22317 22711 20411 20702  4195 12404 22713 14057 18750 13977 21553 11671   838  4971   615 10648 15705  2765 16449  8762 19887 20336 14001  4625  6992  2285 21451 10289 11144  1802 14574  8134  8260  8792 14748 17603 18133 16529 19078 10365  5184  5617 17253 20033 19692  1406  8049 20391 16812 21746  7050 15443 13084 22795 15989 14841 20266
 16261  3280 20377   239 21418  2228  8500 10425  9696  8081  1184  2063  6750 13265  8834  4330 12518  7001 22305  9884 19112 14338 20207  2504 14682  6018 14504 17797 12357  4000  3607 10271 17071 19110 18302 13545 14503  3162  3310 11680  9587 22633 18373 16980  4284 11080 15196  7570 11285 16082 14874 16862  9776 14850  1880  3153 16939 10890  8407 22093  3992 21599  2059   223  4726 21853 16183 18922 11914  5719    66  7627  2312 18385  7237  8611 17435  4588  5819  9061 20183 14565 21777 12711  8129  3563 13709 11186    45 16271 18324 10361  6355 14430 18831 10734  1596 12895  1093  3052   666  7122 19483  5103 13780 18598  6919 14715  5102 16246  8918 13389 18142 16689   435 20534 10320 13697 17226 16897 17815 11989 21477 13762  2608 14325  6962 11101 12697 17325 22233  1902  4381 22159  2913 13538 17420 16742  2387  4049  6687 12947 17654 21171 16678 16281  9861  1217  9182 16566 21887
 17908  2413 14776  2129  9208 11936 10300 11369 13059  2328 10699 13110   508 10805 14017 20456 10953  3241 22610 16153  8950 10161 13244  8275  3616 13598 22488  1777 17986 17707  3016 11273  7201  7070  4988 11613 14105 20333 22798 12599 16238 22522  9915  4142 14142 20501  1944  3375 16840 16423  5340 16968  4105  6426 15151 18293  9586 19576 18938 19456  6830 15472 20292 16239  2534 17390 18483  1414  5287   673 17657 19237 19786 21823  1969 21701 20582  3544  3503  5882 16785 10240    46 20210 17343  5664  2115   930 17051 11576 20121 17662 19106 11962  2467 22344 21249 11164  6886  7705 13081 15579 22401  5523  9175  1947 10912 16038 17664 13348 15837 16920  3393 20180  3901  6594 20204  2106  1921  2625 14562 10630 14011  1503  2522 10982    89 12750 10935 22339  1037  4918  4777 12341 15580  9052 12144  9676  6838 21937  1847 20512  6626 15168 12870 18865  3562 13075  1285 14351  1837
  6502 11103  9454  3814  8159 10152  5831  7305   946  2027 12091 16277  7175  8984 19956  6416 17554 21175  4224  2687  3905  4676 17108  5883 22043    78 11938 10377  5947 14478 19559 15853 12824 22467 14237   969  7314 22521  9331  1051 18945 14634  5307 19964 15404 15561  4543 17886 15546 13567 19825  5104 16842 12431 20550 22406  3778  2137  1607  4111  4925 18195  3800   656 21180   159 20182  1244  4835  5000 21883 11623 16578 10595 15948 12374   477  3803 18803 21454  9199  1894 16878 14018 16726  4523  6293  2566  1230 14700 11302 12504 17709  6613  5396 21778  6818 15763 19101  6636 12195 22082  4232  1135 22788  1569 20488 15590 16892 21256  4883  9583 21073 13694 21155 19635  4678 22693 19074 11573 15664   391 22332 17259  5228 21301  5120 18977  7602 17153  6705 16750 11277  8324  1627 21898 19682 11915 16969  7207  8960  5505 19986 12490  3603 21348  1926  4634  9641 11272  2637
  3982 19393  4627  6190 20746  6752 16290 11949  2991  9485  3821  8465 21512 13212 14317  3580 14814 16669 21870 13649  3917 14495 14738 18996  1367   787 17413  6853 17938 21017  9807 19673 21510  3219  4846 15659 21626  2796  8184 17453  9363 15564  3315 11603  8963  7407  3525 18671 14675  6553  2664  5894  3066 21669    59 14592 15601    71  2481 20310  7241 15712 11143 21440 17443 19234 15025 22591 20925  3777  2425  1537  6889  5682  4887  2662  8767 16067  5158 10282 18657 17286  3597  8985  7858  5453 17358 17477  9522 19914  4120 15752  9999  1663  4822  6828 19973  1832  5094  6162 19469  9510 19065  8336  9279  7857 16924 19941 12782  5966 16442  5053 12096 13943  5331 10454 20824 16278 15737 17324 14027  6597 18281  2811 15559  3032 17734 14945 15244 18476 12512  2584  1412  9911  6966 15633 19325 13921  5548 20792 19344 15655 13917  2600 12013  8746 18505  3699 17383 21277  6598
 10335  3669 12196 19975 10508  6548  9818 10310 16231  7598 14372  7497 17300  5224 18589 17668 16101  8863  9022 19681   798 22698  5797  5757 22621 12279  1240 15366  1788 22340 17267 17384 21456  3015 10434  3820 13278 15317 20062   107 15499 13680   124 16188  5009 10826  8610  4098  2673 12335 14859 11679  8676 20832  7425 19249 15702 17135 10837  1356 21925 15840 13687  3739 12394 21822 14458 13889 15717  5062 20630 10874  3489  8814 14724 13260 18557 17471  4155  8931  7933 21393  3723  1904  9457 10252 18770   177 21869  3387 13202  4361  7920  4525  3329  6823  2048 12727 13971  1792  6629   936 12172 17085  1267 19196 21505 20712  1239  6994 12446  4063  1646 17203  7452 17828  6002 16336  6803 20274 18689 18693 12487 17900 18018 12576  7454 15345  9444   696  4587 19741  1125  6235 12025 18556 13207 14743  4103 20808  9526  7490  2123 21096 19805 18312  2292 13033 13247 13092 17193
  4471 22423  4418 19472 21207 16142  3109  2912 11501 13042  7835 14158 18808    19 11055  6640  5171  5619 22624 15289 20094  2908 17459 21025  8224 18400 14772 15777  8067  6121  9311  6494 15815  4751 21515 13176  1512  1014 19179  5506 15487  4448  6103  1149 12054   924 17716  9428  4800   739 18249 22604 14917  1672 22379  6740 13587 15199 22214  4881 22480 11482 15817 21312 22370 20522 19858  2899 18399 10253 15418 13770  5153 19982  7362 19606 13973     9  7400 21260 17301 13474 18789 22239 19323  3147  6938 19009  8743 17239 18607  2191 15356   807 20965  6880  2334   366  6628 14160  7341 11381 22182 22765  9917  5470 14165  9110  3885 13406 21509  5792 16637  5027  7755   192 12259 18677 20123 19413  8601  5205   374 17766  1290 16430 10402  2396 16436  7863 13886 15352 10966  1493 16427 17030  4458 18667  3750  4504 18040  7889  4184   935  9878 11917  2716 10762 12396  4401  1985
  3295 11294 16397 10886 17004  3870  6879 13553 11648 12682 15481 19087  1679 21126 20231 18166   392 18719  1939  2003  3340 10731  9318   400 10858  3364  9392 10905  4996  9160  1734 11975 18730  6065   794  8249 17962 16766  9206  1783 12891 19667 20586 12807 10690 13844 11330 16972 18235 19334 17481   956 17863  7238  4977  4571 18218  9130 19987 22060  7552 10662 17735 16645 15672  1771  1110   510  7093  6234 18337  1872  7321 15427 17693  8538 18630 22180 17216 16781  7494 14216 15020 21961  5639 18532  2635 16890  2033   840  5218 11191 21405 19224 20415  8780 12220  3220  9190 12552 16597   610  6559 12979  8539  2983 10076  6202  8280 13998  9869 10170  6563  6711 14313 18663 20661  9619 18575 12180 19807 10919  6489 19679 17089  3759 18928  4301  7327 14598 17359 10009  8031 22393 14629  1328  8691    20 18323 14443 12790 19863 20848  7703 11529  4353  3984 12752 20283  9240 17387
 12831 19742 16064 15109 18847 19880 19094   329 11602 17539  5295 22140  3351 14350  7220  5536 18691  2579 15022  2775 15885  2944 11644 13298 22310 17381  1039 17490 21632  6848  8875 12610  7399 16097 11111  6199 22238 21573  1303  3857 12443 17585  8276 10342 11919 17480  6675  5426 14975  6614 19750  6517  7095 21474  7569  5137  7113 19634 20878 16762 22534 12590 21116 13880  4654  1730 16690  3651  4300 16704  4375 18101 16359 21952  3420  8694  3365 10090 18931  1613 16496  3789 14271 13399 18854 12412  8373 11472 17219  9167 13074  3428  4561  2917 22144 14078 11405 12449 10642 17218  4066  5559   559  1769 18453  1434 15483   959 20865 11890 11575 21319 20587 11799 21523 21521  9047  3561 13005 14287  7112 16202  3535  1097  8233   933 17835  7044  5267 10438   210 19906 18987  6861 12387  1032 16378  8447 18076  4857 17212   733  1144 19848  3341 19670  1347 21162 15768  4316  7402
 14878 12747 11678 10952 16593  6107 17706 17677 20563 11327 19735  2601 11308  2509   790 17199 12169 12381 17289  8489 11071 20452 21045  2126  7845  1826  2073 10972 22503   613 13670 17141  9572 20565 10246 16208  2780 22247  2752  4909 21989  6722 13992 11541 17842 20026 21758  1608  6265 10168 18855   195 13706 19364 10296  3741 13618 19843 15722 18774 11093 16024  2829  7287 18192  2250   585 15563  8160 14180 22041  8218  2623  7195 21761 15016 11151 10910   953 11728  7336  2734 19752  4945 11070   576  2681 19407 17010  8403 22502   847  6864 17074 20372  4197  1684 10432  4349 12540   273 22515 14442 19564 12613  6306 13754 10351  5132  8351  4885 19319   921  1068 22229 12699 19060 19955  4365 16855   888 18703   736 22120  9848  2794 13290 19729 16312  9798  2394  1180 22265 12617  4209  7012 18178 14274 14388  9797   567  3194 21949  3515 15550  6157 18449 14881  6309 20698 21220
 12676 15517  8057 18026 13450 18678 15248  9697  2455 17992  7492  5151 14359 12053 15715 12004 12758  6118  5678 19250 22654  7079 22334 14723  8460 13169 22050 10233  5199  7510  3128 21341 13010 13372  3668  4412 19235  7639 15442 13539  5282 10409  8531  4772 21902 21071 12649  4075  2475 12811 11970 18674 20161    52  6940 12786 20913 18936 17705  6546  5279 15790 14925    24 22701  8680 16197  4270  3105 18805  3755  2959 22047 22568 19542 12587 13210 16445 19189  6263 10244 19399  9097  1448 10229  2440  1444   781 16707  6599    76 21592 14908 19861 19821 20107 10029  1258 14888  5571  6528 13366 17609  9905 14003  7619  4671  2016  6518 15957 18526  6646   691  5806   312 12057  7107  7645 11568  4675  9252   716  1797  6842  6450  7157 20859 21908 19957 15433  7777  5780 15613 17932  1697 15157  6815 11329 22208 15895 15216  7879  7578 12716 13870 19389 11056 19603 21240  1481  3653
  3063 13358 18702  6173  3790  5913   524  8711 22371 15451 17188 14059  8138  7855  5147  1504 14856  6271 20927  9553 17377 12770 22777 14536 14537 18779 22554 12920 21966 13026 17695 12109  7459 21688 13867  9222 17528 22300  7723  4934  7218 20997 18465  1089  8455  2288 11280 12538 14998 13969 10812 12941  3451  4639 18268 14358 19768  6250  8389 22436  1967  3126 11579 21313  1636  5246  7176  4480 19054  8113 17130 13517  7148 16729  6510 18643  1543  9946  6762 21090   183 14500 21068  5694  2639 12359 13432 18679   595 21318   301  9846  4929 16049    47  6148  4231  3606 16655  1450  9992  1027   122 19850 22486  6702 21111 15623 11451 18256 20613 22524 21382 17179 20940  8552  8316 17504  2948  3371 17427 10604 16852  8131  2499  2964 21876 18355   776  6215 15944 13094 14285  1934 10321  2701 13838  8575  3604  3516 21409 20134 18832  3743  4529  9001  5286 16494 14239 12944 13113
 19199  6207  9574  7239  4030 21251 15188 13902  7461  1310  4216 12679 20078 20257  8973 20953  1276  4665  5596  6435 20624 13252 15576  2194 14393  8216 20280 12939 18364 19664 12982 21088 16268 13622 20194 12420 12018 19951  3935  4070 18773  3880 14410  7352 18443 16219 19378 21960 19227 12127   292  4986  6308 10562  8558 18577 22716  1241 11038 10430 17399  1739  8879 13901  3095   990 11187 20190  7236 20954  9183  2408 22473  9564 11221 17581 16582  9317 19013 10587  1886 21261 19797 15143  9545 14709  1301 17176  1489  3374  2435   134 14445  1474  2786  3517 15326  8682 20634 13810  6958  6338  9370  5577  2439  3125  6187  3093 16579  5394 14518 12783 16060  3115 21032 17002 12491 20263 15426 20146     4 11743 20923 19350 12100 12371 21102  2862  2538   528 16610   801 18451 21169 20951  6458  6140 21912 13663 13219 10348 18961 11310 10473  5176  3050 17055  5254  1502 15839   353
  8477 18148 12530  3697 14899  6645  3243 21974 20258 15086 16800 12328 18194 18012 13275 19296  1004  2690  9633 19317 11882  9895 13520  6509 10866 13508  8997   907 21958 12780 22235 11738  8433  3717   305  2705 12497  9103 15478 21507 14903  8988  9012 15526 22501  9266 10198  6015 17332 21373 10653  8536 17014  2706 20976  2965  9016 22541 20345 21797  3802  4649 15861  6388 19108  8152 20317 17230  4660 20476 14542 21750 11066  2871 18877 11370 15838  4748 13174 12034 14063 21854 10796  5387  8409  9120 14417  1123   482 19082  2633 12177  1253  6587 12125  3638  4790  5939 20833 15536  6835    82  4245  8411  3972 15264 15233 16328 14614 22615 11500  6303  2052 13962 14635 14162 14825 15983 13316 11786  6600 18648  1314  7244  3088 20949 15967 13312 18751 16411  8593  8618 15201  3619  6135 10540  9755  7016 13165  2181 17996 11505 10177   684  7657 11343  3200 14548  7482 19705  1158
 10457  4219  5767  5747 22548  5417  6721 10091 11545  3384 22761 10880 10324  2280 14326 13346 20889 15962  5845  3065  9831 10066  3133  3036 19353  1399 22411  6277   843 12689  8110 20330  2254 21875 21569 15680 21685 17940 14630   874  3601 14497 10680 19337  3026 18206 15042  6259 16490 20276  9664 14483 11296  7580   454 21024  6022 10189 16844   485 12592 10116  4168  3511   230 22609  2012  1680 10749 20451 11268 17755 17995 13783  7325 13689  3953 14123  1855 18095  1572 11958 21839 19696 21099  8454  3547 11206 19336 17578  3866 14733  7306  5266  4201 10852  4564 12288 19255 17118  2410  5038 19527  1371 13430 18139 11420 12739 16085  2521 11584 11156 10605 21931 10465 16314   446  5159  1335  8471  1951 15200  5752  6428  5118 13617 16272 16508  9003 15720 18706 20349 19609 14292 22048 11784 17001 17006 10375   218 21105 21667 21817  6363 10373 19029  9675 14795  3771  8518 18628
 17989 11717 10549 11711  3373  7516 18681  3671 19260  2990  8171 19124 16774 21173  8347  7225 19263 17120 13801  5759  2484  7860  8183 19655   542 16300 15809 19434 17496   321 13078  5746 21361   151 11929  5582 19167 13181  8268  7783  2315  3799  2793  6431  6783 20158  2489  9934  5723 14808 15394  8211  8893 10990 13837 14469 15162 15683  3276 18686  9686   664 13834  4408  7363 19873 18676  4655 21704  2428 20750 11085 14401 12444 17119 18019 18836 20114 14597 16767  4978 16154 18601 15291  1260 11301 22189  7123 10337  2589  9956 14517 13086  5403  9462 22241 18475  7466 21920 20573 13606 11636 22164 18754 13080 20540  2652 16171  9176 11467  4888 16222 18224 21267 20695  8296  6900  8900  6043   341  3172  1532 21398  1914 12892  7451  6884 17783  6891  8498  1074 18742 12060 16315  9465  3246 14076  7771 13006  9095  3385  3458 15253  6422  2177 10895 13576   178  5097 20408 17692
 13417 20830  9563   476 17456 19059  8542 12110 14895  1293 10484 20386 19688  3099 12529  1492  9269 13188  6112 17363 10720 11889 20811   206 14648 18022 22293 15964  2898  9429  8059 19314 20640 15686 15137  7929 17916   420 20409 10195 19970 15981 22254 10354  2203   101  8208  9983  8620 21156  9244 10452 21402  8292 11632 19840 18003  1462  2773  9986 18523  2694 19495 20932  1640 13014  7030 10884 11973 16274  7115  9002  4896 15803 16159  4013  9065  4161  4166  2519 22536 14914 10707  3816  5165 11616 17105 14225  7749 11681  9799 16039  6351 17600  8121 11761 12470 14583 20137 10107  4060  2412 12925 10367  7913 17461 17457 13016   732 10677   243   429 16121 20385 19624 20367  9371 10372 12055  4737  8313 11571  6091  8300 19832 22512  2300  9859 18255 19936  9472  3349 13631 14896 19026  5802 15213    70 18464  1142  7473  1040  6208 21904 17957  6485 21375  2201 10264  7511  8783
  5929  6454  2557  9616 12051  3033 21021  7154  4970 14802  5539 21148 17557  1892  1352   806 15120 17347  4272  1612 15936 22195 17506 13494 16074  5901 12036 20708 11391 10394 21072  3995 20549  5138 17382  8970 19899 22257 12977  7108  8450  4086  4143 14992 10403  8156  9599 15096 12347  3165  2769 15297 10150 21460  5868  7240  1960 15104 18729 19532  5160  4728   450   424 18060 18420  1943 15961  6409  6562 21611 21810 14563  2822 19781 17866  8732 15369 10130  3572  4226  9740  2359 11932 15221 10019  5614   184 15751  2742  8209 11895  6488 14511 16816  3508 20996 20101 15321 12698 17475  4051  8827  6921  7963 20470 18329 19516  6794 19960  5818 21246  1978 21580 19557 21217 18291 19823  4784 15868  8822 17566 17137 14595 12648  9211  4397 14102 21438  6535  4394 19754 12044  7961 17386 10203  8629  8756  9086 14601 12026  8396  1427 16557  2702 20378  2816  3943 19963  7770 15376
 10867  5944 12771 19277 15635 12393  7075 21612 17482 19966  6314 14144 11927  4293 20398 11169 17919 16030  5399  9961 10766 10046 13681  1199 22163   278 16901 17809  3832 22205 14673 10407 14264 11508  3257 22528  2692 14921 16908 21288   200   791  7683  7063 11360 10156 22772  8832  5352 22224 15917  5238 22387 10520 20710 10665 17099 12659 12812  5335 19482 22342   836 16735  5946  9611 20149  5953 21755 15825 14074  3529 13686 20994 15758  8689 11706  7635  8512  5862 21620 13763    86    49 21981  4113 14679  3087  3247 20112 18008 17587 17116  4268 21558 12223   357 21294 11770  9459  9280 11025  1336 17379  4333  7553 11869 12094  9334  2189  2803  4373  3826 18425  4719  2040   967  1665  1881 15252 10509 14843 20080 10744 16127 19183  5477 19230 17023 20325 12397  2634  8739 16876  9757  8772   628 11473  4843  3784  3487 21591  7078 21924 14507  3914 18358 16960  9521  1151   140
  9324 10511  6625 13997 19454  8701  5093  1517 15174 19409 12961  5755 15262  4781 10196  8942   131  8613   331 19333 10646 20591 16032 21279  8664  3527 10746  9341  1081  5028   246 13022 14413  5700 16003  1889  1426 10949  4033  4953   686 11047  6654 20186  5840 11074 21273 17952 14380 13540 16795 12672  2860  5758 19639 18626 22398 14785 21861 18394 21757 18616  1602  5292  8281 18016 22489   554 14131 11402  5967  7485 19623  5739 12911  6172 15761   327 14289 17350 18513  6754  1389 19882  7102 21157 16135  9352  1313  4744  7512 20766  9124  8284  5846 17661  7607 21926  3139 19422 12131 17774  9286  6748  6683 10894  9566 19080  4317 20455 11401 20421 19294  9386  3904 21674 12730  6603  1471  7235 15494  3617  4702  2495 20073  6773 15046 14620 19543 19615 14916  6193 14760  7198  8932  8821 18612 10602  3827 18567 12128 14049 17690  8716 22778 18056  2880 21349  5026 10542 15387
  5360 21944  3762  2952 13173 16227  2771 11104  9021 16823  2654  6644 12070 10132  6893   581  8608 19269  6390 22784  1937 17571  2943 13948  9841  9162  6915  8945  7546 12485 17261 18471 20206 15755 18207 18362 21545 20788  5675 20502  2339  7572 14689 20093 15558 18369 16471  7573 13422 16402  3149 12661  9089  1436  6283 20145  8887  5588 17198 20383   146 13158  3198  2127  3652 18726 17534 21923 20214  3218   676  8507 16748  6555  9436 18023 18352 13642 13204 16930     7 10795 16996 19441 14804 10727 10865 21710 12582  5866  2479 21984  5478  2107 12541 13254  2076    64 20329 17434 20010  6298  8024  7696 17948 16245 10757  1549 12537  6254 13558   633 13365 14309   311 16769  3321 22742 17660  3710 10778 16720 17575 14827 21134 10931  5980 11022 14528  8468 20743  2070   371  9407 13089  6503  9692 21049  6949 12624  7560   224  7812  6117 12757  7462 17771 14035 11502 21449 14664
  1432 16071 16602 10478  6623  3955 10075 22015  1952  5301  9468 21983 14164  5638 18921 14320 19504  5393 13018 15719 18417  4421 18571  5620  6710  6274  6837 20485 20426 10797  4851  1534  9231 19824  7300 20457 18085 17488 17400 22364 17555   652 13639  7289 12601 22658 13442  9844  9312  5931 17486  5517 10396  8279 14381 19978  8231  8968 18426  6400  9497 17077  2523 12564 18718 14202 18965 17632  3068 18871 22751 10864 15078  2364  1527  7187 20816  5576   350 10477 12651  9796 22562 10548  3284  5973  1387 14493 10564  3659  7899 22145  8493  4399  3924 15005 20443 12322 14627    85  9054 21166  4677 15054 20993 15261 22420 10079  9158 14514 12331 10705  9708  3623  2447  3965  8371  3084 19653  3197  8005  9165 14376 11168 14324  4630 16572  2476  3627 16360 16178  5449  3408  4936  2536 21994 13388  9520  5603 21739  9927 18627 14901 10937 15552 20497  5537  7652  6490 21158 10284
  7945 22490  4767 12361 19740  2258 10206 12772 13499  7024   878 20249 17725 20520 14137 13740  8199  4964  4132  1660 20701 14395  6040 20284 20273  3961  7205  3442  4951  6498 17181  2915  9415 18229  4387 19025 13324  8418 22324  1658  8748  5398  4338 19627 17598 20690   812  4183  7077 15525  5299 14978 15848 11868  7969  6650  9681  9229 21642  2421  2863 20225  4499  1987  2269  7978  2211  2414 12198 11180 14066 14014 15700 19311 10577  6241  1421 20699   861  8522 15770 19716 22734 14713 15325  8627  1360 22569 21154 14387 16666 21063  1451  9897 10875  3179  7486 18530 18121 10710 21354  4691 15969 12489  9880  7651  2320 11459  8029 13472 21196  7839  4597  9580 20603  9731 11864   207 18747  9809 15323  3721 12007  5083 16583 15410 20001  5815 10018 20260  8728 12922 17312 15379 20516 15095  6437  6108 13255   674 18015 16440 13851 19033  7903 18712  3407 10967 20590  3305 20152
  9377 12517 15589 21583  2431  2704 12708 21228 13218  3450 22620 21686 12433 20765  2007 17967 12705  8672 14531 15029 20518  4783 19143  5030  7893 16947 12637 13196 20091 15354  4048 17478   382  8269  4850  8955 10752  8559 15049   505  8352  3695 17947 12797 10800  4965 20506 20434  7589 21490  8757  6869    91 16659 14661 16832 11321 15187  3225  1707  3337  1776 14179  6114  3841   710 12175  6825  2950 15906 19111 12858  9150 20395 21754 16723 22351  1505 20963  4442 16959  8108  9316 11256 17320 22419 16746  7574 18555   419 14490 10370  9678  3911  8135 21119 14379 14181 16377  7557  9626  3882  7791  6067  1656 15368 18771 12056  3634 13849 15211  2331  3135 18279 19592 10000   660  2297 13485  2724 17800  9535 10591 18196 11618  7429  9732  3406 18029 17749 12099  6560  2967 17891  6152 10726   913  9923 13990 18500  6756 20167 18025 18807 16756 20674 19219  9020   678  9894  9858
   187  8502 15411  1485  4125   899  8952 10078 17140  6412  4825  2279   552  8515  2969 11312  1516  9932 16642 20371 10191 17893  9408 19874  7025 19038  2197 19626 18086 19878 15118 19372 10235 15643  2604 20740 12153 10352 18038  6226 19958  7280 14991  2739 18732  8095 19905  3356   308 12112 11924 12478 22542 10301 18484  7842  9512  1045 18721 15860   826  7109 16929 16349   726  1841  1467    40 19420  5533 16091  8226 20551  3946 19515  3650 18723   530 18909 14201  9744 17197  8125 14008  3210 22790 14230  6660 16709 18186 14291 22318  4004 15266 15089 18104  2841  2729  3361  5270  6343 19047  9048 17088 22138 12493 18814  3828 16848 17145 16464  4774  3520 15492  9979 21115 14905  8179 18066   248   515 22718 20401 10889 22105 22686 11601  1557 19418 16540  1858  1049 12132  6312   297 12130 18050 16443 17090 22297 14485 16671  3471 16667 20875  5006  2577  2009 22448  4041 10979
  7713   438 21479 21848  2799  1459 17666 15258 17517 19943  5772 20261  9205  3199 13503  6633  4292  8915 13906 20510   129  9722 17639 19284 17812    67 10209 20173  4669 10317 10606 13653 15585  1550 13932 20072  5444  1112  8467 16847 22783 10417 21647 17376 10222 12502 21884 10825 16856   637 21489  9221 13096  6440  5029 22762  1583 18590 17100  5409 22635 12671 15441 16416  1655 20751    21 20532 21101 20353  6728  1867 21412  1626  9200  3602 10027  3255 11621 18241 12225  2128 16260 10656  6474  7293  2045  9080 14982 20639 22396 11315  8118 19061 22499 11846 19275  9149 13775  3208 15932 13117 13350 16849 10127 18606 17500 14015 18444 18084  3021 12955 16013  9801  3085  1715   818  6832 10736 12623 21118 11397  6691  5152  9822 13143 10658  3774  8782 14600 18795  4367  3073  1398  6685  7135  1558 18258 12224 11741 17313  2190  5857 17508  1046  6578 12340  8871 17012  4393  7397
 17946  2011  2448  6335  7902  1725  1900  5277 19248 20300 10974 22757 14560  5025  5216 17060 22674   937 12199  5917  4981 11097 21459  6349  3463  7962 16249 19197 12554 12460 16783 17972   658 13757 17851   599 21057  6013  2586 14093  4503  9785 15538  9434 20957  1813 12511  9554 15381 17183 20212   643  3510 20890  3507  3883 10763  9703  8212 18262 13945 17078 19276 15375 16697 17418 14103 14277  1224  3122 14680  9551 10893  5438  1695 17537  9680 21401 13102   854  5994 18127  6909 13959   180  6031 18079  1500  8991 12523 22097 18200 18135 21219  3918  5119  9338  7258 21188  5829 13509  6017 21236  7219 11733 19849  6333 20675 15337    39 20227  2083 17498 22455  7888  4470  4085  8869 11259 10070 21672  8430 17044 10608  7936  1038 22673 15626 15286  4545 12966 21244 14405  2788  6567 17781 15401  6433  8947 15619    88  9877 21546 21532  3998  6028 13658 14539 22045  5909 16736
  6804 16474  5491  5418 21508 18431  1710  1601 13459 15287 15320  9942  1965  9993 12670 13099  3103 11834 22675 12305 17460 19711  8635 12405 14927 16606  3298 22745  2443  7897 21517 21407 12182 16553  4402 18236 22275  3524 10896  6096  5809 10043  3232  2469  6329 21769 13862 21646   412 13603 19731 16881 18506 20169 18422   440  5123  8092  8541  2490 22585 20277 11079 12628  2257  5269  8482 12864 12189 12242 10281 14496   604  8432   481  7982  5488  5381 15347  4190 18752  2445   698 17638  3288 14353  7500 18482  2727   442 22699 22577 11059  1277  9329  2644 17411 19458 13893  2090 19816  7518 18666  3254 17665 22409 19819 11664  6790   983  5904 11361 12826 20012  3976 18610   274 13062 12253  7161 21198 10526  4050  6817 20979 11723 20259 17531   784  6331 12539  7654  5166 14134 17273 15918 18758  9148 16410 19676 18315 19073  5061  8215 14253 15828 12227  2790  5322 22737  5644
 12618 22470 22276  8274  3221 13280 16693 19953 21223 19671 22058 20328 17688  4477 13748 22067 21380 11961 10994 10331  2745 20768 12439  2732 18711  8359 21491  7571  7559 15505  3152  8889  4776  1795 12822 13613  8435 20724  2502 21015  2520 20024 18129  4388 13306   162  7601  1165 21577  3377  6048 18845  9259  5579 21867 17246 14077  9325  2145  3262  6481 12064 21043  9427 20644 19474 10393  1203 10482 21468  2043 14032  5002  3587 18713  4956 11332 11362  4542 16220  8383 16117  8668 18739  1888 10122 12367   799 19517  2302 14532  7328  4921  4754  4624  7568  9879 10787 11516 19641 21606 17837  2350 16872 22428   215  2746 22694  3808 19304 16379 18317 12222 16858 16478  7728 11099   884 10427  5150 12983 12795 14062 14362   108  3725  9975   731 11980 22472 12520  2709 10936  9116 17617 13909 12409 10326 11663  9425  4969 16604  8896  7821  7371  6425 18757 21863 10247  2774  7463
  7345  6168  7349  9446  4501 17447 10392   377  5073  3348 19763 21494  5731 21091 19382 17993 15353 13832  4152  5485 12498 16573 19015  3959 10111 15190 11324  8764 12810 20375 21365 11528 15430 13482  2041  8788   536  5143 17161 18943  5201 14961  5303  1919  2220 22131  1092 14919  3865 13924  7810 10806 14649 13269 21146 18964 10268 18605  1150 21469 15597 14145 21136 20928 21605 15057 12616 14929  6448  5854  4817  9779  3431 17151 16925  1138 11048  3797 21525  8835    28  3630 10461 11746 21125   773 21281 10631 18122   568  7729  1146  8014 21152  2466  5412 13131 19600  8387  5188  7976 20969  4005  5508  8829  2553  8190 19706  5902 10871 17562 19014  3851 11948  6694 11764  7038 21880  4495 14175 12237 21511 20208 20480 14114 10733  9437 21630 22201 12555 14955  1189   164 15476   413 21379  8442 12903  5064 17254 14329 17845  3469 13408  4403 10360 17513  4580 12800 13825 11964
  7141  8735  1028  2688 16786 17855  8168 10479 22008  2298  9466 12040 15592 17520  3872 19998 21435  7266 15415 19468  5204  1495  3840  9094  3372  4684  4606  7750  9714 21483 21443  3079 13144  4552  7171 12256  1836 18244  8382 21216  8074 12179 14301   985 10386 16931 16470 10097 22449 12571 10124 12324 19650  4312 16325 14973 16170  1430  1850  6901 14245 17026  6385  7781 10349  7380 19526  5172  5480 19602  7680   375  2409 18765  2994 12345 11748  6799 17943 16409 10958 18913 16021  8741  4455 19886  1324 17672 22425 20419  4727 18783 20044  3609 21206  2138 21305 17605  9106 11934 18949  7972  3567 10913 13575  3435 14739 22279 14596  4498  2868 10897 20623 21565  1589 14677  4165 12159 18659 11356  5830 20608 15888 18001  5616 19169 11714  9372 15595  8015  2987 19756 13654  4108 12283  6286 20968  3879 20720 10265  9070  3532 19168 12232  1877  8771 13198  9973  6139 17297 10490
  4739  6609 16957 11755 20077  5790  8122  4443 11540 16186  3916   340  5155   161  4853 22717  4766 20151  3132 12742 20467   593  6109 11888  8170 14885 19560  4758   114 16576 12355 19757 16191 13818  5935  5554 12728  5510 21773 11750 18954  2756  8032 21436 15303  9540 18304 16538  3150  5860  9453 14922 19701  6291  9350  3382  8335 19812 12474  1130 13351 14515 11562 12062  2593 16431  9027 13317  5803  5553 18896 20583  2072  1279  5422   745 20655 14519  4955  6424 10939 17561 20664 22095  8913 11947  6572 20787 16337 11997 11705 17402 10742 12639  9770 11289 20304 16700  9193 14750  6328 22001 20015  7702  4071 19997  5476 13791  8060  5108 15990 10764 19961  2255  5235 21572 18331 21826  2624   629 15810  4148 12274 14645 16340 22607  3130  4221 15448 18861  7426 22736 17352  7806 15808 16668  9704 12192 19238  6171 22263 11742 10053  4528   138  2079 15185 18914 12311  5221  5361
   499  5837 17244 21194  6932 20251   188 18833 19637  2859 14051  4074  6620   980  7877 16915 17264 17361 19209 19340 19640  6942  5987 15152  5649 21795  8394 21364 16045  8293 21959 11017 13159  2210 12313 12972 19173  6364  4650  2703 14349 15292 13725 18784  2238  2772  3538  2375  9800 18113   193 18665 10528 19862 22116  2283 12065 20441 13137  1718  2054   548  6989 20279  7894 20604  7543  7742 15787  1188 10599 17611 11757 11785 15169 21531  3434 16232 16322 20772 20314 10459 15688 12415 22126 15065 21745 18573 10197 14610  7844 13100 22508 14159 15591 13714  3350  5233  6016 19264  4289  2165 14227  2399 14722  5654  3336  5497 10176 18069  6136  7859 15557  6680  4447  5766  1720  5841 22271  7217 13845 22129 19031  9358  8198 14535  1805 16850  8754  7477  8584 15312 16428 19583 11383  6276 11355  1128  4935 19554  3161  9889 13981 20299  3746  7046 16916 11170 17699  1781  2564
 19769 18120 14912  8295 17029  1358  8622 19965 15227 12803  3958  6387 14340 10016 17215 22130  6890 10959 19373  6877 10785  3390  2365  1804 16350  6150  8449   934 22073    22 14117  9140 13400  5329  2355  2574  8824 20744 17847 15408 15447  9505 10341 20514  9251 21736  5887   779 17079  5699  6780  6955  9610 15905  5988  2603  5375  4530 22660  3932  5105 19185 18508  1981 18442  8850 20935 12893 14272 15445  6169 14965  3964 12945   988 13913 21133 19753 14957 16627 18785  2872 14882 15186 14564 18088  1057 18641  9060 19330 18403  3519 15475  8731 13605 12168  2380 17162 18415 14705  7081  8195 18051 17196 22662 14157  2823  1296  7960 21602  6808  6380  9113  5252  5479 15599  9632 14081 19548  8603 20181 11999   625 22187 22589 14579 15140  8967  8922 15756  1571  9083 15663 11570  4789  5936 16535  1753  8423 10383 16773 14232  3575 21132  2451 15830  8939 17476  3505  5198  9332
  3427  1542 15732 19070 17911 14021  3136  1869 17134 16226   411 21967 22532    14  7032 17623 22511 15609 13069 12320  3317 17998 16846 18852 12935 11061 13384   975 17410  5378 21659  8886 16426 16523  9550  2666 22267  1080  4640  5183 17790  1316  7278  6116  8140 15294 10523  7549 16738  2311 15100  9829 11865  2353  6916  4980 13043  4759 18345 19895 12905  1518 16999 12608 14577  2583  5135  8529 13984 22199 19453 13279  4077 14150 22697 16432  6453 21917 22087  7072 21542 16884 19360 17857 12952  5765 12714  5162  6473 17994  9478  9972   597 22246  3250  2453 18157  7368  6843  5674  5115 14502 15857 12095 14844 13942  8675 11960  3818 22614  7950 17441  4279  1131 13356  8725 19838 22491  7478  1227  4607 11133 13836 16585  9337  7998  9909 20223  8234  7751 14737 15407   393  1278 17039   832  7092 13903 13830 14408 13931  4704 20350 15620  1659  2248 19713  8878 21218 17311  8322
 14464 12385  4059 17283 20051 21437  7275 18213  6238 10964 13056 11574  1164 18660 18516 21492 15243  8509   258   974 22755  2934  2149  2370 22469 10844 21574 15280 20607 20335 22684 15615 11202 14729 19363  2361 17284  5610  4651 10502  8105  3858 11736 22771 15062 15893  2897  3282 12319  7970 11676  3983   304 17444  9438 19611 13581  8856 13041 19028 16533  2766 17849  6316  1018  7296  2299 22222 21372 22749 22349 13993  3044 16691 15043 18353  6246  7501 16455  4163 18846  2351 18932  5483 10701 13436  5581 18396  2768 16953  6220  7681  8560 14402 18841  1307 10241  5494   992 16335   423 22249  2926  4878  8937 21815 13424 15628 18359  6716  1193   993  2341  6039 15103 13643   987  2646   994  8332  7852 11837  2852 11004 16371  1247 14411  3915 15949 22670 10105 16560  2363 22560 21257 19023 12030  5914 13223 14567  9260 21027  6533 22603 21729 11893 11063 18596  1670  5430  2645
 19083  8697 15421 10481   523  8667 19042  9857 12270 10026 15203   344  5519 19782 16500  2993 21670  1404  9937 14273  2085  6514    18  7433  4297  3453 12019 22253 13800  7137 14810  3565   573 14730 19618 14477 20650 18181 13755 22273  9718 12581 14083 11445 16721  7949  5452  1473  2424 11753 16163 15398 19501 18866 12691 18651 10495 18661  9253  3888 12860 15348 22024  6590 16784 20023 12928  5658 12665 22580  9303  3748 21069  3476   191 20133   488 14714 19929  7850 12379  6534 14208 10576 20807 13310  8395 16646   266 18457 17825 17873  4866 10030 18381 18340 18941 21601 15021  5974 18310  5496  3951  7667 13518  2655  4047 20761  9108  9996  7650 16891  4708  9479 22115  5049  2310 21138  2849 22286 19569 19215  3283  6612  3191  1579  2712  3226  3320 14505  6119 15230 12082  8598  5091 17227 14621 16875 22456 13321 19445 13749  1540  7524  2539   561  7361 16507  5463 17425 11331
  4118   870 19724 17713 22685 11884 18096 20542  7772  4465  7467  3646 10343 10794  8876  1545 13856 14418  1306  3900 11266  7724 15793 11891  6610 21946  3112 10968  4806 16304  9753 10114 22244  9772  3263 13060 15646  1782 18517   932 22454  6410  6621 15813 17024 10042 16209   800 15610  4536 14890   417  8263  5490  5255 14728 13489 16318 22016 18254 20739 19271 13949 11701 19115 20478   539  7417  9422 14244 21290  7246  7822 21653  1871  2562 13130  5015 15578  1988 15625 12964   135 16472  5317  1990  7747 19394 22631  6713 15274 11483  6894 15383   199 13483  7395  1454  5721 19435 15135 16468  9367 15409 19254 11536   765 12286 18267 11759  5574 18094  7282  8367 11931  3155  7057  1793  5481 22764  1955 19947 12281 19259 20163 12329 20934  4753 20572 13750 17738 14265  4277 22003 20139 12981  4064 10064 18004  4479 18332 16544  6881 19834 16266  9364 15467  1717  8309   929 17306
   978    25 19050  4158  6692  8974 21768 18901  4139 22272 10555  8192  5844  7721  3939  6506 10765  8163  4366  1519 12794  2879  6371 12857  7224  2941 14619 11782  3102  3185  3258  9099 20032  8777  6570 20252 14855 14926 18047  7432 14557  5365 21211  4594  1915  7184  3850 10355 15300 21568  5382  9215 18111 18756   461  1982 16120 18682  3974 10552  9384 18810  5521 13446 13232 20098 10581  1234 14010  2815 12428 16417 10723 14678  8416 20777 15912 19032 21938  9712 20132 11225  5671 17271  6324 19366  7708  4352  8288  9435 16282 16715  7194   144  5288 15455 11817 16288  6983  8508  2541  5046 22630 15335  5144 12441  1156 13331 10336 21789 13995 15997 19442 20895  6757 12068  5801 20577 18840  5145 22538  8154 15204  5578 20966 19465  8994 11026  8623 15324 16676  7508  7883 11106 10385 21996 13641 13559 12210  7069 14228  6074 21548  7259 15177 10470 18028  8796 15666 18335 20526
   909  5280  6014 16699 21561  6787 15543  7166   723  2631 16076 17942 18592 10397 14149 10590 10755  5020 14801 20115 11413  3780  6070 17344 14990 12432 13049 11354 15453  9028  9455 17684 10135  1772  8661 19053 10553 16148 15050 16056 15910 19777 12946 19736  3281 19638 21500 18499 22438 20950 22412 15522  2930 11791 22450 20116  6788 13070 11587  2731 17150 10054 22302  6392  7020 13412 19044  5585  8087  3548 18888  6451  4211 15031  7483 13438  2060  2881 20036 12077 14644 15223  6511 20995 14798 15687 19533  3064   303   820  1216  7227 11858 14429 17997  6744 12369  1030 13496 11058 15835 16926 13868 16347  4788 11984 20647 16113   844  1821  5870 16992  7838  4067 17448 12476 14200  9077  1835   977 15052  3114  9634  8864 16577  1526  8645  3273 16391 13785  1899 10089 11255  9739 10598 22509 12119  8818 12080 11286 14016  1843   683 14251  5472 21019  4162 16974 16177  1382 18912
 20883 22706 11409 21117 19604  3423 12596  3558  9561 19507  2887 12718 20341 12143 12729 22029 10638 12027 16129  7028  4358 21560  3291 19707  8312  1295  7215 21447 11585  8075   213  6222  1674  4024 11393  9955  4242 10594  7476  6729 15747 14397 21291  9660  2986 19113  5958 20592 20944  1435  5997 12953 19056  3985  2670  9735 12534  9728 21140  8106  4707 18992  2313 17397 11866  8155  7136 22475 14613 11850  8117 12494 14642 12542 20462  3405 21473 16870 18027  6743 18744 12940 16552 11117  4203 18228  4500  7096  2354 17102 19437 13607  3381  7018 12685  5892  6072 11525 17158 13115 17826 15393  5290 22084  6228  9622 13925 19017 17926  4516 16138 21593  6677  7344 13612 18629  6581  5963  6100  5646  6952 16692 17317 10515 20525 22005 14169 12454 14552   104  9581  7647 20084 12263    26  5642  2955 15565  5275 13369 10109  7907 10634 12266  7398   150 11146  2954  1737 16518 15498
 13367 17067  7974 17268 13359 16462  7033  2195 10238 19134  2800  4715 17432  5408 19659 18372 18576 13052 18311 19990  8615 19403 17073   143 17111 20903  4450  1599  3886 10573   620 20635   463   264 19246  8445 14172 11267  6141 12808 13550 21811 17152  1341 20446  4973 13908  7670 22245  6741 10627  1483 15092  2095  1107  7785 13950  4065 13507  4411 15873 16555 20387  3046  1109   152  3549  3101 20800 14521 22395 13597 14687 22588  5998 14626 20783 15945  5655 18164  5469 16757 10850  3534  7231 17275 19877 15612 20301 16584 11072 11067  7981 14249 19034 15090   639  3285  5077  2660 21325  3363 11292  3297 17834 15842  8903 16422 18874 14466  1052 10260 14210 12580 14573 14243  7890 14460 15718  5633  5429 13268  3332  9008 18278 15827 21302 11209 21737 13364  2369 22136 16737  2022  8011 13168 10722 17545 11328  2996 13675   627  8643 12021  4596  2711 21263  4497 17745  4262  8123
 10907 12948 21445 20286 10942 17867 12318  6120 18158 21894 16818  4589 15355 10706  5455 18107  8715 19208   364  8206  3733  7048  6061   277  7335 11274 19278 13983  4252 18011 10811 12323  5440 20110  1738  2795 12170  8490 14167 21536  9752  1544 15067  4056 19161 15698 16425 11176 18725 19491 13098 18617  4718  1349 12014  2767  1597  5583  4144 15125  3252 17126  2089 12851   315 11534 21821  5140 11376 14692  1916 19404 20892  7955 16326  8343   447   923  5316  7342 18939  3030 20909  8972  6210  4374   220 10735 14622 18054 11314  7045  6295  5640 12356 17236 11556  8807   437 18635 14190 18970 15136 21616 20727  5243 19001 12455 13847 10718 13311 18837 10487 22460  5604   730  5437 17731 15141 11806 20357 18672  9157  6802 17570 14938 18509  3713  8692 14415  1066 16237 13362 16389  3531 12354  4586  3679 12798 19303 10287 16307 20874  1759 11338 12640 12510  9871 15617 12976 22002
 12663 12203  7828  2684  6836 22306 12960  2485 18701 18514 19010 14796  7992  6930  4779 10712 11909  2755 22738 14336 12600 14809  2658 18145  1047 15947  7995 17296   316  6831  8221  5498  7706 11303 15519  4463 19630 18524 11638 15370 16998 22583  5414 17144  5215 10456  7360   905  9774  1325  3589 18593  3991 10468 20043  3445   816 19684 11544 15338 20352 19354  6223  8483 22466 11709 13586  6282 19534  6980 14685  4346 10366  3738  5842 15219 11114 19839 20908  1011  7260  9121 11456   551 12588  2518 18021  5871 22372 10679  8927 21122  8090 19531 13756  3035  7503   795  9209 21665 19027  8912  5550 16763 20809 21075  4083  7097 15988  5916 11083 10145  9079  8883  4749  9161  7487 22413 16057 16611 16722  3570  4933 17232 20027 15316  9837  3355 19058 12789 16128     5  4415  2883 17770  5813 16782 11130 18777 19206  9671 18456  9204  3582 21107 10793 11998   672 20617 14771 14599
 11416 16677  8943  6038 11707  3523  3573 14971 12423  3437 20016 10395  2151 11239  5384  9913  2251 14826  5838 10758 20468 12291 18683 17754 15138  8270 15260  6167  1375  5043 16803 19984 16110 10750  7222 11990  3709 16051 13532 13772 14763  2619 19503 10840 18330  2371  7185 21919 19297  4433  6657 14807  6745 15931  6225 14956 12565 19793  4782 18919 13900 10497  2575 17329 10836  9904 12917 15968 21150 21806 10946 13001  9547  5065  9584  4812 19374 17861   808 11844  4454 10992  8022 22352 10274 12875 10446 16772  3554 17626 21283  1606 19686 15876  9041 15669  1192  9544 12148 18452  7444 15870  8657 14665  2873 12694  3895  6105 17180 16694 13426 11258  4417  4672 14818  7197  7544  6468 10187  5611 15170 21752 22335 22174  3237  9411   989  9498  7836  8365  8027  7928   444 18806 10926 17751  4192 22543 14311 18815  3169 19293 20806 11399  8451 20991   600  8325 10128 11781 10344
  4345  6317 12606 19709 21181   498 16994 22325 17640 12731 21922  5136 14693 16871 19262  1001 19859 10570 10227 16069   521  9928 19100   646 13572  1806  3542   362 14151 13305 16068 14866 22078 20971  4290  2617  6718 16122  8884 14889  8176  6943  3195  7203  7364  6601 18428  8786 21762  2057  5126 16937 12414 15899  6746 15788   346 18172 14762  8053 22311 22104  3491 14696 20220   387 12321  3824 11740  2505 18504  5271  2578  4713 20424  5111   367 12368 22218  6871  2571 20915 22361 20870  6742  9302 10040  4613 18539   875  1401 13788  7085  4600  7049 11162  7035 15707 16414  9579 10687 16622  1482  1641  2144 18239 21470   917  6969 20486   356 15114  6051 14544 15205  1868  9767 18037  5600 16273 15222 17955 18378 16109  9817 17631 20926 12877 20524 10702 19889  5420  6260  6030 21676  1169 13530   363 19846 14280 22700 22346   602 11692 10232  3642 17421  2044 20785 20638 15551
 16037 20667 18284 10307 11318  4862 18479 12264 20071 14768  1765 12346  1741 14670 21596 10044 10543 13452 17601  4039  7517 17518 15150  4871 20049 15527 10139  1870 19867 18125 20917  9988 14951 11035 14954 12421  1582 19129  9930  7532 11263  8910  3637 20685  5529 17818   948  2030  8188  8946 13040 12769  3763 11820 14120  5435 21317  2247 11029  2278 19291  2672 13616 15725 22498  6899  6053 17679 18185 16724 19220  8511 22561 12248  8030 20900 17750 17914   720  6444  2436  1807 20460  6795 13150  4344 10350  6824  5076 12975 19760  6699 11727 13766 13281  6840 12573 12546 15105  1262  7975 20118 10681 13112  8938 13491 16362  3861 14191 19945 13456 11028  5351 11555  7252  9033 21306  4563  3853  6381 14963 14720  8051 13972 22496 11174 21298 15479  7658  4370 15424   858 10824 16457 18282  6003  2264  8624  1498  3685 14479 12874 16105  5242 21100 11840 20458   497  2340  1865  9085
  3248  5241  7851 12342  2071  9473  5823 19405  8607 17588 21202 12268 19806  8420  2160  3822  6571  7849  3211  6875 12578 14231 16740 22183 10984 18485  6084  5949  7757  2657  2693 17895 16936 12551  7887 11523  1141 13536  8307 13671  2820 19459  7159  9656 21347   598  8837  4730 18351 16809 18819  3100 18339   204 13628 12392 20099 20065 13462  3089 15920  5257 16381 20513  1323  9333 11804 19285 21660 20120 21080 14339  8339 11512  9690  4091 18554 21597  4682  5968 14257 13139 11479  2260  2403 13742  4324  9883  1652 21160 14104 14930  1308 19566 11385   708 22766 11090 17206 15319 16834 18561 12233 16026   560  6432 15863  3894 15502  3621 13865 16504 10878 18587 19926 11986  6373  5667 19804 18813  7084  6397  2242 16116 16240 10120 21233 21399  4699  7489 11049  8166 14607 13073  8038  6165   369 11775  5182 20089  6434 20022 13007 12664 21835  5148 10683 14790  3394 12633 12767
 13632 20536 21798  9706 16294 10740 17458  3798 15051 11966 20504  1616 19980  1478 22492  9096  7917   309  7151 17348  5704 14147  1274  1337  3678  7994 16598  7618 18664 13911 16487  6580 14004  5439  7127  8823 12338 10798  4867 16997  4251 21719 12861  6372 16563  5106  6638  3706 18390  5318  1411 11152  2594  8853 16717  9351 13899  2452  1376 10654  2433  5192 14628  5031  6635 10108 14906 15302  4976  4836  7980 19950   999 19857 21506 16820 21149 13614 10288 13835 15806 16499  1825  9754 17241 21388    23  6221 14860 22086 20200  5425  5618 19567  6809 20505  8116  7784 17956  4034 17200 15395 10713 17084  1541 19674 19289  6653 13293 12988  5157   871  9323 14571  2905 18879 11620 17865 17285 22240 19361  5859   354 21324   133  9420  3555 17582 20058 21697  2653 17883 12000 11553  3891 10055 19257 13501 17474  7413  2214  6637  1852  8245  9914 21661 17590 21645 17912 20147  9765
  8461 12818 20530 16943 12255 21550 17299  4196  9382   647 20471 21696  2417 12593 22248  2186 11208  8484 21185  3931 11912 16480  7935   813  6525  3643  2882 12429  4012  6910 22474 11057  1100  5858  5941  2938  6569   902 21463 14447 10628   817 18138 16683 13875   113  6582 20047 14832 20066 19669  4093  1604 10276 17862  1950 14833 13484 14173 10691 11515 19316  5324 14773 20606 15175 20683  4893 15195   667 15716 16706 19460  8169  6979 10708 10853 16459 10239 14778  1964  7735 14109 11189 22465 17697 17224 21085  7090 17414 20888 14491  9281 12602 11349   334  7054 15263  9645 17663 18652 16345 16095 11903  8737 16144 10975  3027 15462 10279 16028  2307 14529 22357  6786  3157 16215  8570 21636  4508   892 18646  1594  6689   348 21051 11633 16334 21566  3203 17182 10918  9189  2582  4663 19401   119   792  8940 15282 19751 12763 16438   859 14295    68 19163 19864  2267 14189  5196
  8103  6715  1585  2549 14872  8577  3131 22440 20615  5327 19244 11836  4267  2381 20130  5741 16599 21915  6661  8492 18812 13492  8898 21543 13302 14050  1357   911 19211  2289 11325  1095 18100  8504 15239  5782 19894 20779 11119 16906 18980 21794 11697 21001   290 19778   158 21955 16050 10426 16189 16612  5191 15782  4114 19588  7369 20052 15457 16275 17049  5626 11857  9360 15350  6574 13064  8066  3937 21741  8957 20255 10263 22430  7064  9105  6218  5466  1577 14690  5379 10592  6917  7579  3677 17342  1845  5734  4514 19123 21909  7583  1405 12809  3949 20337  5374 13182     8 18209 12187 16712 10298 18325 12726  3509 20555 21590  5495 19395 10692  4962 15126 18059  7315 15144 17494 17807 17953 10636 13338  2710 19585  1207 20825  4434  5524  8797  3735 16361 12963  1514  6188 11819   558  5986  7390  8242  8638 14783  9129  3234 12045 11422 21322 18899  6647 14891  4502  9109 21112
  7967  1794  8954 17840 22010 16946 14371 11879 19062 12207  3038  1671 19617 11686 12792 10911 19348 18540 22256 16644 21076 13326 19759 15786 20681 16792 16106 15145  7276 13719 22051 17050 21297  5531  8386  1461 18998 18414 20627 14187 14124 17117 14617  4950 13759  5696 19974 16374  6547 15053 18298  1339  4544  2156  1600 10983 21200  3419  7871 13876  3034  9361 11375 12773  3389  2638 14909  4992 15315 20007 19714  9787   445 17378  3848 10834  9301  3268 12376  2848  8341  9519   565 22277  7688 20474   780 12312 21734 20872  9102  2422    10  9666 17020 16685 20671  8669  4467 20177 22683  2857 18146 15730 22148  8951 18048 16448  9527 10390 10674  6000 12290  3474  2155  2715 12836  2367  4890  7798  3174 15531  1635  7951  2982 12656  5501  5276 20676  4145  1226 19377  3792 17843 10067  9196 10073 14399 11200 14082 19202  2835 22768  9314 14328 13975  6029  1204 14321   727  4198
  6071  1615 13910 17747  7541 12275  8356 21296 15535 12638 16910  8464 22333  7825  7023 22219   295 15985  9233  1991 16753 10792 19539  4808 16854 20738 17796 12828 15996 18371  4055  1147 21881   926  5334 17217  5069  2198  7638  8956  4577 17278  7170 11605 16634  9954  1587 22142  8503   634  2843 16053 11873 20571  2764  5717  5092  2733 17052 12022  1445  2192 15596 12184  7479  7603  7536  5473  7384 18737 15036  1882 17642 12848 19748 18418  7010 11041 11011  6438  2984 10216 15911 12823  3154  9705 20854 16776  3048 21882 12625 22006  3944 11336 17068 18658 10215 17104 18459 17674 16596 22166  3705 12173  2087 11497 19633 22007 17929  3440  4686  7593 13163 11291  1063 12477 10945 14278 14534 20000 17560 17467  8848  9920  6785    75  8816  6931 17360 10643 11406 19315  3626 14853 18793 14779 18424 12463 16114  7533 22708 14318  5762 12194 13240  3399  6905  5289  1286 12999 12370
 20798 14092 11213   653  7704   538 21727  7820 14527 14064  5689  4538  3316  1984  7550  4395 12358 11818  5206 19660 12886 17553  6404  6537  5928 19578 14286 11583  3676 15598  4905  3228 17899  9330 13883 16192  9876  9812  6419 17525 13129 19649 21109  7853  7036  1623 21658 13379 16534  7055  7590 22124 20840 15524  9192 20611 11335 20423 16711  7964  4282   680  6408 19448  5982 11195 13250 14403 18073 13621  9410 21143  6186 20324 22072  4180  6577 16491  2470  8885 22287 18041 22009  4035 16452  8546 21087 19358 21679  6957 11978 22168 22019  9492 18313  4214 20270  1118  5220 19214 13335 14373   895  1126  1211 17445  3977  2037  1172  3173 15548 21625  4746  8025 10962 15647  9716  5847 17373 18153  9442 20631 21540 16743 19644 12147  9724  2992 15889  5955  6203  8009  2290 13674  2621 14516 11926  4356  2845 15987 11265 12459 12122  3684 16421  9245  2205  3734 13221 17470  2581
 22179  7534 16639  2049  5954 17645 16521  5962 14343 16679  7062  4968 21389 12695  2980 11136  3999  7181  5575 10941  7481 17637  7332  4562  1373  1302 13451 11629 11547 20597 18917 16152 18942 11979 10652 18533 20363 18024  2185 10082 21832  7073  5125 20574 15359    63 21874 18849  2640 13549  6163  8178 15814  1424  2830 21948  1561  8259 17043  8819 12806  2385 10623 11787  7163 13753  7673 15158 13644 13214 13808 10676 10618  5308 15251  4095 11509  3957 20719  1067 17213 22592 12403  3689  7676 10160  6573  7480 13506 12762 18642 11428 15532  1370 18489  8773 10404  9518 22052  5544 17856 17987  8438   384  9305  2572 15431  1912 10698 11196 16983   351 12675 11768 21725   216 10439 20961 15887  9977 18490  1726  2020 17526  7316  4302 22139 18869 18473 15652 22625  6639  7247 13955 22077  1510  1119 14702 21518 10021 12400   166    48  7636 17974 20070 10915 20877 20135 21461  9014
  9940  7585 13429  7041  5005 16386 10193  2222  4177 15545 15450 20834 11125 20748 22307  8804 17131 10405 13194 15709 12619  3205  8810 15334 11141 17346 10133 21847 17563 21901 18512 19598 18204 15501  4235  3259  9440  4734 17028 19946  2075 14725  5788   824  4583  3787 12829 22089   617  9412 11249  5181 16755 14453  7153 18368  3586  9353  2824 16963  8203 21637 17437 13443 19270  6465 21913 19273 14236  8141 16150 22426 12302 22132   760 16879  8981  3994 21020 10188 17124 17896 13295 12166  9823  9009 21040  4841 21326  9888   171 12655  4960 22031  7895  1562 17653  8523 19579  7326 12775 10084 11694  4090 20239 11499 21858  7169 22495  3975  8583 14868  4422  2066 17505  9019  3170  8962   764 17608  5253   962 13053 21052 15574   737 13325  1386 10641  2674 15896 14470 15464 21163 10775  2444 21987  3425 12959  1696  6330  4278 10493   130 17924 10339  2309  9133    93 12562  6366
 19666 10567 15540  2468  5185  6455 20820 14043  6236 15819   914 14803 19822  7830 17069 10184 18544 17192 18091 21343 12591 16133  5807  9166  8766  9171 13688 16754  3720 22316 17756 12684 18995  1918 17786 22721  8187  2104    35 16672 16205 11429 19040  3641   265 11245 16256 15001 15744 20815  5590  8652 12513 11388 20159 21571 12575 12720  9618 12801  9985 16625 11299  3293 16433 16651   612 13781  5591  4159 12461  6709  5457  2427  7002 13385 20017 13730  2406  1833 15511  3728 11610  5260 16262  8706  1132  4359   771  6770  4975 20293  5209 17171 15710 19386 17814 12847 21234  7146 11408  4507 12880 11778 11600 17428 21527  7682 13114  4227 22618  4532 22282   970  2053  9733  1840 19288  4378  5237  9891  5712 10516 12140  8094  3177 15851  8466  6242 15365 19159 20438 17142 20802  7829 14512  1920  9824  7394 13718 18211  4331 13946 17262 17733   759 15271  5056  1528 17616 16025
  4987 12938 20822 11485  5232   518 18668  9960  3610  4736  3168 12744  4745   306 19135 18889 17580  9784  9987 22442  5612 20306  5402 12622  2656 19985 13420 12333 20106  4078 17775 13565  7404 21903  5660 10559 20657 12867  7060 15285 16365 16062 19338  7953  4842   332  2900 19581 16485 10993  2894 22497  7799 18991 13813 17138 21519  5781  9617  9694 14989 17431 20307 13664 21012  4249 16525  3000 10614  2404  1209 16802 20211  1374  4327  8133  7567  6851 13778 11615 10697 11251  6779 13878  9639   368 22444  9242  3456 20498  1633  8441  8868  9013  9025  4131  4325 15952  9484 14854 17185  6738  9058  6093  8334 15657  1329  2223 22722  7180  3997 22154 17621 10353 21485  6301  5656 10126 11626  9451  6777  9366  1719  2804 12673 22794 14964 21383  4747 18367 21865 10518  4073 19182 18246 15128  2787  4575 17765 22033  3801  8704  8040 13387 17890  4861 15975 21013 18548  9595 17057
 16356 12918  6706 17419 10693  4520 15011 12888  2326 21337  1620  6086 19796 22359  5095   842  1007 17364 10999  6149 18265  5661  2590 11480 14647  6275  6491 20575 22505  5888  1283  4185  1073  4540 15684 15477  4318 19511  8787    16 14766 21452 11233 16741  4939  3934  1548 10448 18342  2720  4313  7790  5602 19470  8520 19636   194  5896 15541 21120 16956 10413  9201  4574 14489 20810  8273 16291 13228 22366  8099  4326 14323  3732 19642 12372  8919 11953 15731  5912  9125 11121 22452 18720  4860  1716 12761 17589 15130 17833 18215 10406 22392 12547  7592  4046 21417  9032  8670 10094 13457  5098 16203 13011 20901 15954 21751  9228  6197 12533 10514 20222 20717 13318  7752 11905  4610  2067 22331  9230  6934 18010 14427  7499   451  6483 21723 10080   228  5448  1058 21042 15521 18918 21774  1330 15993 11762 10374 13360 13340  1936 12669 20718  6244 12236  2592 17732 17031  5774 19590
   740  6196 17333 12889  8080  4178  8197  6753 12934 12998 20713  5217  5296 19928  2227  1622 11625 19191  3729 12033 22386  3881   181 12300  4229  3001  1676 10960 21269 11082  4701 15159 20272 16141 18061 11403 16140 20642  4868  3875  5484  7761 16917  7973  9264 10988  3933 13476 17945 22225 11855  7535   389 13160  7283 17635  2953 13012 14934 10163 15713  7632 15003 17473 17417 12214 11550 12859 16059  5573 17093  2809 19057 16613  2235 15367 14752 18379 22283 17884 15061  3486 11448 10266 13702  3223 13072  2736 15229 19949   669 11350 21771 19910 15310  7780 19890 16001 13303 21004 10898 17550 14174  7809  6340 22518  1862 12949 14657  7514 15361  2813  7640  7789  8236 14698  8895 13717  3500 21047  5460 11427  9315 20034  6021 20281 19072 22780  1520  5522  1625  1687  6414  5355 21816  9487 12626 11690  7615  2237  2970 12995 15667 19927  7385  1744  2869 18006 20922 18957 16042
 15979 13274 18169 17682 15182 14643 16317  1311 11842  6064 22407 15327 17767  5915  8426  3978 19625 11688  1476   881  6311  2968   386 19983  9810 20481 17622  2217 21424 19186 18873 17207  4698 16185 20658 15019 17736 15206 11198  8453 12336 10050 20523 19351  3658  2999 22574 10624 21481 17930 11192 21082  8930 13593  2465  1452 19694   682  7940 17489 12378  6209 15742 11044  9653 10841  1884  1677  8046 20368 20450  3202  4299  4362  1524  4237  2781  3311  6937 11631 19397  8202  3703  2158  1913  8261 16621 21708  8093 19132 20085 11531 19429 21342  5117  6289 14913  7884  3930  4898  4068 13203 13853 17291  8201  3846 16779 11271  9126  5407  1953 10236 20410  6153  1263  3436 17931  9795 11116 20876  5195 11463  5110  2629  6336 17990 19612 15740 17628  2808  9093 21780 13564 10998 11389 19104 13104 11504 21238 12076 14547 16550  8729 14152 18981  8219 10226  7066 12746 18341  2618
 18588 21320 19643  2209  2563  3661  3301  7943  8364 20776  5169 18775  1842 15107 12570 20160   738 21070 16424  1055  2150  7526  3137 22291  8941 19661 18997  8724 18275  9536 20838 14822 12142  6697 16966 14668 19815 16086 15459  5211 11153  2139 11669 18631  9866  1442 16441  5812  6137 13189  9974 22650  3379   675  5129 22061  7029  6800 11382  2540 11860  7519  5713 22418  9030 15875  3024 21982  8605  8765 10531 16965 10174  6395  9863 10547 14294  6357  6036 14741  5520  6278 16744 12469  9548 16305 19860  9456  2632 12039  7817 17726   293  8358  1750  8935  4476  4765 14195  1966 13715 19948 16985  6505 14526  7556 19632  1903  6249 17614 13397   631 13455 19282 15232 21007  9762 13211  3892 19514 17191 17549 14481 21800 17844  2560 20126  7249  9933 13708 22680  5265  7880  3810  6287 13707 10788 20295 13526 19088 16857  3392 20887  8582 22013 19114  6095 10101 13600  5503  2480
  5345 22576 18467 19258 17000 11703 21935 20771 22656 13121 11641 18253 15236  9062  9659  6348 18704 14065 21381 17499  3192    81  7026   489 14701 10877 20431  3366  5873  2008 19791   106  9598 16456  3860 16532 12382 10868 22065 19280 14204 16764 13954  8907  7199 17123  9758 15463  2098 18947  6233  4943  9947  1343   789 11084  5465 15438 21323 11001 10789  8161  1257  4922  8338 16516  4172   378 19787 15800  6262 11597 21358 15955 21766 19645  1116 10578 21905 18271  8264  7267 21897  4122 15723  9011  8001  1539  8606 11087 21635 12507  5450 20684 22403 22207 20962 21893 11175 10903 11092 14033  2931 12426  1294  3045  6867  3216  1176 10445 11721  4985  1087  2496 15351 16537 20880  9764  1631  9379 10969 16482  5826  8983 17403 17935 16353  2218  9523 18570 12951  3812  4164 18319  1729 14691 19529   279  7410   632  7312 22728   415 12943 12086 11693  4328 15495 19715  1580 15568
 21484  9532 18280 16561  8696 19518  7405 17362 15660  9445  5563 13428 10970 13795  3080  5320  4323 20215 16684 10004  6655 10613 14047 20752 17559 16115  2754 18382 14880 19194 13852  4656 13874 22223 15544   960  3963 13479  4027  7587 10554 13789  1942 17717 15180 14436 22417 16488  2919 11812  4106 16536  9388  1857 22103 18285 21703 19416 14002  9646 10637 16520  6082  6776 19718 11250 21284  9373 12472 15166 11414  5956  6133 14524  5983    54  7333 13976 12549 18072  6044  8733 17493 14038  9151 10732  3833  4429  7168 19090  9414  2335 19919 13922   972 17011 22034  4810  3053 19102  1016 22185  2294 13309  7339 14472  2270 14726 18161  7271  6634 11566 17374 10164  4385  9118 18763  9608  3328 22639  5808  6907  1155   469  9138 11232   758  5397  5805  8589  9662  7773  2226 22571 20037 13803  2626 21732 22252  5293  4181  8425 21943 13905 11971 22759 12149  6695  5291  7449 15636
  3260 15573 12950 12556  9198  4407 11337  7082  7165   793 18147 13771 14288  3121 15627 19780 20008  6417   901  1114 12863 20668  9944  7611 15429 15377  9413 13710   648 21000  9924  3724 16688  8580 20528 17423  7448 10173  1634 14588 13839  8047 16964  8760 11045  4384  3499 12748 16624 14603  5139  6908 15018 13919  9648  5738 22590  5587 13234 14263  3843 10917   287  4169  2093 19312 15882 12307 13768  4171 10304 21859 22038  6429  6158  2050 21441  4527 14830 14636 16710 19292   810  6872 16354 18114 19037 22068 12202 16254 11020  2221 20216  6592 17719 16853 15342  2345  1598 11593 11377 21585 13761  1770  2956 22259  8928 17902 17288  4989  4769 20432 11126 13398 14857  9591 15729  2719 10729  9929 19647 17106 12755 21201  3909 16173 14749 19274 10997 16633 16253  4109 11363 12883   472 10768 18102   592  8380  3988 21618 20262  1762 11943   865 18334   480 10362 10626  6585 21608
  9836 11398 22374 12583  5861 18480  2588 16123 12553  5386 15362  7918 21266  2343  5263  7418  7119 12017  6073  1853 21713   661 20686  5454 18328 10885 14569 15799 18306  3539  1486  5370  5919 10940 15978  6354 18688  3856 15644 20191  9747  3235  6427 14307 22421 10522 15904 12165  4946 21121 18134  2810 22652 13266 19075 21617  3380 19079 18735 18269 15691 21892 19535  4623 14533  6350   487  7736 13294  2591  9274  6982  2531  2891 20063 15088 13133  4309 10600 13991  1509   335 16618 15184 19737  1388 12709  7542 22616  2232 14884 10429 12668 15943  7675  2461    99 18247 18734 21237 17898  1472  1170  7022  7847 19498  4425  6768  5789 13563  9471 19802 17164  7672 22623 21793  8666  7156  7469 10256 12465 12844  6026  9577 17933  7493  6359  8102 12503 10002 14580 14986 14007  1228   880  9900 19923 19229 15123 12609 13299  2317  6227 11911  5433 19613 16309 15741 20322  7604 15649
  5938 10022 14416 10305  1391 22194 18093  7816  8456   322 15676  4364 20392  3948 22555 14468  6782 19415 17923  2188 12909  4469  9736 19396 19431  7445  6527  8082 17680  2622 21654  1197  1736 22800 18032 19563  5599   145 13386 20327  1909   654  8803 21529  9743 19971 10038 16514 12310 18811  5213 16124 16967  6495  4762  3560  3923  6846  5627  2844  8524  8656 11367 19989  6611     6 19920 10721  7805 12480 22453 13929  4831  8933  5572 20477 21106  6531  8406 22687 20316 15388  5354  6865   470 20784  3388 14976  4117  8419 20454 11674 10283 18884 15555 10455   940 20794 10525 11861 11611  2166 16933 11112 11592  9651  1940  7164 17839 20868 16643 12545 21879 16248 12150   251 12217 18669 14852  4870 10389  7979 18685  2356 21567 20289 22566 22520  1667 15392  8428 10376 15002 19746 20245  2471 16156 20584   342  9936  6500   186 13119 16130  3330 17593  5127  8429 12024  6049   619
 20856 12594 11699  3290  3987 21907  3622 20605 17404 18117  3002 19485 22642  2042  4558   452  9893 16055 14731 22023 14985  4489 16752 14061  1809 11243 13276 15071 18243 19223  1662  3339  3479    38 11347 17773  1166 14942  8808 14920 13647 11260 16320 17048  2939 18237  1439 19728  2111  1980  9853 10986 10859 14129  2240  2826 17715 22644 11442  5052   848  3855  1938 17658 13776 18611 14342 11228 11881  2249 16568 15484 16546  6012 21831 22723  4628  9938  1962 15098  8349  4983  2503 18559 16008 17121 20782 11935  4207 18989  1334 22150 21232  8286   474 13413 19851 17184 11557  3674  2650 20687  7484  1017  9804 16922 18080  6010 10113 14360   606 22230  5193   753 13928 21250 18115  7948 14184  3096  8877 17287 15645  8417  9034  1275 12105  5442 20871  3664 15515 20773 10566  4908 21067 13793 21855  3042 15980  4129  4926  7548 15743 16716 19628 19097 20654  6159 10609 13695   289
 21623 16696  1061  3014 14870 21513 18398  7186  9187 21775  5784  4310 15658 19922   944 21932  4993 12101 16251  9552    44 17156 18860 19204 16988 21749 19695 20365 20376  1712 17233  4343  9627 15193 11815 20489  8647  3123 19172  9406 10463 20910   688  8111  3008   153  4296  8801  4473  4954 16681  4281  5566 17905  5054 18042 19432 17075    69 10971  4674  6467  3278 19383 16375 16118 11797 17817  8348  9990 15679 21254 13796 16978   574 13920 14300  5925 15301  6478  6544 12399 11756  6147  1322 21918 18436 19818 16134  6176 17209 10832 16033 19988 21335  3446  4629  4273  3970  8151 20472  3757 11788  6749 11802  4222 16864 22681 16886 21400 13805 17033 14170  1574 11537  3138  6986  7800 16476  8315  6459 15773  1355  5541  6247 14602  3594  5714  1065  5558 10579 11481 13471 20836  8158  7396  1954 14347 22443  1003  8815 14556 12967 15533  1054 17380  4636 13433 20315 21471  4492
 16126 13764  4568 21971 13478 19324  9698 18698  8384 22354 22226  2850 15471 14615 21403 21097 10014  3160 14637  6895  3512 11751 11005 16777 18155 16301  9207 10441  5078 12084 13887 21598 21933 10803   638  2916 17442  6499 21857 21199 19222 10582  8813 18416 17907 16418  9783 10006  3304 21579 18423  3768  8911 12569 10408   802  3596 16894 18383  6442  5863  1603  9820  1225  8742   433 10037 22500  3876  7167 11522  9528 17282 14006 10494 11128 17070 14364 11832 19995  7914 14327  1409 12200 10714  3624 20893 15858 18707 12016 18336 14742 16450 22769   596 13988 20055 16255 12208 13589 22637 20569  2322  8035  1425  6993  7265 21458   347  4664  6834  2282 12309  8321  6088  4021 16022 21756 12985  2163  4849 18083 13439 11977 12205  1968  1137 21787  6769  4616  6997  2801 12229  1157  3989  9748 20046 13376 18199 17149  4930 10387  9819  7554  1438  8979 13716  5598 10136  4250  8548
  4963 14146 12081  9486 15902  4133  8200 18537  3550  1015 14663 17298 20970 14069  6174 15106  2951 13557 11395  9275 16883 13535 17046 18733 11487 19651  5835  4601 14091  1465 18248 19898   253 11241 17450  7337 12813  2064 11252 22611    42  8702 10854  7679  6668 20178  3600 19931   513 14423 15708 18956  8641 17871 18916  3022 11313  8174  1309  6892 13705 18388 14684   608  1536 10309 20537 17798  7243  5538  3979  7458  9508  9499  7262 12926 20171 17091  8573 17670   630  1006 21953 18624 10991 20288 19265 18645 16199  2147 10313  7971  7301  2405  6778  4631 16259  5560  2342  3118  6928 19512 14310  6897 19654 17838  6631  2206   955 12550 13344 22075 19487 11843  4435   747 22559  6304 19141 14632 22485  7730 19272 18536  1896 14674  5058 21804 18926 10716 11478  7707 13594  6170 12360 13197  8058 22321 15470 17231 17543  9343  3055  3761 21743  8311 16181  1848 15938  4505 20326
 13685 15972 19450  2963 18295  2234 15594  1455  7868 19573  2921 14555  4416  1949 12722  6618 19646   390  9475  2184 11275   430 10262 22121 11521  7709  3522 20346 13371 14143  5592 13679  1675 19868 17245 16569 17155 16580   339  8052  2014  4811  8543  1998   432 14357 11454 14036 20866  2512 20002 15959 17250  1043 19909  4637 19128 17440  4487  8890   126  9958  9469  3043 20705 20541  4844 20812 15275 21036 22039 19605 21376 10286 16509 12506  2233  6179 22564 10125 20205  9597   222 13624 16607 13560 20102 13288 17973  4424  2685 14005 22025 22251  5622 22519  8683  8847  3412  7313  4797 12715 11734 14406 20531  9723 15812  1127  9948  2776 12332 19233 12607   509  8481  6927 10181 21578  2463 11772  4666  1917 17133  5608  8663 19837 11247  7160 12419  9119  4585 14156 18126 20155 19619  7818  5736  6401 18137  5964 20021 21872 11304 10739 20688 19457 22301  6975  7202  1844  1648
  5406  2506  8478 15497   284 17083  8685 13415  9976 12855 20863 19305 12092 22739   744  8318  7944 10625 15380 19698  7011  4170  1394  2696 11670 16087 14259  3443 10443 17366  7779  6953 11992 20873  2973  3929  6177 13790 21930  4826 15523 13097  8902 13940 12011 17251  2401 11810 16339 13157  6019 18044 14918 20920 12830  7376  4692  6870  4612 14609 15283 20804  8474 11149  6976  4750  1803 21061 17064 10563 21652 13773  5458  3753  7529 10574 17127 12901 12577 18105  7008 22510  5239 12764  5380 11159  6730  2935 17519 12519 10569 13051 17968 13032 18189 22135  2382  3466 15956  8144  3239  8602  3897 16797 21139 17910 19008 21657  9218  2946 19648 13418 13233 10171  9571  3767   250 20693 20124 19346 15668 18495  3552  8843 10804  8721 19081   545 14716 11567 18613  1098 17279 19972  7746  4821  3025  6950  5918 11023 20919 22343 11859 18738   226 15077  5133  7641  1838 17655 10045
  4260 19368 20562  7931  4618 21243 11569 11908  6132 13046 14139  7698  5424 10537 17763 10923  4146   797  7741 11089  9168 17565  4213 12644 18264 12636  4474 16467 17718   443 14734 20985  6310  3495 18227 15971 21014  5348 19170 18782 22157 12853 10498  3140  7661  9813 20294   868 15711 13141  8998  9087 13957 16665 10989 15764 17619  3973  3049  4752 17367   259  2870 19656 19165   231 11805  3825  5832 15818 15749 11077 22593  6724 14465 13941  2415 15179  7854 19440  9389 21212 14101 20265  3056  9749 22514 15783 11548  8400 18529  3804 16244  7059  2725 11596 19290 20319 17882  2140  1499 19663   431 20247  4659  4400 16469 22584 21911  4716 10947   591  7686  9575  8241 13109   310 21363 12876 18978 14126  6624  7351 14125 21062 21828  6549  4002 21763  8753  7052 10129  6566 11870  1910  7565 19549   267  8317  6321  8703 14968 13591 20179 17583  6300  3745 15142  1856  1701 20418
  7440 22622 17887 18538  4541  9146  5753 20494  9262  3119 14845  6482 13393 16865 21945  4839 22659 19668  4738  6297 21147  4709 18528  8399  1366  8866 12434 14304  2761 14141 20554 18307 17624  6110 11359 18695  6648  7509  2805  4014   588  9139  7766 14717  2360 20122 19385  7221 14013 20946 14136 11590  9643  5930  2909 14112  7040 19171 19488 21496  4052  6411 20781   525 21535 12009  2442 22337  9494 19218 12561 21044 18292  4225 17794  5032  2802  2172  4379  9255 19784 11220 11234 13045 12521  4511 15124 19944 20626  4089 13031 21921 12508 22152 13000  6122 10672  5197  5222 20722 18391  5019 20209  7769 13177 14935 11009 15279  8446  5229  2142 19046 16661 10290 13633   127 12325  8180 11457 10159 11341  7946  5833  4452  3852 22753 11506 12295  2402 17881 21547 18649  7660  1091 18389  7952 14205  7905   873  3926  7000  4856 17509  8722   491   285   778  8990 21197 11617 22575
 13669  1885 18296 22070 22096 20659  5970 14566  2446  6106 22608 20404 19574 11800 18344 13186  2686  9067 15927 16662 18314 21104  6860  9248 17485  2036  6904  5989  9957  6090 10657  1700  7285 17787 18498 20992  4096 13533 22552 21668  5512 11242 17452 19036 20691  7086 14959  6046 14361  6332 15212  2368 11811  9424 12563  3719  5297 12585 11392  1456  4107 15296 20756 13815  8250 14835 12693 10162 19844 16951  6714 20189 11672 13731 10571  9763  2846  5251  8677  1392 15569  9448 12620 16512 21328  9348 16565 11465  5525 16605 11115  5023   616  3754 15032  9658 16810  2456 13547 16680 18460    12  8344  9359  8551  2642 19313 12297 16280 12791 14475   853 17625 10675 21524 13024  5042 21638 10767  3593 14079  4288 17340 10951 20108 13958  7642 11147   345 10444 17201  9470 20790   823  4685 16935 12375  1008 18930  7983   996 11867   426  3067 15041  2759 10774   938   533 18762 22110
  9320 12306  6098 19553 12218 18191 15382 13826 13013 15778  5615 20004  2498 21906 11702 13896 19158 14419  1814 14233  7504  9307 10753  8966  8861  3537 12814 11510 17255 10359 16904  1996  8042 15007  7439 17310  8790  6111  6413 19952 14653  9064  2132  1104 13419  3378  4243 21265 13840  6671  2378  7056 21722 11698  9567  5356 20511  8806  8527 11643  6712  9075 15824  3253 10843 20166 13027   976 11368 12760 18434 21947 20075 11588 13777  4023 21664   543  1727 14115  8909 11985 21144 20849 14736 21864 16332 11276  5401  8630  2978 14576 18708 19043  4457  9530 21419  3940 14217 14075  9756  6767  8921  7322  8948  9283 16739 16495  5063  3783 22242 13477 18632  9555 17398 11380  8330   943  3424 18251 14346  4991 11646 13416  9449 22018  6841 16265  2628  1179  3878 16395 20090 15966 17988  1175 17388 16034  1071 11554 13738 12765  4036  2895  3947 14813  5446 10401 15220 18406 16098
  9294 19000 14312 14099  7866 20632  8327 20359 14782 18031 18798 20789  1379 14656  4121  6977   245 12107 21972 19417 16306  2988  7545  1145  2304 15854  9417  3110  2723 22215 19130 13222 14080 10319  8833  2817 12526 19105 22446  9290  4200 16814  3504  7414 17758  8953 13313 16827   516  2327 13816 17319   205 18600 16146  1031 17426 18796  4206  8378   893 19103 16012 13907 20373   947 20100 12696  5039 18226 20709 11899  2515 22125  3400  7767 12894 16000   467  7637  8614  8925 17904  2420  5921 16435  3863 11939 16664 20911  9781 10399   328 19447  8923 13827 16473  6337   814 10527 12141  3201   163  6759  2544 15750  1810 22170 11492 18136 13585 20837 15891  4210 19725  9164 14058 18988 17371  9768  9056  2513 11780 15607 10299 21141  4895  7732 10770  6374 18180 20622 18222 15215 21689  3470  7714  9854  4919  5146   768  7378 21914 20287   910  4044 13636 14354 14915 15063 12073
 14972  2596   659  2046 19391 10507 14781 16458 12560 22648 12230  2837 14094  8213  4605 18622  9786 11282  5770  3484 11564 17394 19536 22655 17194  5951  5793  7386  8220 13003 18141 20898 16993 17174 10550 21895  2924  5697 17334 14480  5984   286  7464   557  7606  6532  3498 19471 21081 21340 17730  1488 14769 15458  4446 22237  8755  6829 17951 16075  6205 22447    60  7685  6789 13128 22118 22315 19138  5306  2789   147  8458   670  4823  1437 15069 15900 18448 10533  1105  9625   590 19935 11185  5937 10862 18108 16905 21432 12161 12061 17260 19430 19811 13124 15816  5552 20861  1190  6083 22345 12292  6452  3501 10686 17567  9071 17439 15127  8350  4189   397 21215 22367  3592   640  2333  9590 21587 22397  8301 18898  9057 11384  1496   173 11661 16839 12219 17341  2497 16286 10211 17776  9685 18154  3919  3655  8916 22789 16911  5413 19149  3303  5474  3576 12645  9828 11852 16628
   605 21209 12284 19438 16382 11732 14755 20437  3688 20013 14572  3222  2981    90 12500  1441  9873  5749 21465 16162   952 17759 13111 11490  9179 11394 15886 17318 15161 22155  7513 22175 22037 20567  7357 10166   404 10745  4392 18594  8563  2597  8217 21808  7745 13514  6076 15757  6604  8662  7796 19770   986 15622  9636  3334 15486 18809 12406 10144 18356  2018 18799 14751 17971  1076  4833 16502  9381 11656  1353  1507 10921  6464 18511 18110 16292 21423  8768 14994  8999 11064 14940 13829  6104   403 20831  7999  5855 21450   176  2730 20757  6652 15921  6075 17599 10633  4509 10449 15696 21956  8992 12401 19245 19164 20035  5729 13892   837 13682  3781  9480 11400 13291  7130  9287  8599 16387 13615  8707 10925 22389 16132 19145  9725  9037  9313 10447 14672  6127  3300 15489 22544 18068 13347 19268  3758 21285  8136  2678 19932  7904  2697   908  1289  6180 17357  1053 11807  2187
 17548 22676  5884  8649 19662 22479 10801  8540 16370  4339 19024 10418 21351 18839 18492  3873  2161  9115 20793 10121  2535  6512 17530 18714 12408  4793  7727 19717 13209  9559  1160  4763 19452  5055   137  9700 22457 11052 12784 15941 14582 13242  1177  8302 12589  6775  4858 13848  1243  3528 19127  3543 20060 10956 13404 22049 11088  9868  4865 16725  7523 20596  5570 14703 13327 16519  9601  8971  1326 10028  8719 22336 17892 15446  8534  1529 16543 13964  5464 14788 17748  8857  7531  1923  9400  6974  2330 16206 16184 14039  4360 22027  1887 19883  8157 10902  1340  6479  2483 22375 21801 15651  5149 11835 12273  5756 15242 17879 17909   318  5650 11193 15648  5391  5113  4549 13226 20321 19484 16434  2743 20030 10017  6211  5708  5493 21522  8473   918  8840 11340 14154 16620 19591 19357 22299  3082   703  2945   966 19599 18106  3267 15509  6717  6200 14308 15288 18950 18634 10506
 12827   887 21526 21841 11288 11559  5651  9402  7666 11484  8781  3209  4079 16745 21331 18020 22744 20127  3106  3003 22535   512  9582 20741 21448 22657 19547 21640 18496 18447  1351  6047  2580   705  1202  9502 10777  5879 13434 18309 17568 14034  7088 12919 21666  3773 20696  8277 13898    13 11897 20672 10786 14448  9951  9679 10012  7174 12743  9842   827   587   225  1897  7990  3747 11475 18064 12380 10802  2088 13544  5976 12226  1815 13566  3204 19830  4961 11747  1044 21165  5001 20716 10977 12164  3414 20986 13038 16149 11139 17186  3124  6557  5556  2995 19109 17018 13746  8228 12037 13786 19402 16158 17858  6307  8255   495 16517  3134  7695 13656 17072  3756  3296 19049 17114 15914 16885  4437 11417  9899 16547 20020 11197  7047 13071  4570  6858 12993  1297 20014  3794 21792  6659 21054 12907 12103 18748 13935 14551  1163 13799 11240 21135  6751 22117 18393  8337  8193 13061
 17978  2164  4644 10357 16631 10996 19589  1816  3675 12395  1250 17009  6386 11182  9935  9640 13863 17527  9017  4771 19398 13751 16174 13231  3460 12632  7234 22539  4341  9906 16230  1798   326  3707  6651 13604 21628 14424  9463   118 12915 11724 20764 10504 16641 13246  2458 16368  5368 13264 13315  7792 10601 21740  1317 21429  5180 17455  1056 14348 20308 15452  6814 21655 16498  1236  3353 10178  5960  8225 10813  5828 17472 18560  7671 21677 20198 18062 20465 16698 10664  7381 13939  9898  4901 16515  4581 13610 19506  8514  7421 20581  4697 14759 15064 19252 17502  3289 16404 15587   121   889  5881 21718 17401  5067 13713  3796  6456  1643 20143 17927 14385 13704  8905  2885 14837  6399 17103 19912 10245 19180 20896  9202   534  8740 22080 15116    61  3692 15265 20629 13927 10048  7507  9369  3308  1989 17981  7725 16017  5725 12023 16549 17168  5515 22481 13646  8175  1457 12303