  4027  7431 14011 19061  4993  3682   716 23880  3462 25015 24978 13515 19911 10506 13566 21399  7279 22594 12569 14155 12401   407  3693  1978 21317  2268 25941 20576 22407  6597  8809 17971 19699  3365 17649 15840  7644 17166  4608 13425  9991 25781 26366 18718 18604 14022 17966   775 10638 12934  9872 18704 26992  3212  2561 20395  9621 21012  9376  6688 14592  7626 17024 12051 14191  4495 22168 13689 15412 26581  8863 22384 13489 20397 11336 13632 18776 12452 22071  1615 11966  7918 26112 18727 12381 23240  4548 21327  5447  9117  4589 24187 19890 17912 19637  1070  2826  7822 21398 15111 11391  3611 23348  9097 24745  5369  5138   714  3005 26889 25130  2480 21467 20266  4377 14709 17359 20488 22853 21603 25643  4426 12135  3435 25784 11057 19642 25292  3673 11055 13938  3195  7878 16608 17662  3374 15896  2462  2420 21526 24001 22919  8693 10000 17324 21760 11646 22437  2824 17617 19933  9691   519 26526 15175 21952  8205 13668  7791  8374 20270 23301    98 13324  4149
 12893 10194 25134 17927 14602 23653 11251 17913 24032  9262  3382 11581  4376  6388 11423  2671 23931  2370 17019  4281 21935 22127 23522  9173 18446 11156  1500 21721 20959 13724 20149 26058  7754  7727 20476 10493 11733 11347 14388  2400  8145 17142   741  4294 26074 24440 16110 23791  2300 24321 22625  2368 12784 22045  2724 11359  3925 10566 23023 15210 24624  9049  7688 21226 22761  9536 27082 10682  7338 23176 23036 13714 14509  2594  7195 13845 12644 11677 26835 17766 27057  5418 11070 18187 26948  7606 14772  1534  6333 24973 11231  9397 20629 19004  4918 22490  8944 16087 25156  4138  2253 23613  3350   502  4780 13709 18229  7852 11493 17367 23019 16866 19512 19147 21885 10265 23459 13248  8166 11789  3610   392  6231 12606  5339 12024 10972 24883 18621 15139 10935 15055  7520 24339  2611 21357 26886  8479  4706 16898 10976 19514 20501  5829 19268 25193  5086 19672 13614 21250  2343 14008 10213 12346  3230  2749 11309 14953  7874 24363  9607  4710 19560  3756  7187
 24094  1635 25254 25627 22677 20654  6108 20930 18962 12226 13817 20459 21764 10375  9494  5113 15444 26767 17526 16397  5199 24932 11301 22903 25377  3638  4103  6430 14750 13710 25374  2605  3777 16730  2401  7196  1641 14297 13970  1055  3568 24061 13516 23229  2407 23070 15962  3335 15613 11531  7397  2786  3790 19432  4113 19241  6400  4363  3761 14994 11831  3453  5544 24541 22776  5230 23898  4973 25132  9118  7555 16058 16504  7193 13481 17248  1601 22284  5532 22219 10994  9036  7685  6601 17614 19328 16252 14672  6660  3466  5256  6309 23736  7715 15163  4349  9153 21718  5933 21725 27104 22095  1982  9761 10421 21372 14554 17640 26435  4721 14215  6296  8177  4315  5837 10634  8239 19106 19376 10119 24705  3561 20528  4937  6765 13289 21171 17876 23625  3826 23206  5755 21875  5720 23893 26977 25037 23360 14093 20263  9294  2442 25024 15289  3951 18228  7839 24047 10760 19663  9805 21683 20415  8554  1313 12689  8066 16540 19275 24351 21889 24775 23159   377 25039
 10374    38 24084 16208 17173 17488 22163 21390  2696 13961 20785  3392 26576 20713 13611  5745 26290 10141 11696 23568  5361 15928 26391 14828 17008 11810  7873 10646 19438  8483 15422  7585 24681  2347 26547 20856 11235 16380 23742  5872 24555  4738 11443  8678 20088 18648  3447 18807 15238 17595 13999  8127   116 21743 20638 21531 16470 24151  6524 16151 12374  1455 22936 20692  7567  9611  2302 13534  7032  2847 25020 17410 14180 16980 23409 12329  9419  8457  3483  3814   605 19240 10061 20593 12267  5639  5334 15049 12578 12678 15205 23606  6167 23211 11689    73 13067  2613  9255 20560  9489 14454 25850  6357 13770  6060  6335 13174  7552 17968 20920  6419 14914  7926  4741 12921 26036 12340  8478 26241  2570 19683  9721 14095 12116 12841 24281  8497 19861  5488 23714   733 23721 16451  9809 11546 15899 12408 16715 21894   600 24162 14510 25423 15629 23289 11226 25017 12090 21906 12204  6943  2940  8954 18439 13172 24235 14197  3257  6272    97 11571  1152 26590 10729
 20072  1315  5700 19983 16512 27202  4360  7770  7828 17611  6002 19580 21151 23276 23115 20461  3236  5102  2885 21511 21673 21278  9329  2278   827 11971 13554 22081  8999 16582 24441 11276  4700  2313 17923 23152 15659 25235 15959 17663 24664  2334  9249 15269 10860  1895  1156 23624 21420  6380 18637 21402  8394  4777  7189 10211 12121 14214 15892  4895 26837 13647 19806  6346 16337  3486  2283 24569 18467 18557  6916  2178  9027 24798 12675  6225 26518  5132  8672 13159 14758 22376 13310   311 19336 21657 12439   376 13414 26873 21273 20748  2928 12197 27111 12257 22591   112  9239  2419 23210  4069  8572 18948  6501  4848  7992  1747 15582 26742 22243   513 20298 14814 27138 18725  8345  2886 25755 16318 18791 13547 26124 16577 11236 18715   917  5192 12253  4057 11311  4168 26045 10219 26969 15810 23566  2279  7483 22230  7248 25008  2608  9361 16781   657 22554  7321 11072  2612 22165 25944 22750  1020 12639  3623 16211 17579 24283 16463 19987 22139  9413  9759 26705
 18836 25313 11792 11304 10971 13982  8631  7240 25415 26113 22891  4303 14831 26370  7351 12741  3420 19161  7983 22465  9214 24550 18559 19195  4806 21543 13267 15538 21217  7371   814  6517   851 24166 17309  8849  2145 20201 20896 10040 13664 10320 19935 10574  8575 25982 11337  9000  1004 11093 17246 15974 20061  5940 11625 25001 25459  3691  9711 26404  8763 22647  8598   492 24854  2870 18181 24354 22395  2307 13196 17838 12427  8178 22716  9068 26381  8685  5116 13456 26211 15123  1124 21596 15700 18911 18934  5834 10953 14466  9625 22003  3959 15903  5395 18997 12321 15890 24980 23188 22053  6980  7855  9790  1113  4647  4748 19670 11471 26240 14782  9767 25367 17086 11840  8509 17314  1079 10853  2849 16777 16265  8099  2705  8269  5922 13891  9234 13084  5122  6146 20297 24430  1684 13525 23486   441 14362  4024 19111 19786 14371 25389 10313 12843 23488 11876  7968 18821 25652  6460  6032  3647 16388 11778 10593 25055  9856 21919  9919 16536  4586 25053  1900 20637
 21426  7778  3586 11314 10110 12128 15359  4471  1378 22844 23864 22811   226 19953 21958 18394 20154 16029    53  3177 20731  6690 22280 12017 14634 12175 25126 20972 18487 13049  4496 11753  9888 21406 26515 19981 11538   880  2732 20342  9105  5292 20423 18964 26202 26357 27038 19707  3684 21073  2991 15356 10746 19243 21078 17495 16497 12973  2344  1878  8597  4085  5965   644 26914   433 14048  7700  3160 14558 20331  5352  3481  1235  7004 21117 20490 23350 26893  5235 23487 18779 26087 15800 24748 16997 19303  1882 12983 17556  1214 24820 23729 24453 16893 18570 16829  3250  4463  1668  8363 16924 26777 17655  9381 26109 12066 13042 12232  9654 24041 16225  5025  7679  5915  1429 23641 27101  3869   138 20915 26441  1097 20194 21103 19713  9334 24074 21095  1438 17513   151 26778  5606  3835 12043  8873 10968 23333 15767  5774  2760 10797  6284 17350  1005 14443  6214 16655 13543 24318  9101  9346 25361  1606  6826 13719  9360  9227 18359 17199 12740 18491 25753  7123
 23843  9544  7825  1662 14778 12622 13340  6506 20166  5862 11740  4628 21563  6645 24457 24085 17392  3524 21227 26816 12129 22839 19952  1388 18868 14921  9004  3241 25868 13136 10051 22485 22680  7106 24448  6508  9983 15343 22134 10154  9873 21365 10681 14281 17902   964 18795 17137 15511 15565 18951 23202  4575 20847 22351 18927 23071 17901 25790  7056 16343 14776 12991  2750  9768 23939 15027  2176  4251 18220   117 21338 13234 18606  6278  5055   995  1059 13528 18543 21222 25605 22364  4206 17703 12244 24959 19410 18383 22498 12776 17351 27165  6163 22025   236   882  4327  1628  5258 19196 26597 11394  4984 11209   291 15733  5241   443   639  4382 24404  7846 10715  3926  5029 16594 26820 12653 26654  8278 12093 21566 20740   993 11217 10579 18846 22571  8990 23321 11263 17069  9764 11644  3275 26493 10886  8329  2710 23621  7037 10672 25937  6024 10470  5188  8617 26771  1820  5879 12231 15901 24693  8371  4901 22825 20928  7659 24637 22377  9440 26019  9031  9112
 17934 22884 13164 26504  3423 25530 20224 15118 10664  7930 16610   707  2681   511  8501 12355 22519 24425  9022 24160 18784 21903  1914 23238  3458  7686  4221 11718  7766 18796  5328  3394 18595 17943 22245  5143    89  7922 13010 26979 24763  8494 12460 22691  6174 10461 11419  4334 15683 11599 26908 24040 13220  2924 15097  9231 23548 16658 15545 22574 21857 13059 12694    39 18958 17185  4558 13737 10307  3598 21650  3728 21928 13561 12826 12359 21565 24150  8847 18634  5579 15468 11456 19235 17918  3641  8429 12582 19914 10538 21690 16995  6731 16592 13975 23665 21689  4401 17190  4533  5652 13293 16802 21694  7603 19335 25007 15681 15843 23379  4749  1994   510 18683 23925  9732 10880 24937   253  3972  5375 11065 19322 21214  1971 24183   208 25883 13971 18301 15874   155 13996 21164 19121 25391 11582 24909  1332  2139 22826 14103  6526 19719 15606 13222 11566 23127 16609 19309 22461  2184    77 26285 15888  8136 16213 17134  5373  2305  1769  7349 26674 15763  4559
 15168 13603 18014 12336  7718  4976  7115 24647  2754 21153  9972  5495 19551 16109  7563 18164  3621 23092  6624 22440 18351 21459 23723 11250 13129 16037 12786 19238 15526 26999 23404  6613  6723  5910  4441 19695  1966  2463 23538 11914 23683 20184 22004 11346  2303 19484 27208 15667 22259  8606  8718 23970 11670 19552  7677 10659   912  9080 22459 18514 24226 21473 16125  6485 10856 12172 14704 23424  9622 10704  3701  8782  6843  6803 17782 17267 17536 19481  6615  9132  7270 11739 11075 27214 24476  1725  7747 18348  8959 10031 26729 14763  4438  5249 26649 17552  5310 25222  6078 26513 11007  3443 16792 12928 26034 21989 23912 16881 14846  4595 20026 10613 26142   780    29  8081 20804 22123 26408 19421 14974 26031 10734  9606 22295   387 10140   916 16134  8671 13445  8468  5997   930 12592 22542  5899  6420 25117  1333 22075 11440 19447  7055  2009 24452 16885 10364 10632  1807 22339 17871   200 11597  6873 24330 12770 15132  3491  7797 19710  7952  9725 22935  5717
 15771 19857  4431 13678  9450  7527 26172  1592 16533  6866  1465  7584 23644  1552 16791 20870  3039 23784 26057  3816 21069 19800 17745  6691 20372 12200 14165  7996  3332 17238 26187  7502 26656 15633 11175 22172  9593 12140 17426 17819  5204  2925 26980   757 21190 23471  2142 22807 12251 20508  1626 19274 14013  6617 15918 25308 23704 18117 14520 20002 24729 22970  4139  8306  2285 17982 25149 12463  6264  8435 20860  1838  5345  8084 12943 15604 15917 16361 26785  7795 10444  4571 18431 12630   137 21590  4285 18996   371  2888 12006 19455  5496 23067  3457 20666  6042 26237  6575 23932  6667 14487 14824  4269 17422 23896 18203  4137 23558   106 14932 21451 24059 11120 12998  5356 26695 11278 24249 17420  5680  2881  4623 22255 19349    40  8630   966 12485  1607 20588 11958 18376  6520 12272  4717 23429 11469 17616 25042 13615 11403 12103 10741 12691  9837   369  3811 24480  9261  9579 27100 24823 13674 21326 21948 27164  9783 14207 13141  6527  6635 16853 26270 10920
 15439 22581 19449  6625  8251 25814 25397  1625 18104 24406 14746 16117  1489  5000   356 23539 12647  2685 15360  1815  1451    13   350 19334 17571 10197 19709  3829  9699  9542 16732  9207  1390  6015 20057 15984 26452  6655   515 20489  9627 14079 24468 17223 25656 13984 21817 24821  4527  3716 22653  8592  7392 16060  2670  3783 24584  7704 11192  6842 17425 11137 12223 26134 19757  5832 19900 23384  3510 10060  3227  1179 10599 14021  9861  7752 13092  1683 11607  4888 19591  8531 22375  3670  3128 19623 25135 22748  7618 19874 23807 20354  3134 17387 18311 26364 10196 13631 14007 13654 25393 23718  3677  7833 23804  4455 12910 25241 26289  7045 15371 20011 24267  4105 20483 15996 24877 24945 13378  2910 26460  7053  7260 20650 19115 15084 14930 13235  9495  7640  4045 11310  9677 27130    68 17087 27114 25924 12726 16630  3964 17586 17406 16793 25399  2221  4462  5801 20946 24397  5617  5327 12309 10377 17742  7081  4933 18944 11643 25788  9533 26662 12892 26333  4213
 21874 13470 22782 20159  5592 20609 16584  1131  2547  5550 18340 19451  7077 20242  4071 26025  7682 27203   447  7315 11805  3345 11944 21270 10332 21688 13258  2275 15348  4616  3939 23825  8206 15465 19669 22371 22871 17638 25370 18616 19583 13718 25485  1996  4898  5218 18271  9151 19711 18873 14596 13349 13290   450 14218 14269 21267 18489 13064  2969 21643 12782 11010 19187 22897 26175 26051  5217 10044 10025 20125 10230 10290 17879 13598  6585 23078  2816 21519 14786 13530  8787 15321 10453  1232 14977 22872 15580 14413 19254  6996 13214  4909  9265   395 11859 21337  7246 20924  4786 14768  3885 16116 12350  2351   712 25046  6499 18457 14049 21407  6753  8610 17603  3057 12361   228 22654 22663 24171 10702  6760  5469 21828  6787  5741  6837  9103 14067 19220 23220  2304 16785  5596 19184 19828   402  3669 11253  5627 14799 24744 25534 20562  8747 23200 10159 23841 19654  2993  6297 27008  8858 16718  7919 25099 16456  2063 17759 23510 24897 16547 20049  2437 20019
 24680   629 19804  7734 25554  9467 12754  2842 26438  4240 24501 16644 23346 26376 12326 13851 19505  5016 21435  8472  8691  1530 15372  9296 17233 21572 18160 10609 20551 15483 21726 13569  8746  3960 17181 16556 15905 17996 13434  2864 13832  5492 25962 15660 16842  7633  9567 18398  8897 25901 23478 16509 14353  2737  6610  7188  4459 19435 10691 23854 11857 24277 21654 24735 26561 10394   868 18106 16903 12658 10557  8845 11491 23838  5119  6091 10740  1014  1847 26077 12056 22389  1164 16984 24144  3797 10041  5093 17588  4197 25164 23650   115   545 15390 14084  7651 22153  7949  7947 13964 12810  1554  7695  6632   588 21912  8680 19149 21598 14392  2764 26981  1614 22015 19145  5917 21212  1416 10868 14200 18749 16699 17457 21661 16084 12155  1707 19180  1576  4697 11955 18177 13870 13849 11008 26374  9581 22796   485  9002 17707 21921 26822   896 22205 14031 13944 13553 19464  1028 19805 10738 10278  9769  6342 13167 17358  9025 16638 22016 11188 24198 12429 20176
 15506  5561 20757 24528 16465   634 21247  9982  2203 13633 25946 19017  5986  8668 21254  3286  6349 21816 23417  4179 14638 20628 12538   578 13497 26602 25704 14817 20319 13225 26160  8515  9343 15354  8415   276 23006 15012  1205 22094 24753 24675  4946 10505 16659  9946 20743 23250  5989 21635 19326 10849 13122 12238 27217  3881 11455  6104 11736  1792  4494  9322 25409   189 13853 25157  1811  6282 13203 19039 10944 10950  1548 25501 25838  9639  4960 10460  2876 13683 16356  4892 23703 12951 12479 16492 14364  6472 17328  2785  1447 21466  1301 17450 20547 19775 26974 18766 17841  1969  9405  3922 16231  5853 25903 10289 24439  1398 11608  7675 25432   568 23907 27190  1003  7945 17124  6496 22565  1944  6629 26432 23715 25199  9570  2806   696 13936 15482 26267 10675 12081 23635 22237  9694 21713 22960 19214  1561 13254 25514  6682 15147 13621 17515 11417 10521 12564  3157 26089 14942  3070 26147  7760 26383   331  6228 21182 20188   428  8040 23089   373  9637 23770
  6507 23098 21840  5681 23619 26589  6164 20351  5195 12993 11164  1253  7361  2240 20113  7978  7528 26280 12228  9138 27075 10489 25354 22010  3538  1510 20261 24955  5695 21137 22525 17135 11083 16812  6778 26930 27169 10239 16775  1480 12233 24574 21547  4429  3097 24599 15120 19924  4252 22858 13790    85    83  3578  2224 17494 13281  3388  3095 20822 15050 16888 20912  7488 15824 19587 18680  4204 27034  4146  1341  3125 10022 23353 11915  4560 25336 21160 19043 12877 22417 22109 16764 11161 15691 26524  6467  5610 18151 20181 12276 13734 22388  1622 25221  1637 14538 16088  2306 17853  1920 15812 19202 17932 14775  6887 11246 10330  2761 23043 18131 18214 23554  2599  9437 14058  7370 15459 12080   740  3343  4028 26756  1682  3737  7287 25311 20330  3449 17207 11170 11798 26133 14517 17097 10356  3119 26154 16886 14819 12742  5099  5929  8022  6897 10961 22110 13015 11842 24025  4522 26791 23927  8027 26766 12213 25987  8586 12362  1602  2619 20992 20524 20778 17052
  3254  3967 13459  6642  2987  8504 10035 26193  5931 22429 19311  5582  1742 18361 11972  7155  6906 24345 14985   873  8074 22718 26625 11502 21236  2232 24065 20074 11004 15968 21737 19524 14858  5506 25589 20318  1558 13103  7407 22092 12110  1930  7451 20875  3945  4966  9522 20739 17437 23272 13003 12539 21525 12676  8441 23385 18036 14380 23134 16113  1712   429 18174  6497  9373 17374 20383 26622  1227 21325 27068  4855  6599 22981 14656 24673  2201 24809 19430 16720 21298  6017 20020 26035 25786 26775 13098 20439 10056 19486  6678 11564 25865  6649 21724   130 14020   135 12237   134 15047 12937 21090 25524 23053  3127  4795 16375 21003 15780 18108 14769 15217 26008 22486  2532  1535 20991  5326 24592  7536  7365 19965 10843 19065 23928 18420 11725 12184 24656  6619  4353  4371 13594 18395 14653 13208  1129 15223 12681  2180 10424  9028 16315 12065   965 26192 24956  1340  3274   169    49 26210  9950 21704 24665 21999   108  5408  1795 18345 21899  3908 11800 10633
 11220  1344 11868 16559 23816   867  4244   145  9532 23822 11661 20474 24841 18610 15326 20770 27033 14675 26354  1361  5682  2485 12470 14591 19324 23866  4277 26605 13333 11060  2699 23603 21144 22358  3552  2701 17539 13229 17777 20227  5620 10073   358 18519 24539 12525  2342  3397 16754  1115   903   313 15484 19405 16453 16921 16773 18189 24989 18072 25146 15646 18786 13452 21655 16039  2649  3299 26444 22221  5769 16525 22950 19949 20917 20463 16813  4619 25368   544 26989 24559 14756 10838 26655  2945 17743 13436 23369 11151  1521  9642 22627 19547  4637 24731 11833 20340 19847 10237 12343 23777  3575 14566  4245 12599  9882  7680 14540 12209 20290  3280  2829  2819 13746 24446 11094  9594 21930 10170  8953 17000  9714 25855 21942 19846 19088 14832 27187  4561  3079  4089 12833  3295  8503 19325  2267  5376  3742 11194 27185 18012  9777 21606   929 16617 17295 20993  7457 16466  7854 21113 23989  4224 12848 16727  9319  6294  6746 20957  6779  7112  2781  4332 17993
  2512  4605   363 22308 24067 13071 17869 17337  5788  1290   796 22937  5577  8817  6809 11812 15154 17504 19383 21048 12771 12889 12201 19888 23142  1077 26196 16711 25383 19126 10215 26251 26505 10985 25096  9433 21910 21501 17085 22288 18589 27128  6757 15344 15831  6127  4996  2071  2915  7723  9610 27055 14677 10238  1326 12774 17231 25887 10560 10449  4396 10542 10580 18090  6268  2921 17293   128  4782 18233 17642 24999 27041 10415 20720 14479 14936 10757 17744 19364   324 17339 23235 11775 21971 17219 17929  7931 13093  4992  1945 18841  6871 19262 21135   274 19686 15944 21747  9434  3810 13902 22455 21866 18875  2154 12508  6564 22930 13186  9240  7058 23831 25476 13204  1734  4783 19053  1439 19958  8038 19204 14070  2177 12712 27127  7657 12082 26075  4869   842  8625 19015 21990 16796  5728 17129 19744 10156 20838 16289 17683 24374 15719  9257  9887 12804 25138 14589  1462 25821  5898 20101 11635  8013  2792  7810  7820    41 10766  9929 10974 24741 17284  7153
  7299  5052   414 12421  9910  1384  9362  1183 11951  9661  9120 24987 24433 24642 19426  7468 23874 13200  5811  7798 18851  6362 20835  2715  5100 19074 18217 23432  3874   531  4020  8217 20498 18874 25825 19885 26322  3722 16335  3746 21518 19113 15453 21238 16313 26138 14850 23872  6431 12972   413 15157  7629 15115 21980  3643 17500  9011  8223 13491  8788 22774 16694 11320  4339 10821  3151 22423  6592 24323 20958 19664 14609 10747  8174  2223  7253 20506 16261 23666  9193 10255 18953   989 15363    78  3840 14818 11452  7343 23913 11732 17995 25287 16941  4887  5508 22450  2723 23251 15584 17102  1310 10103 12792 20309 21660 20345  9573 27188 23527 23760  7537 14804 12100 23620 27225 27122 15796  3696 24214 24948  8448  3413 20039  2011 13170  3836   462  3687 23308 23191 23162  3976 12819  1251 16623  4655  5378 18871 20416  5341  8404  8024  6182 18462 24536 24118 13860 14513  9633 26514 10908 18630  7844  1777  8219 25831 26006  9632 18031 16710 10084 11230 20477
  3588 10648 16511  1559 11324 16204  8245  5396 11822  8972 11656 16214 25089  3451 10631 20107 10674  2113 23707 16443 24050 18582 12325 17227 17728 16165 21323 12179 25189  2105  4730 19777  3348 24652 25454 25586 12728 22396 18492  1656 11970 24466  2350 24401 23450 14038 19993 24288 11381 10092  4975 19784  6217 23642  2109   216 13466 25268 25565 10335 22740 23088  1763 21421 14343  6671 23889 23426 11827  2972  1027 20643   422  1965 17895  1853   763 19930  9485 25723  3786  4602  1383 17471 23158  8407 12838 15774  2205 15365 24591  7804   546 17791  3000 25820 26121 23320  9598   201 23722 27113  9060 17863 26567  6350 13652 14623 14891 23750  2625 13101 17714  7319 14651 22955 25379 10411 10711 25968  8359  1237 14341  1291  1593 24403  5865 17590  8458 13394 16198 18539  6749 22078 14619  4827 13247  5808 16654 19031 21703  1011 19950 22379 19889 19183  2319  4498 18102  5187 10280 20381 15351 19341  7304  1440 18118 10582 14710  1612  2797  8636 26180 17175 21632
 12840 25182 27078  9311 21557 24289   717 17482  8349 11932 17854 10132  2728  1621 13301 11240 10406 26762 12999 21797 23030 24292  3732 12617 19081  6810    33  1102 26857 20745 15617 11134 11054 23446  7557  4474 21408 10651 21939  5023 26178 17459  5431   260 21291 17493 26032 22585  7923 23411 26553 20725  7643  7203 21897  8735  7119  3421 10863 10165 18891  5461  6193 12900 15093 19259 13604 13138  8730  4720 11560 25832  2287 17115 22079 13909 22462 24379 26234  9276  6132 12995 22210 19282 13354 10024  8706  9350 23303  6565 23870  2118 18478  9462 10546 16112 21769 10217  5912 16867 22171 18612 17483  7381  5026  1491 20565  8149 21631  9033  7789  1086  8516  8151  6647 18973  2556 17256  5601  3094 14285 14655 11998 20493 11969 26399  3573  8588   969  3330 18682 24148 23375  4802  1540 24725  3150 26282 27023 12400  2464 17527 15776   609 24510 25751 14864 10282 15007  5625 22548 10054 20185 23452  1281  7705 10198  5938 18158 25879   593 18218   512 27087 17365
  5146 14160   786 21339  3264 22845 21469 26003  8414 22193 22234 13691 25245 16244  2958 24015 10991 20521 18797 18520 25734 22399 13974 18527 14785 16230 11720  9464 13448  1905  9442 13089  4942 13213 19860 10169 14211 16180  8827 23454  9692 12911  7974  6799  2172 25975 10325 13420 18371 26681  3531 24035  6153 22797  9498 15670 15679 20614  6125  4395 14401 21362 24471 18230 15738  7205 17260 17970 26271  4981 11548 20008  5676  9451 10531 22974    24   719  3053  6172 12651  9765  2366  3309  9210   238 22659 19891  3248 13063 12646 12812 20010 18850 23223   875 20890  1265 17310 19764   114  6344  7631  5753 24095 10530 20329 18916 14173  6379  6450  2948  7327 23296 27168 24915  6243 12240  9731  2564  1743 26842 17035 16239  4994 14916 15207  2276 16989 23277 19367  3683  1689 13163 18288  2362 10590 22821  7353 22064 10697  2519 23578 24418 19788 26004 13190 18774  3490  8336 17911 23072 21573   326 26326 20140 10891  6990 10615  9131 24565  8461 14043 23393 14555
  8102  7641 14780  4534  3484 15170 25890  2541 16520 14252 14105 26292 25079 26651 14754   850  5547  2656 16104 23778 20955 16637 20851 23431 22355 26947  9911   617   500  5487 11522  8064  4122 23508  2197 21288  1374  3155 11777 10823   184  1661  6378  7639 12858 15750 13868 26812 11685  1271  9811  5141 16914  7543 10161 25060 12239 10761  3681 11983 11585 18750 14420  9779 13558 13502 11499 10716  9823  5476  5046 10690 20135 24101 26870  7684 13658 17702 12396 20469 11237 26421  8524  9216  9750 13002  1206 21922  4292 16626 13751 15209 26603 23547 25917  8627  6310 16708 20800 14168  8235   655 25119  8386  7109 25128 10131 23166  6406 25109 27071   804 13175 19026 25562 14680  5129 22043  9870 18319 26304 10819 14668 11702 13406 13051 12033 18526 18374 17379 20127  6477 19770 17797   999 22001  4881 21439  7007 17188  2834  5842 26013 16093 20209 26481   732  5470  3793 10181 21460  8604  6088  5666  4742  1733 15627 27043 17478 18805 25049 21340 26807 21041 20597
  9348 13985 20951 26246 23593 16195 26919 12807 12171 14859  9278  9344  4810 11742 22322 20826 16412 24543  8581  8830 24631  7524 19835 16460 11180  8755  8615  2272  3102 18686 25419 23218 17010  9157 22535 21274   164 25103 15692 24109 26817 23509  7001 10228  2048  5242  7550 25915  1249  2409  1870 26274 13787 13317 16082 19818  4038 19062   630 25626  4354 15868 13334 24793    18  4956 12269  1065   192 15213 22452  3389 10789 25772 15734  3898 18469 24509 12778  1162 14753 16278 15386 11327 10388 16455  1461 18307 25603  2160  5622  5868 15814 23042 18157  7613 17316 20773  8094    20 25665 23007 22713 24286 12205  1159 16652 18845  6761 13347  1373 14911 13066 13219 12544 25083 19194 11454 17925 12950  3314 17583  9134 15689 21218  5963   936  4675  8906  1122  4811 14113 17200 20570 14474   734 15220 17111 14647 24170 12878  5719  7206 13820  4115  3046 21077  8673  2013   922 10248 16350 12337  6455 26949 13852  7891 21777 21978 26173 16178 25250 18802 21157 26904
 25047 10528 12762 21319  2577  2591 25553 21729  4073 19979 22091 10532 16281  5795 16650 12235 16672  3479  6885  5874  3172   224 17431 14124  4814 15136  8649 19176  8811  8418 14848  9098  8083 10076 24875 15875 25997   282 20248   430 25414  7057 22208  1358  1699 13978  6543  5234 22242 11906  7130 23903 16392 16254 20165  7394 25862 21722 20662 23845 21611 16579 18575 25653 18494 20873 15873 18971 10430 13808 17434 15650 10786  4832  1294  7043  8311 12221 27176 13335 10229 10009  7753 21252 10527 22066 26235  6083 21332 20455 11519 18565 23520 20647  6821   560 13879 21976 20157  4980 16716 26864  3315 15678 26417 12242 13523 14230   795 20823 25826 10836 26355 16268  5149  9720 15939 19621  8912 19647 24431 23408   700 11411 25176 12277 18302 10946 16616  8797 18139 20369  8319  2423 13973  4451 13091  2277  3461  5945 26206  6641 15140 11701  8752 18251 16406  4196  9831  4357 13648  8758  5114 26303 16119 21700  2949 15880  3724 16062  7972  1855  5916 16942 17433
 11261 15793  7516 10006  5275 18162 16675 23253 18257 16810  7576 23433 10440 18365  3863 16185 13986 22408 24033 21523  1166 13161 16094  7158 13409 11801 27010  7697 11705  3672 17946 16669 24511 21770 19307  7071 26641 15755 23226 20240 22661 25387  2338  2374  3798 26962  2251 23349 12944 11794  2326  9352 17154 19928   854   528 20738 18298  3403   702  1786  6063  2244  8742   459 10905  5081 26498 25356 13671  6049 17851  5827 13036 14444 20997 24164 14998  3594 19041  3113 15943 22252  3889 15837  8602  1311 21745  6476 25961 25871 24610 24234 19743 11622  3465  2545  6580 27184   967    57  8565 16280 16357 16251  8434  7226  6425 22880   303 27081 24921 25084 21409  3674  5181 12195 26694  9201 16538 14541 14100 18954 24873  9314 14303  7337  2115  2124 24326  4124  5730 26934 24733  6123 11678  1750 15229  3630  4129 15769 27097  2882 22006 18702 25062 17776  7312 20610  6369  9896 18506  3013 24335 19513  2702 13068  2513 27125 18811 27195 15167 14607 16168  8412
    66  9226 20515 16896 20550  9478 18242  5630 17447 23425 16548 11480 14507 10611 15607  5260   821 19419 17264  1915 15823  5619 10284  5638 23155  8969 22770  6336 16943 15304  6251 23936 20333 25072 17748 25178 24863 25724  5414  2778 15135 17604 19599  4765 20825 10246 17898  7010 19333 11446  8285 10724 18317  5505 22589 13838  9742 10090  8690  1523  4503 16503 27025 19478 12019 10200 11308  6686 16290 25228 19821 18451 14253  6139  6689 18390  4106 15829 13427 21977 20311  4321 24929 25150 20324 19404 15073 16432 15583 15809 25325 17619 19474 23177  9963 15233 14317 16686  6470 21974  2641 15522 23562 10827 18150  7277 12806  9949  9740  2773  6521 25492 14299  4665  6265 12955  8032  7914  6387  1717 18511  7208 12520  3655 13948 12012  5990  5510 25870 18256  1676 12487 10438  6907  4009 10977 25675  4032 18182 12916  7469 13024  8705 25474   565 18015 18580 21992 19037 17346 12295 15013 20906  9217 14673  2735 11627 26853 24870  3364  8796 21028 10981  3977 19225
 26749 25700 16250 10108 24679  2930  1957 18590  3518  9850 22685  9455 15592  4572 11016  1199 26492  8558 15630 11551 10973 18528  8642  9693 20339 12391    32  7314  6263 17860  6129 26584  1320 16698   614 22688  5903  6553 12966 24941  2661 22002  6195 17251 17252 18882 18207  9046 25014 18507  2211 12154  8766 10667  4588  5609 17735 18219 18631 11378 26011  9246  8230 11341  7738 20973  8775 17131  1084 24444 14697 11339 17963 25478 18722 24398 15640  2029 25386  3656 18901  3910 11500 12273 19360 12503  5621 20863 26263  9393 17026 22247 19799 20831 26872  5175  5148 17994  2621 15176   295 15747 23161 26293  3498 25264 20913 26414 10414 12861  2789  8325  5321 21630 21544 11119 22159 11860  8020  1457 27050 23392  6844  8657 16415 17217  6498 25075  9402 26712   158 13650 17964 25795 23581  5063  1459  2745 19811  8082 15100  5054 10791   693 24490 14480 20978 11062  4074 13733 24933 24225 11297 19219  1954  8358   470 25992 25066  6459 25620 13557  4727  9980  2935
  1995 26471 21128  5629  5512  6490 19698  2553 16758   175 10066 18681 21006 23745 21428  5247 23295 13408 20064 26146  7486   157 19393   289 18005 18033 20279   845  7872 11910 26519 20006  5631  8342 21410  7542 15618 14206   899 27099 13706 11426 10750 12317  2522 10692  8164  5362 24012  8824   503 17121 17407   254 11787  6483 15519 16106  4279 18435 25952  3088 21388  7850 11838 20066  7614 10779 15980  8715  2281 16158 18806 24382 24230 23076  5560 23444 17825 15957  7661 27001  2234  4526  7869 18342  8417  9195 19665  2752 22747   675 24658 24284 12347  3509  2743 10829 10653  1977  5499  1860 20202 16788 25600 10688 18291 14305 24791 22173 17050 11040 27096 20677 26010 14357  8815 19203 16398 17179 14678  6703 26551  2478 22898 20512  6305   911  1556 11068 24556 17404  8675 27175  1652 17110  1040 23271  6047  2905 20984 13034  3980 24689 26265 21807  9523  3794 21915 23564 25013 13537  6700  4218 14645 19139  4171  8120 23963 22751 27118 16047  1009 13932 10932
 24189 25141  4282 10744 17353 14767 17258  3736 21155  4236  6791 22833 22505 11048 24334 20256 22530 14035  8199 26297 25357 24582  3523  2538 16210 26675  2259 13586  3341 20244 10187 14261  8284  9099 12069  8025   577  3712 15228 13744 16333 25807 16807 22669 26474  5694 25034 15314 10190 17605 13700 25433 26617  5050  4150 14886  2179 24542 10472 24185 16531 20790  3612  4297 24979  7066  2229 16057 15288  9408 27215 25236 23883 21537 11854 14705  7280 21074  1584  2332 11171 20760  8119 18167 12543 14995 17065  4298 17584 23457 25888 13622 16374  8985 11350 20291 18200  4617  2021 15936 26448  4805 17364  3086  8257 18137 15598 25018 16396  6439 17795  8933  5669 21277 18578 11557  7453 18655 12930  6487  8712 10180  8330  8246   146 17253 18724 14791  3242  5164  3950  2989 25676 18607  8860 14795 13748 12561 10949  4183   744 25540  6289 14247 26279 11397 25208 12919 14280  9364  5690 10955  8302 13423  5737 13943 12177 17574 19864 12297 17671 13992  1833  1381 12320
 19884 22436 12083 18244 22779 21839 12708 20223 11580 18234  6798 13521 23377  7967  4007 11303 19023 27186 21787  7285  9194  9283  8044  8941    87 14017 15855 23546 17306 27036 27054 25710 10410 26637 10116   342 23035  5878 13642  2369 16092 14094  6505  1512 18801 11505  1577 16473 25504  3652  5771 19084  9665  1063 15989 15357  5091  5715 12159 21490  2965  1423  9310 26209 25440  2330  7762 21953  6100 19212 11122    72  3525 10057 15058  4255 10295  7763 15651  4999 22512 19783 10730 22922  2388 14399  2951 20051 24519  2450  3503 11931 21282 18385 23982 16475  2907 12004  5519  7107 24623 24566 26915 18800 15645   177 24879 17053 27028 15552  3937  5439  4967 19369 22599 17074 19288 16856 25566 11949 15334 25637 17731 17006  5734 19893 17980  4830 23086  3542 11649  2727 19961  5583 23748 24682  4535  6588 26318 17564 15499  4553 24572    61 11764 21947  1579 16606  5914  8379 16440 18113  6603 13548 10513 16671 16717  1938   171 23084 10534 22956 12524  8107 21776
 17067 24546 24786 24687 20949 18057 19997 22895 22969  2320  7808 20025 20254 10412 19071 16736  6007 14852 13694 15503  4745 13207  9619 13460  1021 13900  5785 10016  3978 22112  2803  7953  7360 22798 20802 24016 26840  9616 26608  7413  3354  9357  3585  8946  5262   241 19589  6008  7712  5603 21129  6636 22843  9960 24191 17094 18089  4932  3738 14640 22615 14652 21679 12596  8115 18433 19002 24389  2873 21820 26666  3334 16129 19528 25480 26359  1487  4095 16044 24816  8377 23959 19923 19476 18556 19814  9477 10522 23481  3016 12467 13987 13318 21229 17064 15126 17682 14024 26733 10898 20420  3593  2041  8267  7574  4210   874  8740   626 23119 24814  9862  8756 23991  2976 23420 11472 18277 18338 17845 13464  9003  7442  5800  7612 25265  5293 19570  3658 11642 17865  8579  2282 16508  7305 10003 20095   932 18592  3852  9801 24615 10960 14156  4873 19509 11430   386 19470  8256  8353 20344  5452 20485 24691 10657  7092 12574 26798 19201 25555  3839 13009  9274  2551
  2600 26988 14092  1526   227 26083  5106 13898 16719 16863 16141 13587 21920 26626  6891 19837  2194 10226  5536 14931  4372  3883 12758 19327 18350 14137 24586 19135 22324 11843 24500 26443  2620 24298 11711  4083 20578 22035 13110 16760 24730  4882 20983  6886  2196 24577 21767 17349 25261  2954 20657 17828 18188 14622 13014 18259  7976 13546 12016 10429 11954  1539 20494 12791  5953 10514  1222 16825  1762  4117 16783  7301 22788 10416 12351 18694 25897   803 27026 21173  8062 16743 16660 25116   727 12875 22157  4723  2651  2587  8951 22794  9302 12714 13211  1766  8290 20434  9852 16184 16101 20567  9040 10857 18691  3304 25873 11825  5291 15641 12089  7178  9188   323  6583  3396 27007  7776  1252 15045 21350 26065 17908  2640 27204 12747 12736  5012 14277  5471  2135 17973 16830 13831 17572  7062 22617  1256 26757  5764 23800 12703  1242 22989  7181 10930   144 10967 25407  9838 24423 20424 25285 22188  4943 11802 10727 17109 20482 21546  3262 23897 20389 19897  7170
  8648  9726 11850 17689 10564 17342 19227 18773  7439  4718 11535  8634 16330  2119 23534 14894 19066 13173 26412 17781 19825 19346  9072 26030 14624 13090 10641 25646 24602 24072 26405 13344 10673 20846 25012  9406   285 14595 19490  1476  4141 16075  7636 21393  5053   357 10893  2917 22836 25429 10504 15181  8076 10459  7990 20944  8279 23266 21604 19314  4485 23830 22011 11624  3651  3996 22331  2899 13725 18866 23512 24434 22692  1389  1708 22985  8065 26317 26278 11173 20764  2010  2354 11413 26525 14315  5709   530 14476  2468 19134  6247  6923  2626  1437 12067   858  5216 11195 26149  4026  9115 11342 19682 17210 26839  6861 24954  9935  2078  3379 20850  2216 22808   913 25715  5340  8790 24357  3514 20238  5317 15318 23412 11640  5835  2373 19153   621 11470 21096  1961  4461 23591 10992 27211 13273 15860 25467 21260 26099 18799 14533 18197 17875  7149 18602 23322  9016 14323  5011 15384  3822 14141 22850 24392 26710  8964 27073  6935  6445 11300  6165   835  9062
 25809 20859 24353  1598 24333 13731 18967 10348  4846 22229 17285   811 11210  6846 15706 14081 20862  4582 20726 17977   852  3391 17391 21898   539  3199  9942 24984  1038  7907  7708 21162   256 15611 25720 27112  1330 12469 16469 16217 20410 16737  3850 16008 14345  1778  8955 23629 14725  3190 18468 26586 17846 12150 18043 15112  4358  7569  2004  9644  4017 24963 20885  6917  8057 22406 10233 22862 16267 24130  5549  2104 25602 25895 16681 25932 26527 15616 18672  6657 13312  4891 19630  4941  9967 23805  9795 14537  9738 12304  3827 25732  3198   309 16061 11115 10193  8986  4051  2299  7652  7441  5323 10462  3785 13277   452  9241  4397  6205  7961 20557  7745   832 22892 15206 11372 19246 16399 12369  7110 23611 19237 24860 18450 25275 23282 22108 21929  1157 17534  7586  8851 18760  3526 20081 12932  5197 10188 14956  1460 23427 15587 23992  6856 11432 23658  6016 24311 27051 21170 25246 20750 24570   681  6888 15781  1998  7218 15081 26365 26131 26761  5644 22203
 21395 19558 12551  5643 19040 15417  4081 15208 13245 20406 11652  4964  9933 15094  2371  2435 23083 21441 23631 26012 22735  7310 18633 21249  8035 23212  3263  2269 12243  1309 23438  5863 23923  8465 12373  1181  1633 17698 11312 24727    71  9149  6478 19073 21985 15432  1967 13356  3223  2658 21015 19790  8665 13453  4927 12044 16256 12851 20440  6372 24638 23648 10393  2120  3471  2352 21868 18094 21696  8759  9446   833 26728    27 21301 16245 25980  5777  4052  4344   197 18670  1307 12637 11836  9974 10928 15589 24882 24651 21891 19414 15626 14199 14971  4974 10272  3807 22057 14118   113 17101 14387 22547 25761  9165 11745 15788  1071 24782 25335 17475 23500 19428 21493 22849 21936 14110 13881 17411 26402   538 21100 19258   687  3183  1111 14090 14082 19418  4815 17906 23182  6530 15998  8321 13109 10753 10001  1087  3603 16726  4148 16915  9650 25090 27136 15949  3871 12283 16149 11721  1543 13485 15232 23490 25048 26208  9242 11352 17390 16032 18808 17550 25067
 12542  9746 21210 10749  3021  2246  5047  7147 17694 24140 10288 11208  7989 13016 18581  1241 15214 16072 21364 24320   963 25721 21670   399  8260 23316 13728  3496 26419 23140 10225  3326  9095  6401 13158 19244 27015 10445 11510 10137  5248 21549   488  4676 26702 22793  7980 27092   864  4119 11563 22402 22329 20358 24700 19555  4343 26379  8638 23996 14246 12091  2262  4486 20573  1703 22739 23197 16541  2140 11762  5890 15517  3665 13976  9189 14978 24940 20012  6538  4041 22698  5875 21472  7223 26259  6569  6411 26736 11829  4159 15908 11001 11604 17757 12192 26523 11305  5483 10189 17427  4227 19595 22080 10064 22344 16348 25449 23697  3779 16381 17949  9560 13444   379 19128 18671 21262 17606 24985 20132  8365  1283  5747  1296  7485 19567 24332  3632 25666 21131  1190 21158  8110 18336 19172 14446 18270 10002 20816 13179   790  6227 13705 16115   442 19372 18081 11074  1564 13653 24386 25949  5881  1492 26604  3667 14959 13446 27103 20115  3055 10772  7239 14808
 13602 22954 23588 20168 19020 18677 26316 25657  9001  2936 17758  8909  9382  9421 18495   355  1136 14896 21172 19289 10854 22304 22828 23749  5928  1345  9898  7330 25551 17944 19144  5939 23132  4793  2421  6245  9119   682 18842  4859 15143  7663 17774 22199 15600 10163 21648  6035 17855  9962  8629 20451 20343 13626  1964 23961  5696 21739 23004 10150  2050 21625  7775 17430  6659 26739 14690  6001 18674 20421  8056  7423 20379  6936 12598  8968 23357  4296  7480  7388  7580  3438  8896 11719 16666 23705 18653 14136  6755 16270  9448 18146 11387  3320 10385 18225 19964  4400 24447 19366 20205 18699  9318  5285  6590  2091  5778  5189  7779 16389  6704 24157  7764 22704 12360 18940 25009  1666 12330 12692 15305  2236 13619  4049 16273 12522 19425 23405  8828 20280  1906 15134 15741   496  8201  1953 18007 11468 19646 24278 18029 19658 23975 16872 11087 21510 18861 12619 25662 10347  7318  4640 21108 23849 21626  7391  4177 16887 16277  8826 20147  5391 14565 26367 19440
  8502  6707  7238 10567 17265 15687   665 21266 12490 13854  8197 19443  4274  1550  7497  7566 26897 20746 22266 19316 22478  1085  8355 20491 16140   481 17947  4061 18028 26805 22992 14015 14875  2572  9338  4919  3659 22579 17239  3661  5005 23886  5344  4962 15473 11081 10254 23270  4235  8911 14374 23649 23120 22731 20398  1244  6313  6956 17877 11867 19586 20053 16156 20136 10099 24826 14255  2990 14014 15106 11329 20691 19832  8848 17438 17768 16096  9291  7476 14065 19211   455  3615 16312  2850 11712 20000 17992 11620 23207 24437  4256  2472 10844 23751 25259 17112   627  8498  1881 17245 22196 18023  1940  8641 25614 20595 17040 12954 27141 18635 13033 16162 10062 13029 18074  3430  1101 12118  4768  8367 17709 18275 16847  5160 12645 20444 13413 19945 24126 25861 26185  3565 12895 17304   761 26876 19971 16835  8517 25400  4979 21507  3181  5988 24507 16227 13926  5836  1623  5003 26543 10378 25233 20660  9678 24179 20264 19749 11864 12906  6046  2430   525 19182
 23389  3590 17794 27067 16189 22082 27139 24502 24622 15391  7913 21203 11723  1574 22959  1347 18248 14615  8935 18703 19498 23418 19596 26829 17957 12615 14144   154 19189 13885  3720  9468 21819 25679  2019 11204  2618 11541  2099 24710 24563 16874  5504 18049 14126 19773 25326 10695 17107  5784   432 16172  9431 14731  5266 18391  2075 19091 20998 21039   454  5109 16517 25006 19609  3649  4121 21230  9484  2220  1691 10487 20067 17651 11414  1932 15805   597 13617  1862 16464  6106  7977 24491 20259 25364  6006 12071 13498 18867  8640 24931  4165  7654 25151  7023  8252  5994 13012 24935 24202  8741   872 18789 13183 14052  8170  2190 17677  8869 15475 17145 14658  4911  4189  1791  3075  5594 17859 17904 26454  6025 22240  9976  5254 15718 25689 21300 10986  1078 20652  8486 24903 11759 14349 23921  8805  1859  9745 25963 11427  8489  9521  1224 10777 19248 12450 12040  7909 10644 10639  9219 14867 16751 22719  6433  6374 18479 19370 24152 24141 25692 17415  8452 23249
  5634 18204 21602  6444 14427 24315 10910 25560 15588 11707 23297 12259 17202 24063 16262 21471 10798 17818 11319  3369   127  6748 13120 22932 15723 17887  1325 18071 25168  9554 19655 16163   774 22192 26619  6857 10523 24960 19948 16857  8123 14321 11680  6934 16191  7121 16320  9747 20728  6422  2695  4222 20221  7853 18406   477  5196 27076  9192 11726 11205 15569  1619 12157 22586 11091 25763  1899  3758 23906 26594 21665  1898  6059  3006 24296  5377 25390 25857  7484 16969 22077 14455  6275 12909 16816 12721  9878  2243 25114  5084  7896 22414 23038 24376  6939 18377  5357 19454 26676  8874  3187  2571   926 13149 27021 18939 19549 20130  5542 15960 13155 26487 16069  9835  2841 18693 11750   448  2722  8039 10263 22791 16439 15768  6672 14429 16053 21982 25750 11265  3176  4127 18263 25329 12621  6982 17622 15061  4173  8340 20380 18447 15992 23122 21649  7849  6859  8958  5468  1247 19058 26296 16761 24210 10401  7637  2159 10503  6424  9951   645 26115 15663  9008
 24031   771 11466  1704 25097  1768 17089 25929 15703  1649  2712  2402 17990 14311 16137 20793 13447 26349 25255 12146 20138  4140 21993 16316 13282   405 11529 14980  5359 26221 25796 18969 20419 23081 20085 21966  5494 11159  9541 25196  7161 12164 21065  9744  8308    21  3522  2780 17886  8932 12130 13822 15025 18030 23503 23881  1298  5290 14150 23328 22372  6898 12963 20417 11363 23330 24402 12705  7104 12548 24855  3110 25343 13645 15615  6947 20077 24241 16910 18482  9964  6596 21923   666 19112 16111  1955 18083  6754 13346  1284  5406  1403  8276 17519 25322 10355  7008 12830  3324 21066 26769 18921 18834 13698 26042 23422 12967 10398 20079  1435 20721 11022 19813  6398   595 13367 18894 12905  2629  6872  3141  2502 15835  9284 21483  6203 13850  5307 11716 15435 12275 20457 11360 15668 20336   543 15568 11444 19158 19878 13428  4673  1221 15665  1493 22640  2491   136 25231 26397 20751 22317 25299  1701 24785  9743 20841 11769 24590 21382  7496  2774 13074  2536
 19500  6944  2459  2470 23298  7445 26182 21926  6630 19461  8152  3633 23073 10912 17820  5856  5451  3694  5040 12880  6423 20429 16900 21438  1651 17036 21191  6210 17038 18333 17446 25696 24014   255 15128   501  3361  8511  8385 24506 12476  1395  9378 23135 18306  8526 21087 19826  1023 19458 17600 19631 15924 18424   244 13804  6550  6514  7339 21336  8825 25210 26015  2861  6462  6071 10317  8696  5838 12353 13363  3036 26009 11069 26926 14893  9229   308 19963 12625 20497 24759 22710  8139 18952 25914 22211 18347  4951 23876 22652  4383 11153  9604 14296 14660  1351 18404   180  1697 24308  9116 16048 14251 13875   589 16051 15808  7399 23236 16505 19217 14741 17915 15576  9868 21167  3921 13777  7944 17861 25297  7168 10768 26683 23045  6905 12444 15462 26325 16772    16  4900 14536 21008 13131 14654   567  9258 16490 25806 26688  8940  1108  4420  7482  6817  2984  4820 22984 27063  6052 10585 19390 24124 24300 15194 22637 26781 17048  5049 11332 26856 22041  2983
 16003  2042  2895 12974 22690  7434 13047  3721  7398  5983 10806    58 23009 14130 12632 14734 23861 15323 11567 14552 18328 20876  8567 17811  6925  8368 26894 11527 16209 20462 10447  8226  8430  9525 16851 15609  5969  7809  2425 13438 26776 10802   904 23299  5818  2678 23294 17172  6465 15004 25682  4517 26319 19990  4499 19796  5393 26331  1671  8200 17106 13660 18341  1387  1322 22104 20954 11654 25482  7801  1339 23988  2650 25931 15848  9082 10199 10328  6034 12491 23711  6652 18787 14833 21568  7409  6230  6014  3704 21530 14511 21356  4308 11686  8214 20235 26396 16009 23813  6640 21127 26995 11181  2265 22102 15931 18401 18264   344  9636  2919  1560   126 23325 13269 13778 25270 18995  5667 25470 11059 27053 13712  3375 20031  2133  7579 26646  8786  8356 15327 23540  2164 24125 17289 10535 25206  6965  7141  3139 12949 15089 16122  7474  3635  4817  9643 19285 21730  4421 25153 26718 22103  4413 22502 25906 22346 21423 26191 22293 15376  9893 16947  8173 15285
 20091 26990 15433 24695  6429  3488 25802  9232 26434  1700 15972 20697 18255  9848 23234 17981 22976  1987 25601 17070 21383  2038 15876   550 12443  9073 16272 17197 21084  2292  8445 20102 25112 23537 19610 11095 15577 11663 25922 26888 20220 16934 15408  9365  7994 21917  3550  3081  5976 24908 21445  1631 10034 10793  6669  7743  7870  5353 19231 19141   306  1796  3142 19385  7402  4295 19362 11191  3196 15420   653  4711 10439 17666  4128 20412  1609 18732  4612 10951  8154 21667 21577 26754  6249  1193 26903 15748 14787 11067  1463 17867  7771  3781  2444  9238 16817  9584 13432 25460  7207 22621  6758 23312  9751 19199 22182  8224 20603  9985 10029 27048 20820 24127 15988  5743  6298 25777  5001 10500  5061  3378 25580  8785  5283 13513 12106  3560  1876  9290 21206 12746 22181 19382 25252 19603 25849  5598 22605  2554 10337 22233 18176  6920 24971 25639 24893  2241 17771 25635 12153 24265  6041  4309  6744  9913 12366  8553 18817 25463 12049  6537  9766 16295  6776
 12258 21456  1737   755 22582  6713  4621  9224  7725 18085 23338  6883 10074 19495  4789  2552 25121  4219  1484 23863 12367 18091  1189 18502  4147 22070 25894   765 11400  5255 17537 15806 12528 21062   924 24512 22424  1884 24560  1382  8391   105 10677  8582 19769 23919 21346  4490 16734  7784  9516 19998 12078  6286 13192  7818 22068 19210 16377  7498  4926 18325 24147 23833  4837 20683  4259 25766 26461 14539 21607 14078 11848 13690 11484 16144 23491 25543  6188 20096   767 11344   204 10904 14189 18314  2703  6124  5135  9900 20174 18323  7034 25974 11154 20197 17945 18780  3004  3020 13583 10845 13765  2558 26103  9084 18163 19253  2693   483 20164  1902 21553  8900 26024 11963  5048   431 23585 23685  6764 14542  7418 12648 23336  4110 22503 18154 16961  5522 12715 26557  4208 22072 18138 18152 18161 19245 14073  6229 21788  8126 16593  3477  1441 19151 21032 22720 13794 14823 20922  3890 24811 20335  4519 23851 21070  6233 11628 11830 26522 25972 13477 22855 11747
 20277 23747 22484  2199  4620   694 11504  5541 14086 12113 22362 17273 24350 23371  7757  8731 21687 16176 14960 10541  6256 27174 10975 11063 25136 18246 20926  8701  9370  7379 24778 24701  6023 21843  7473  5123 25572  9922  3235 25069  6371 21118 11606 25306 13757  6997 16959 19075  7086 21513 14739  5766 19830 24907 14794 25636 17648 14957 21289  5145 25205 20601 14991 10324 10448 25307 15001  5759  9055   110 12096  6314 19223 21859  1163   262 20967 12057  1100 24216  5718  1211 24058 11902 25278  3605 18044 16299  3993 22832  7420 11550 20021  1469 19473 18082  5537 12555  3319 20784 19649  5020 24132  4857  1784 12723 11844 14032 10486  9885  9420   810 20653  7681 11618   643  1575  7939  6128  1272  6186  1518  9774 13154 26747 13882 18396 26335  1991   321 10464 24842 20473 21224 23793 12583 23860 23951  9250 22017  3956 17001 22488 21579 11537 13634 26023  9160 21961 16588 27222 14273 12519 23507   972  6131 16618  7912 20842 23794  1887 12929  1538  8647  3370
  3194 17989 19988 10936 21861 21560 10630  3473 26129  3502 15897 14059 19721 15131  8925 23768  7794 13202 23474 17656 21825  8904 18166  2456 11871 24713  9841  4481  4342 25827  3455 25505 16615 15240  1187  4232 21715 17397 26022  7090  9301 25592  6665 18772 26650 26153 19791  7735  3823  6606  6463 19824 16346 23087 17060 16411  6933  6627 23123  2212  9547   853  8800  5473  2173 19475   611  8576 20736  3308   283 25735  1269 22552 13833  5098  4410  8327  4597 21396  4505 15457  3446  5855  8880 17528 24596 22204 12643 14912 24806  1169 16926 19518  9794 12377 19122 16100  8585 23995 12668 17063 10851  7224  9937 15146 27066 12478  9613 21642 12050  6137 21818 14158 25541 21119 12940  5885 27157  6345 15416 25276 16992  6618 13897 14877  4209  5817  3179 19104  4950 12886 26671 11530 20971  3353 21443 24137 17005 13031  2488 11992  1303  7433 11865  4031 12537 19480 27091 25033 23905  6698 23224 20907  2452 16030 18768 24361  2475 12483  6795  8484 13500 24736 11457
 23247  9409 22189 16384 20281 23337  3559  5710  2198  3892 13866  5227 18770 19511  2569  7859 25609 21545  1946 17773 11435 11761 16215  2187 24607 26100  8901 12924 19398  6240  8375 20579 22789 14835 11281  4886 19624 26874  3291 23839  1353 14632 23280  4411 22152  9473 13153  8387 18241 24926 16468 18134  2408 13134 15393 13563 24222 14391   347  2309 15562 24790 22215 22037 17567 22881 18988 13223 26136  6685 12567  7387  1498 26533 25728  5009 26824    14 26972 14116  3011 19445 18125  8150 24670 10828 25787 24890 10825 26479  6653  4656 10176  5191 15469 18213 23483 11088 14216  9162 20137  8180  6111 20705  1153  9315 15353 20990  8902 17607  4625 14450  9749 15523 16405  6077 16086  1674  6977 21045  6428 22434 20613 27011 21918 20425 16820  6719 10799 18142 15092 17896 12399  6158  5337  9051 15797 15466 10433  2413  7739  4493 12707  9959  3307  6555 12775  2168 17436 17403  7830 12022  7905  9612 22241  6105 22953  7355 11214  6545  1209 24004 27032  3476 11037
   986 17531  9172 17628 21854  9807 22309  1177 17988 21161 26078  5454  5022 22231  4070 10572  3301  3321 17062 24886  7984 11704 22369  7449 24020  4835  2208 19651 17897 14434 14664  7936  4712 17139  6895 23941 25232 16431  4924 17338  9078 16452  1756 23698 19697    30  3838  5367 17889 15445 11886 17209   776 19762 20394  7946 26741  2226  3367 24762 23686  3966 24472  6578 20976 11899 26141 20758 11832 12465  8191  5790 24943 11507  4763  2942  1182 13005  7805 19290 21783 15557 26789 18754 20874  4345  7665 23755  8978  9465 26849 10339 23521 20070 24829 18464  2367 13462  5027 15227  8573 23358  5493  9826 25988 15160 11326 12301 14501  7383 12540   420  3748 23464 19423  3023  2630 11399  5087 27199 25608 25621  8920 23640  4969  5111 23489 17162 23107 25528 19515 14338 16355  2337 14226 21432  4672   185 21430  6759 21193  6838  8739  3058 13299 15554  3220  8341  5657 22232  8075 24535  7973  6840 15103 16321 18349 26614 23915 10474  8009  9734 26315 14563 11945
  9844 10773 10299  9039 20046 19279 10250 14879 25169 16220  9763  9883 11791   828 24983 26084  1761 21405  3109  1751 24920  5552 14406  3876  8317 21902 11019 26363  5675 15079 19562 21740  2973 26510  5212   943 18844   631 15053 11555 22926  9538  5688  6386  8352 13572  1074 10684  3029 24783 25115 16663 26928 25359  3452 14810  9394  8519 19338 22005  1711 12927  8339 21761 19960  1151 22819   537 11632  3410 21174  1433  2714 18011 17832 22536 17541 15542 26684 19680  7851  9147 18981  1336  4689 20178 23597  1921 19728 21497 11514 15464  4118 23602  3272  3399   664 22894 12394 26132 13480  7982 18870 18054 22803  6330 11817 10637 15222  8549 26378   938 11415 21882  2185 19862  3116 17708 11691 18790  9088  8864  6932 25372 11162 23116 25457 22441 17470 14390 13796 26328 13816 19136  2311 10304 14560 10553 25371 24469 20390 21605 23823 16247  7696 12407  3101 19118  6867 12711  3009 14307 19537  8962  5807 14892 12772 26944   686  8131 13381 13591 14490 25186 13165
 15166 19260 18432 25536 13365    42  9327 18963 14943  8698 14900 26041  6208   884  5154  9110 13767  6404 25451 15970   984 16042 16132 12557 23763 15202  2102  1192   445 26562  2960 12631 23973  9351 16799 15383 19051  1096 11034 23985 21328 10227  6288 17801  5440  8203  7942 21261  4288 21468  3579 13052  8720 12302 24429 14941 19035  8291 15188 10026 19801  4035  5034 17381 16177  9947 16016 18123 10859 26831 22089  2294 19394  6410  5923  7998 24415 13228 19822  4598 11819 21542  3408 11517 22772 11328  7146 27170 12756 21914  1825 13533 14751 16097 14088  5647 27030  9377 14259  9332  2024 17721 26700 23172 16861 25641  7331 21200 24916 13271   794 24003 23741 12322  9223 22877  6546   337 17203 10105 13404 19755 11338 12000  7671  4258 27088 19306  5085  6028  3474  2718  7701  8413  4021 11073 12472 12139  9177 26521 12907 13125 19525  2683 24383  7228 17749 16750 14492  4866  5893 26310 18695 14878  4063 22996 20018 23771 24224 11492 23984 20622 19159 13797 12545
  8058  9264   183 17783  5319 19215 14711  8812  3957  4893 19057 11727 17370 22562 14006 16589 18896 12790 22397  6479 14601 22224 13916  8485 19546 25489 27017 19072  3189 17885 18783 15440  6069 21664 16685 15171 24108  4737  6482 21791 10596  4480 12517 14056 21575  5895  3085 13595 13251 22052 19612 13351  3103 21720  5110 25395 19745 25556 17780   207  3743 14629  5517   798  4776 10728 20093 10032 19657  8669  8977  9580  2906 14312 12942 13076  8141 19045 16713 13825 19839  5796  6303 12613  6434  9717  2116 19373 23340 12879   601 12403   275 26204  9595 27049  3012 17491   697 22958 15470 13435  8134 21232 27143 13826 25923   435 26243 19808 13102 26212  4248 26583 22187  8507 12434 12375 18413  6392  3804 15191 17618  9269    17 24667 17465 16596 11382  1830  4125 26266  9793  9252  2855  5955 16661 14999 10123 14219 20060  4080 21668 12536 19347 16285 25120   463 20268  1012  9568 10139 16249 16624 25752 21436 23011 15927  8227 26716 13848 19471 18093  4188 15911
 20749  2162  7126 12430 11126 18140 25436 19706 23039 16591  8927  1172 15601  5648 12798 26054  5626  8067  8288  5543 12815  7829 16599 10693 21042 10386 24251 14283 20756  6880  3901 25345  5368 10232 10592 19604  4936  7733 21011 23168 25344 15373 10249 12488 19977 18324  4772 11334 12816  8393 11174  6320 24155 26106  7583  6890  4912 18097 14171  2810 17833 19725 25993 14208 22555 12210  6785 14869 20502 17270 11178 16310  5956  4056 23141 21281 13662 20195 12371   297 18810 19906  1845 16166  6614 26701  9067 25098  9936 26002 24891 10331 23708  4889  4851 14210 11453 26321 19380 21231 10102 13773   952  9534 25709  1186  5103  7414 24028 12788  2602 24671 26542 20775 15458 12882 23669 21049  4856   598  3501 12811  5010 10517 17739 10362 12074 24899 21447   844   150 21246 12296 11916 24773  5570  8611   421 11784 16362 15573     2 17796  2090   603 18885 10222  3087  8859 20056 14194 21245 19466  9345 10293 26836 18322 11781  9701  2961  2449 20128 24545 20467 26467
 15497 26811 10241 22869 17393   728 20929 14872 20414 13661 16322 18047  9086 23544  7437  5320  5155 19615  8655 16347 26957  2110  8801  9244  2992 20646  2322 19614 24390 11682  7683  7068 17290  6120 14274 18587 12299  9106 23354 13697 12352 27117 23397 16331  3153 15239 21996 17030  8674  3735 22528 25576 12597 20151 23306 21082 19590  2451 25703 21234 18890  9076 17557   280  9127  9986 22711 21671 16712 25956 21886 14908  4454  3988   250 25969  6051  8682  4306 16052 10321 26053  5604 16550 26037  7588  5423 15301 11884 15189 13314  2674 16107  6271 10242  7758 15179 15380  7411  1525   777 25521 15833 14588 12234  2323 15249 24391 25685  9387 23916 21716 13935    95 10699 14057  9306 11366 23300  7769 18215  4755  2655 17127 22325  1772 18593   403  6768 13492 20041 13684 10735 22510 17778  3636 25629 23798  5428 18803  6116 20129  3351 18497  9993 14703  7728  6161 22778 18460 12660  4939 10717 12406 21597 11451 13240 26819  3686 15130 20583  1729  8153  2840 13241
 15395  9324 23846   451 14890   959  8907 13570  3062  2947 19022 10745 18055 10775  7366  2912  2157 16425 12261 26437 20693 13952  1033 23214  8381  5930 16114 10269 24456  7523 13899 17635  2662 13182 18970 19962 16015 21813  6908  4492 27013  1126 20828 18813 20328 24489 15622 13890 24302 26708 17676 25645 11227 11033 17373 25805  9688  7578 20589  9481 18879   346  5261 13752  5274 14988 27031 11562 12186 11229 22914 10943 26529   170 10712 24707 10736  5358  1767 15597 19006  7737 15973 24478 11056 15914 16602  7332 22666  2848  4033  8496   279  3529 17100 20568 19827   453  7589 23065  6413 20897 18039  6734  8663 14962 24477 12657 11556 22700 19572  7888   801 23993  1354 17962  4551 15820  6621 18056  6542 23189 22425 13270 21314   992  4406 14546 24062 18829 11376 15844 19234  5809 12836 12547  5830 18249 18788 26615 10813 19190  4773 23469  8422 15726 13276  4884 15705 15278 13343 11533  5831 25507 10011  2529 18493 16382 18636 13280 20519 10136 26620 20511  6544
 15760 18260 19460  7325 14278 10111 15986 11934  1452  4604 11795 19116  9906 21058 23630 26847 19643 21623 23682 16001 17910  9566 11343  2776 19653  3754 16667 16700 17059 24083 20970  9178 23969  1308 10752 26066 26207 13028  5703 17079  8443  5595   905 21481  2676 11839 24393  4099 24081   570  4593 14496 16621  3132 17116  5097 14329 25237  4250 13495 12855 11636 13366    22  3640 11182  8727  8133 16199 25317 23646 13776  9404  6118 12288 12923 17158 17042  3801 23185   743 18902  9171 24355  4439 12034  3789 22442  1599  1405 15129 22812 17081  8779 12901 13018 19479  6276  7282  8125 22921 22918 13788 14561  9363 12763  6736 19191  4366 16422 22771 22543  3992 17449 25951 10867  4819  1217     5 14689   735 18098 22481 16486  7050 15479  3311 11006 27192 25789 25839 19412 13287  6946 16945  2098  2592 23535 26439  6959  3855 23855 11049 19321 18919  1974 13272  9723 17697  3093 17747 15915 24650 18910 25690 19025  3089 21698 20217  2149 22343  1386 11586 25590 25512
  8277  6675  7154 24090  8234  6334 26600 11223  6363 16620  2295 24515  4237 14964 23203  4310 10917 23617 13140  9886  7547 26478 17416 11684 19232  5134  2585 10629   305 10086  6054 25054  8583 23604 18515 19908 24479  1116 18904 17561 23112  9785   941 18614 18736 25616 20664  3240 16135  5257  4687 26709 10800 12032  4326 23355 22105 18533 23394 10476 21691  4015 20274  7230  2101 22391  1397 19794  3068 19628 12990  9029  6812 17161 11445  3545 11858 21453 15035 10305 13191 12801 10831  9308 19667 14419 24874 18002  3714 26477   701 24797 18644   889  5232 21360 24116 22318   156  7417 25754 14989 19992 24918 17613  4529  6928 21634 23171 24526  4023  8122 23810  2033 22426   885 26086  4076  3504 11520 11284 17711  4977 22516 13284 26966 26225 22137 11116  5176  7515   404  5203   482 10915 24696 23286 17044 17570 21005 15674  1941 11315 17810  7847  1624  6852  6267  4581  9646 17382  1324 12249 20214  9909 19985 22390  1911 24788 26351  8887 15407 16908 26232 12419
  8208  5979 23570 21800 23258  5637  3824  4359  4101 19765 15929 14077   348  3136 20783  4622 24002 17961  2601 11744 16424 14112  4753   273  7538  1589 19442 20445 20207 19296  5118  5171 12328  4788 22007 12211 11396  4154 19898 25762 13981  2517 14327  4391 16264 23821 10584 21384 25953 20359 16233 26018 13117  8155 21401  3105  7492 24370 18070 14235  1927  4868  9303 17243 20447   381 11956 22276 21022  9247  5246  6513  2934  7788  5273 11506   723 13217  5185  1630  5128 12457 17725 15313 18445   646  7587  3243 24645 13454 13743  4694  3833  6274 17428 26797 14478 23192 10045  9513 22801 17581  2017  8659 26247  3434 19851 16391 24417  4726 14268 26834 20729  2581  2768  2898 23600 18281  1616 23596 24011 21812 22374 16530 20305 18574 13295  8431 27137  4566 14714 21502 23318 25280 26195 19918 15017  4114 12821  7477  9527 22100  1165 22963 25535 24576 15375  3741 17856 23837 16067 12820 21002 12665 24052  6436 18434   678 17301 15370 22946  5880 22645 19766 17004
  6065 12586 25238 15636 25958 15272 19089  6348  3337 15881 15559 21805  8280 14375 15647  9218 24839   865 20143 10861 15014  4048 11589 12584 25794 11592   176 21562 19905 13325  1137  1928 12035  6695 22515  3221 15895 24253 23952  6040  2136  2530 10497 18619   691  4335   652  1421 26429 23878 14260  5557  9894 16448  5823  9225  9305 20703 18794  8403  8765 14982 26556 13947 20308 10409 17645  7741 16419 22899 12690 24847 20236 14610  5313  3456  7016 10164 10979  3527 21975  4414 11264 21312 25283 21454 26773 23599 13911  8499 18585 21093   754  4842 15643 11099  9091 25584 24768 12626 15981 11615  7323  4877  2986  3368  1799 15396 23458 19702  1022 10767 26721  7070 22201 11658 17372  6094  5697 25111 17659 20272 20109 12380 12298  5992 20563 11598 22467 11669  8204  5507 25683 12225 15322 24208 14244  6323 12053 10218 19403 19539 26964 10019 15070 17234  1207 26171 23543  6308  9089  4489 15122 27178 27060 22387 17389 22835   209  5589 13877  6874 11573 12591 10273
  1066 12088 24242  9816 13019 16905  6960  3717   747 24755  1483  7703  3624  8624 23398  4635 16806 15328  5571 15708 22924 19313    25  3953 23637 14396 17602  8045 20363 15028 23183 14047  8077 17917 15827 20936 25548 16827 16126 18860 20023 14587   354  5295 20058  9797 26181    56 10185   736 16935 26826 10083 14115  7786   879 26667  7334 10098  3830  3645 18186 15244  1411 14377 15496  1037 27166 11431 24609 10901 16121 12868  4532 27018  4212 22111 25488 24828  4476  8527  9183 16549 26697 20472 11988 17031 15740 24722 18611 15879  6972 15455  9064 19782 19120 12255 24133 11080  5849  1844 12274  3035 13963  3162 21609  1031 16371 13742  3555  1257 20271 22277  6937   729 24268 23563 11313 18305 20426 10570 26910 17236  9997  9487   120 19927 24614 10543 15528  9891 16402  5581 21374 15248 22069 11412 21629    94 11766 23651  5186 19956 17183 14797 17419  6086 25333  5756  1106 25792 26800  8018 23391  5284 16329  1813 22366 13057 21876   860 22795 20840   607 14594
 14752  6984 13726   580  2445  8960  7336  5374 13283  1088 22047  3349   988 10147 15133 21431  9830  2616 24110 10841 10171 18656  9317 22999  3306  6600 23965 12850 13360 25625 11013  6752 13255  7356  1618  2709   290 22186  2769 20480  1739 18668 13803  8521 18888 14473  4402  5752 25529 11247  1958 27177 23550 22223 16305 22040  1474 23720  4120 10512  4751 13656    62 22529  2443 21773 13593  5225 12744 26877 25911 18335  4714  8903 14612 21366  5663 14868  7093 25780  1856 14773 26238 21101 17119 18588 23104 16625  7400 10046  1039 10354 21116 17093 10940 10790 13440 13873 17881 17492  9143 11274  9686 15803 16639 25659  2791 12446  9770 24554  9712  8723   191 26102 17592 10924   397 25247 15990 13574  4407  7551 23099 16159 20448 10173 25402  7063 20596 13476 17551 15145 16202  9053  8965  7509 26786 23856  7033 13388 10363  3729 14167 14726 19400 24203 12674 25954 25204 21622 12136 16079  6535 27198 18717 21558 17325 12755 22608  9784 12865 10694 16755 23688 17163
 14318 18237 13842 15728 18087 11464 25661  6209 24635 11929 11473  2812 18121 15971  2614  8405 21255  7857  9791 18685 24561 21031 11593 19778 18544  6845 15042 16266 16714 13539 13535 19175  7142 16600 11751 16786 15649 15752 24053 20378  3056 12512 24551 20314  6833  5399 25538  6087 19251  4722 17108  9674 15200 11128 19703 16569 10721 24537 26446 27083 18321  8654   504 14376  1477  2111 12585 22267 22665 20575   196 22830  9760 26940 19332  9620  7521  9733  1275 24844  5964 23766 12169 11758 10142  9670 18689 22987  7341  4913 18990  4211  4574  4852  7955 15096  5371 18169 26179 21178 17034 24862 19941  1566 14456  9540  3167 13483 19967 13297  3817 17352 12187  4276 27126 25166 14354  3796 20028 16076 22553  8362  1783  4287  7902 17278  2121 26648  3733  6187   881 23274 10794 16692 24927  4539  6064 16496  4415  7591 26943 20540  2106  7658  9719 26164  3077 25859 16832 18812 20805  8650 11717 12075 19693  4840  6197 22405  5749 25458 11947  9038  1620  7163  5240
  5484 12577  7706 15732  8973  7774 14812 24309 13895 26360  4511  2385 25686  5957  8188  4833 22934  5502 25318 26923 22765 21550  8322 22197 16309  3846 10685 15639 19271 17126   287 10833 23150 21207 21463 20237  8563 17424 14889 14738  8651 22381 14917 26645   724 14954  2904  1814  5608  7215 17091 16824  3689 17979 16833 19892  8533  2659 18922 22190  3069 20781 15442 17625 14412 18793   498 22998 10323 26724 10266   408 10160 13401 19999 14755 14805 22762 22096 25382  9509 24097  7027  1988 19354  6036 16155  4442 12316  3834 24721   671  8473  7856  7340 19386 26081 21183 15082 15156 19420 18762 14159 21892 16413  2410  8539 22620 12207  6273  6832 24808  4195 24005  1121 17072  3363 11559  5616  1425 21184  7693  9901  5851 11017 22846 26512 10995  2161  8892 19852 18979 17563 13732 19557 14910 12727 23494 20702 15965 12899 24194 22256 19731 11213  9248 12484 19915   770 17762 10121  9326 16174 14195  2446 20631 12108 17268 10594 12766  2170   473   980  6879 26127
  1728  1879   647  1992 25902 19033 25023   210 24197 25758 11770 21370 14837 14575  6292 11981  7975  8271 14272  8165 19098  1231  1103   345   699  2765 17041 19375  3418 21702  8264 24414 26630 19541 26687 22531 23847   231  9070 26300 17464 12300  2012 11779 26991 10434  6502 20071 13045  8464 15818 19593 18599  5073 11881  3812  9968 22916  5059  2913  1375  5179 20082 12573  5415 13328  6359  5984 27016 24099  6504  9912 10043 24475 26906 19741 18698  8652 20306 25793 22978 16998 16697   641  7214  5300  5628 16576  6643  3108 26038 25606 10965 26549 15340 12818 13786 21040 22146 23302  5041  2929 12633  5615 12384 20827 18843  6098 19287  5738 22214 14593 10326  1547  2799  3685 17637  2771 16636 10055 20065 26796 15467 19164 23493  7508  6189 25867  9945 18541 22492 14475  9722  5664 20287  8929 16756 18629 21793  7864 25511 21038 24699 17195 17506  5861  2672 12323 10296 25057 15364  8534 21115 20548 12138 22737 23728  7494  5826 23767  6029  3163 18923  3122  3519
 10028  2487  9932 20776 11653 15982  6382 10954  7910 18665 18262 21318  4728  3401  9703  7329   706 12914 10114  7204  1191   507 21581 26294  1582 14131 10052  8889 25525  7450 23871  3147 24045  4065  1366  9129  7128 26755   677 21844  5732 15291 15151  6882  4011 21503 23169 19859  6281  6080 11111  1450  5101 12601 22708 23944 18915  2356 15230 22729 20213  9081  2036  7490 16269  7294 26659 24486 25456 16647  9903 26653  5789 24549 19671  6790 20348  6255 27123 10881  5207 22352  9389 20994 23305 22217  5201  5325 12077 21063  2440 25837  9776 25598  2751  6480  1942  9074 19980 14188 27115 27020 21168 24906  2465  9944 16276  5167  1773 23852 25281 15281  5585   944 12314 11058 21462  7638 17014 14284 16859 14670  5410 22915  7284  9107 26194 19573 20232 22312 11132 10858 21043  9085 12664 12499 16902 16499 14291 23607 20471 27194  4630 13887 17900 14966  4713  2271 22500  5624 15956 21104 13201  3459  6355  6998 16041 21448  3165 19739 17874 20518 15764 24407 13707
  1479  3140  9529  1693  2020  1588  1868 24169 23998 18035 12627 13929  9842 18852  3425 23937 15921  2794  3508  2788 12530  6070 22164 14800 10562  3450  1639 10079  5792 23314 19863 18992 15677 20539 22656 14045 25698  1201 19761 10477  2880 21138 25916  1600 15077  4800 17667  6909 26145 12977  6733  4187  5750 19249 26123  6443 19902  3583 14355 26449 18353 25960  8184 24482 12965 25465 16701 10837 20401 24789 11335 11404 14439 12594  1947 24294 20688 20542 15937 11786 15543  3231 10545  6767    90 25452  9846  4283 20144  9667 26244 21727  9564 23190  3487 26560   466 16928 15421 15637 12348  4068 17799 22380  9203 24215 23671 23463 12271 21848 11772 15539 25741 10437 27022   366  9024 13023 20968 19389  8931  4178  3642 16883 25334 22730  5388 16258 16543  3622 23317 17331 18977  7073 12706  7180  9700    99 14730   215  8871 23945  1949 11683 25030  6718 16435 13323 18982  3749  1485  7390 18209 24655 13490 15619 25351  6452  4167 18947 22054 12603 11218 10210 23997
 17029 24533  9705 16864 26453 23082 17573  7038 16070 25267  3072  1715  8551 26732  8128 12188  4223 14639 10109 13708 19692  9754   973 18440 14523 15958 26214 23502  9445 26759  9682 20405 19576  7970  2610  4393 15735 27159  2005  6701 26056   416  1723  8410 24036 21586 24746  4826 24626   624 23173  3323 15325 10420 16790 17463  2808  8003   234 15858  5857 11782  3404 18009 17831 19641 20869 22544  9443 19489 15057  9124 13315 11526  9449 16619 12964 12448 17174 24781 17823 12324  7790   310  2301  4347 24606  3599 22533 25913  8100  3084   914 25947  5776  9600  6807  8266 25174  2518 24531 10817 24867 11637 21051 13954 23472 17978 24644  6290 23291   474 22050  6893 18427 12194 19869 20941 24716  6437  7024 18660 20155 26841 13869  3460 17505   242 23949  7495 11688  4633  5726 12392  5847 22787 16026 19620 10042  9163 12609 18820 21916  8510  2807 12398 25227  8323 21485 26440  3171  9191  8996 15405 11579 27003  5480  3277 11395 14460  3061 14326  5886 12979 22065
 20435   212  9515 14618  8462  5723  9230  9472 21706 19142 19078  7456 20932  8159  1520 20534 19856  3562 12589 25418  7951 20763 19052  8023 13405 24772 22430 18666 14659 24316 11631  6631 24034 16805 21735 17441 26052   779 12447   389 21677  6847 13960  6919 10387 26311  8686   552 13672 15632  7647 16294 12773  9753  8221 15948  6152 17669 14066 14018 13146 15795 11280 17095   970 22593  9354 22940  6403  2296  8839 24199  9631 19070  8841 27134 12725  7213  5453 24558  1648 25964   129 26558 19009 19345 13296 16648  6441  3251 17443 14414 25450 18700 16544 20867  1975  3007 12814 16950 15352  7209  3657 17969   424 16036  3237 11035  2742 20964 11127  5968 15048 21969 10911  3648 26189 13666 21027 25847  9512 14499  7065 21873  6489  6680 27090  1049 25000  3499 25558  2290 13099 12170 23615  7676 21414  7507 11980  8051  3870  8566 23290 10876 26691 25986  3837 25355 12514 16938 13676  7192 17727  6300 16993 21295 25362 13576  8823 24070  5070 17308  7274  5312 21331
  6823 24517 21846 19095 11806 25759  7783 23366 22933  8745  3048  5354 20341 19173 21114 20069  1962   982 21535 21287 14064  4016 24942 24113 23016 24996  8255  2188 14698 20559  7883  1852 23244  4680  1114 19872 18284  6236 19919 20022 16920 16340  2192 16745 15894  1984 19093 19600  7028  2068  6677  3302 13717  6602 15107 23943  9938 21465 22561 19379 17512 15022 14356 24232 10896 10945  8175 10013  5090  1594 15846  6654   934 14720 14383 18153 20772 20587  8728 13130  4850 19077  4158  9200 19681 23103  3592 16324 16444  5441 11883 26845 22046 19734 24411 18261  5650  8333 24840 25880 11898 19753 13912 20514 11919 22590  8382  5455 12509  4568 18913  8315 14567  6986  3938  8532  6306 20121 12709  7993 11147 16387 20833 22167 18367 19917 17641 10204  2186 15287  6591 21056 24328 17873  1727  1980 11406 25431 16038 14580  3983 23942 21872  8017 18942 11241 12291  5804 22315  1562  5446  6500 17661 13209  5554  9323 13079  6179  6551 17798 24327 12061  5082  1288 23551
 21007  7005 23237 18517  2759 23892 13532 18831 25736 17345 22660  6533 13940 11158 11139 22612 20042 17402 18122  8595  2266  3626 23815 15324 10118  1254  6626 13925 10496  1886  9664 13197  8609  4639  8369 21309 18499 15273 18356  2767  5553 18627 14265  6318  2653 23614 24460 17872 17792  7237 26302  1901 21486 16645 14849  1537 22975   292 25123   805  6827 24740 23962 11940  4863 26458 24694  6834 16687 25678 14882  9535 13785  7412  7429 20036  9973 25107 26569 26913  5489   622 16414 22784 19974 17601 20681 22469  1436 17432 12614 17321  8885 15063 13143  5332 12802 13988  6183 16964 11994 13178  4590 17051 16837 23618  9578 20286 25655 17327   749  1627 13331  5564 23545 21484  9771  1285 26946   768  9254 26813 13111 11968 17216 20303 26168 14993  8656  6676  2994  6291 14107 10942   818  2333 18461 26067 12415  9702 20759 20904 19059  7243 25394 13145 11390 15216  1632 14981  8600  8432  8310  4732 13667 12236  6081 16007 18782 19807  8096  1090 22785 16370  1046
 20755 21509 18567 24123 24442  2289 14372  2637  8697 25384 11754  4348 18382 25184 21798  2291  7324  8207  2634 14661 10107 15481  9815 22783 12433  3422  6710 10678  5330 19521 16306 12507 25441 24967  3995  4923 25291   869 21615  3778  1453  1836 25881 26616 14422   886 25904 26475 23129 24571 17180  1587  2258 19228  4632 16175 16236  2482   269 20901 18032 15062  6864 11710   555 22736   318 10578 12559  2833 21186 11393  8571  3256 13680 27058 13233 11783  8198 10372 20228 17830 24864  1897 25812  6783  9295 14263  6716 24521  5211  2297 24217 25422 19843 21050  1869 15225  9459 14650 15987  6721 20468 10906 23264 15842  8529 20809 24037 15037   101 23131  9167  3769 11879 21021  7234  9858 26539 25845  3215  4988 16918 20527 26144 15721 11834 16970 20663 14001 20382 15385  5744 16996 14811 25749 10846  8097 11291  3002  2081  3944  4905 22328 26411 19661  8854 11330 18949 13901  3312 20701 12270 27140 16222   715  3152 17750  7300  5920 20808  6408 16774 16271 26730
 24836  5219 15746 18663 12903 15490 22632 13373 26104 15505 22537 22824 13942  4302 10808 24412 27155  2977  3867  2979 18853 10268 26406  1143 13862 13864  9503 22297 19218  4470 17593 21734 26636  5343 17784  1757 15548 11482 15756  7405 14707 19301 26592 25328  9802 10966 25664 13391  7029  2622  9718 25658 21997  7506 21808  1722 26698   957 12214 21433 10223 26865 21595 19278  3884 21213 11442  9268 16043 13439 10964 14178  6950  4405 21810  3880 15026 11539  9657 21112  8193  1331  8831 13177 10455  9582  1064 19691 10483  1494 18066  2361 12693  5539 18596 17899 18918 14648   831 10338 22597  9507 24780 25029 16018  2981  8736  9924 20299 19951 12458 11714  7225 25520 26071  5607  2153 21046 25100 13095 17594 20661  4567 12217  4047 14821  8818  6792 10340 25327 15585 13123 13350 15710 22705  1802  8142  2389 21285 10457  1680  9066  5569  9819  2804  2793 25918 15010  7410 27084 23681  2533 24901 23753 23818  7272   153 18329 10441 17652  2427 16628 18720   277 19594
 11316  2689 16359  1890 14860 15056 14600 10696 25056 15508 19272  9649  6725  9707 16502   582  8383  3718  1716  6628  9094  9032 16811 19819 11401  9100 18925  8769 13433 22021 26621 24604  4865 12680  4238 27094  4894 21391 14929 26823 14462 19527  8055   638 12679 17366 16776 19242  9090 12958 26804 23754 11354 21621  4000 19384 18423 23373 14331 24853 25305 12793 21215 16142 14359 17151 19269   286 13762 18613 25063 18756 15005 21450  7389  5970  8952 23311  1295 17802 21175 16170  8275   333  6130 20183 25108 14996  2821  8446   862  2327 13905  3799 25617 17477 22837 25242 23356 26043 18624 10718  1138 26166 16604 14679  2747 15520  8518  4787 14564 23979 22988  5687 24771 10275 23102 22032 19940  4678 11169  1263 14815  4634  8087  6315 13596  3271 24154 21192 12358 12289 17540 10654 11129   547  3051 22076 25497  6850 21130 11392  5425  1471 12203  1276 24271  8228  4079 26652 22238  7709 20989  7541 13457 15088 12341 21675 12266  1050 10113  8384  5078 12887 12062
 23808  3440 10795  2286  7678 24991   259 23263 22359 19236 22609 11374 16954 23820 26546 14361 13458 17848  9551  7898 25770 14925  6570 23693 10419 25405 20883 13538 14346 18195 24136  3628 14951  2959 15834 26393  2093 11428  4823 18048  6454 17378 10603 14876  7802   264  2673 13056 20134  8890  8262 13857  4425 23209 13275  3660 24750  4482  9989  8861 17674 10350   688  1567 19493 21593 25981   266 10556 24508 23523 21580 10081  1596  1210 13608 25909 25628  7380  7692  1746  5464 20974  3791 21979 12751  8482 20676  7135 17827  2023   758  1851  7098   368 13636 20908 10258  5092 22866 25773  4044 20106 18486 11651 20313 17114  6577 13720 13424 18458 13756 10649 25882 17720 16568 23255  3711  8867  1286 14483  5891 23430 16369 23194  4019  9614  9867  6651  5822 22212 20612 20686 26828  8891  9899 26885  5674 18477  7096 15759  4744  2511 17684 15893  2603 21678 14085  2939 25711  7099 23673 23556 17164 19936 21195  3569  2896 22721 19720 16241 25593 16338 20037 10803
   248 26233 19069 26867 10622 16744  8424 22780 14685   186 12623 19467  3114 19652 25976 17274  8967 10547  1513 21927 21379 19853  4299 14421 23313 13385 14040  4323 12456  4804  8829  4724 11365 24760 14306  1400  6534  6711  3634  4304  4261   268 26330  2862 24279  4696  6280 27206 21500 18978 23812 11996  3366 24173 12618 10939  3042  7072  7095 23797  8072  6903 20510  7554 24669   951 10498 15790 18933  4176 18223 17696 13044  4322 17548  6774  6177 15443 14774  6311  2575 20818 14428 19192 26552 24712 18618  6050 20231 16904 18899 22385  1831 16474  4152  6579 18907 24105  5877 26424 15434  8491 26965   163 16138  1130 11878  8026 11964 24858  5947   939 10519  9866 25192 22908 20639  4636 27221 14217  9146 17891 13846 22684 11232 26959 20689 18016 25669  5693 25872 23740  3986 25316  9669 16901   257  1110  2052  3589 22216 18250 14282 15713  6797 15532 24473 11416 15862  7924 22994 13374 18173  9175 26324  2974 16564  1105  3244 23634 24246 17322 17812 18975  1907
 11331 10277  5974 10059  7889  5044 17481  5897   596 27172 13195 23040  4271 14847 25767 25874  1913 16459 10351 19968  8399  9096 26574 21717 13260 10106 13527  5869  8596 19674  1300 15034  1444  4337  4161 25074 12468   690  7241 19756   587 21833  8068 12634 23533  7826 25424 25687  8662 14997 18976  2237 22314 22820 25768 17516 14264  8233 12482  4914  6471  9817 21666 25473 11724 17620 16704 12938  8487 22973 15335  6385 20830 15492 21044 25731  6889 14449 25513  5902 21228 18625  6340 23756  1446  5115 24795 16427  7269 11568 12866 11125  9871 23513 15753 20655 14688 16226 19304 11190  7013  2002 24952 15994   900 20531 14316  3999 24341 11610 21759 17952 12779  2348  2054 12117 13060 23362 19452 20679  9474 13847 18208  1170  9508  7628 20054 13411 13517 23890 26953 21925  5927 17333 11447 17066 22781 22671 24263 26516 11266  3184  2923 14577 10396  4264  1008  5635  8773 23958 12885 15260  6839 13077 20641  7773   572   722 18344  9043 23667 15046  9005  1072 19700
 22768 23780  6793 20050 24605  7501  3668 17017 10621 15257  4614 11603 24807  6405 11477 11666  5843 22278  3067  1885  3924  6170 14409 13754 12888 12904 13193 20925 25610  6881 17184 17157 26369  3352  2316  9130 18822 11917 17562 23230  6466 11438 22044 13807  8875 20733 12661  9176 23657 14586 22483 27080 19916  3997  9569  7921 14643  9724 13390 24190  5689 24676 21204  6117  5422 22285 11242 15941 23738   409  8192  4520 26395 21004  1578 19687 22009 14562  2509 13307  1865  2434 12719 13886 11768 22693 22618 22398  9687 10037  5117 21731  6901 23485   312 25930 26578 14139 26901  2074 14212 18950 23857 25649 16768 17850 21863  3164  2231  1150   213   139 24743 25446 23948   211  5432 14012  6058 19712  8821  3329  1533 16152 17058  9577 14802  1821 22760 10346 15402 23627  6662  9491 26426 19239 13400    10 27145  4386 25380  4556 16611 14923  2483 13977  4618   364 13781 15722 24244 17532   465  7307 12196 27160 17191 13828 26611 18194  9204  3279 18192 26072 11143
 25691 26105  6115   390  5540  2380 15215 19339  3463  6242 15347 19760 20523 22769 25124 23598 16560  2738 20675 10153 23434 16985 11760 24207  7197  9321  8229 20055 14225  6207  4770 23626 14667 10473 26422 11459  2692  1018 12510   468 12860 25373 13058 12055  5024 19042   319  8508 17568 23319  9108 14135 21983  1529 11136   613  7276 15463 14119 22607 17054 18917 12364 25545 18676  2555 20265  6393 18178 17615 21474  4990 22709  1952 16614  2210 26801 19986 14279  1793 10065  8561 23151 26647   349 13298 25058  6562  8975 12817 13357 16721 10071  1194  1184 25444 23243 25041  6894   669 13025 20481  2565  8250  6075 17596 11561 20118 16546  1504 13810 12086   823  6156 20156 24205 11380 25052  1213  6448 14091  9786 25912 19858 25925 10468 18687 23015  1524 21351  4399 18573 24505 24787   263 19899 26068  7290 15967 11448  3845  1273   449 21492 16966 13609 26541 24239 25080 16033  8505 19197 26950 10989  4701 26952  4750   583  1007  4502 18562  9126 15428 15331 24951
 16838  1654 13336 20371  8541 11941   532  9958 14382 17639  4828 19080  9054 24142 14870  7933 13421  6983  6221  3186  2657  4465 22253 16849  1230 16557  8138 19131 16055  7884  3482  7113 13501 26506 11508 18110  9071  9638 13320  9789 23482 10195 13818 18296 11837  7674  2963  5008 12552 26568 20492  4740 14003 16275  4816  8447 11849 14426 20196 11379 26130 16478 25884 18721 22039 24064 14694  3776 12342  9877  9102 21334 22042 14183 21452 22472 15504 15652 13989  2045 22676  8296 17178 22600  8095  3217 20615   301 19127  5015 13949 24889 14715 23668 10365  9282  5636 26094 17836 17362 21986  7689  1790  6556 26961 24832  3695  6536  1352 10221 16880  5427  5333 16834 17756 16437 13419   288 23309  7648 16105 20373   710 16939 18745 11025 14525 25426 20706 18761 21968  5864 23063  9656 24078 22699 25719 26423  8218 15783  1010  6763 13966 17143   981  5226 14605 15811 13922 21036   557 26548 10714 13605 24435   526 26699 17269 18238  9735 23954 22263  6559  8768   198
 16059 20203  5214 21020  5516 24282  9690  1418  8798 12254  5169   181  9629 25877 19024  2428 12404 16401  1858  9772 26973 16801 22756 16765 25799  3893  8036  5623 10670  3017 21864 17816 26884  2183 15345 25350  5761 23557 10544  7895  2574 20699  2169 19291  2706  2628 22569 16326 26029 11928  3821 15864  9476  6762 20895 10236  5779 10588  1804 25282 10162 18051 22101 22540  4010  1972 18640 12294 25298 18968  5653 12219 17292  6552 19222 20452 15091  1979 16956  8294 23449 26497  8085 26833  6922 24845    75 24248 26935 18171 23862 10341 11271  7136 26511 21746  2586  1454 17083 12628 21303  3444   685 11405  3842 13657 20246  5748  5112  9388 13108  9839  8923 18714 11256 25508  4813 10732  3928 21316 11641   252 16169 18300 14881 10130 23018  7821 26345 13585 14463 16238 25494 22292 12978 25640 18622 18673  5509 24764  5056  5251  5884 15724 18372 10049  2926 16365 15277 10357 15900 26070 13156  7487   720 26120 22156 26463 20100 25427  7169 13924 14286   361 11184
 22335  7512  3873 15836 11952  2883 16416 22707 24594  2394 26852 15916 12070 21628  9325  8843  7255 15078  1482  6770 25518 13549 12131 17159 21071 13252  9169  5679  8934 26305 15454  9211 22394 10303  6223 15673  9948   698 24779 11872 17514 11458 26960  9017 14486 25943  2490 19361 16649 11621 10865  9145 13640 25358  7235 26220  7368  2314 21656   887 10855 18991 12686 18734  9917 18816  4389 19247 16148 25484  9555 12862 27086 19165  6307  4367  6246 11681 12702  1318  6212 16763 18835 22848 21263 22155  6364    36 14826  1002 24859 15657 26832 17398  5721  8542 25928 26627   946 22583  7995 10558  8364  6683  2329 20988 25353 10618 13670  4890  9499  7292 12124  4096 22790 14134 15531 25388 21321  4899   996 26851 18232 16071  2666  2932 16351 14515 10742  2486 22628  3393 22873 27077  8108 14129 11358 12981  1740  2114 10739 21494 17383 19086 18583 18617  3233 23858  8528 12847 17489 16894  5852 20754   383 13997 24692 24258 19727 18448 13577 24459 15478  1229   592
 21239 18523 11104 25092  3629  3719   856  6199 20774 14190 22302 16826 15570 18474 12732 24245 24227  1161 19446  4550  4172  4286  8512 25472  9366 26410 25091 17225 25213  4790 14898  6079  1705 16433 10152 18838 17837 22476  7635 25087 10292 15369 17490  5798 16565 16173 20108  4785  8899   362 20334 15509 20937 13353 15772  1611 11268 21619 16528  7598 15144 16014 12835 20005  6828  7061 17023 14621 19834  4437 22028 25936 10391 10392 23245  4002 14771 11322  2534 24924 13723 23049 19816 22049 19678  5400 26308  7834 15101  7167 16407 20295 16006 25493 10087 22831  9190  6518 17315  3376 25971 11911 11307 10581 23496 24896 23836 16467 18190  8334  3553 15295 25137   298 26921  6442 15236  3768  2631  1195  2143 23091  1246 21311 25375 20403  5170 17878 12896  6399 24504 16562  3146  9320  5568 25026  2219 13715  3507 20033   615 13256   199  5503 19660 16680 18168 10208 17892 24112  6377  2107 14005  9987  8898  6968 11323 18061 19083  6421 16161  5348  3123 17576 11542
 21444  7572  3371 21878 26938 14816 15261 17092 12054  9137  9180 25078  1817 25251 11142 13957  8297 15374 26678  1935  6234 24313  6819 25984  1220 23037  5202 13696 18688 20503 24583 23407  6180 10482 24023  8695 20350 24077 20257 18148  4488 21834 15744  3210  7880  6589  7471 26898 23284  4005 10360  2363 23239 17789 14186  7267 23059 18983 10353  5590 26711  6135  3581  7176  2312  1956  5960  9356 21951  1888  5987 23262 20665 11591 22674 19351  4920  5079 24833 16385  5210 19767 25747  6557 11123  5239 23047   800 18274  7103 17279 10635 14907    37  3411 24618  5021 14740 16089 11084  3747  9288 20923 24455  4432 20580  7478 26976 22073 13370 15536 14631 15485  3597 16932 26473 12156 19831 10384  7871 14986 17055 23700  7256  5773 12992   219  6717 17033 13474 20092   249 19559 19726  5018  1686 15366 23008  6973  5430 18552 17521  8522 22672  2909 11461 14121 17320 16103  8760 22614 21075 23345  6679  9271 10294 25260  4449 13506  9915 18684 10751  8480 20326 19802
 18080 11609  4500 10047 18814 23179  5182  7943 24069  2540 14424  2217  3631 22209  1702 11011  8658 15638 22733  2392 27151  8313 25340 20450 23542 15087  5004 16408  2414  3955 18837  8603 22419 19737 22258 13224 19472  7166 12168  2209  8196   750 13407  9426 15525  1810  1910 18669  3191 20007 10605 10600 20360 23046  4699 25957  2324  2353  4646 16307 10456  8942 18966  1779 17705  4447 16332 18658 17405  8564 27163  7848  1363 26628  8789 18984  4557 22321  8248  9531 25158  7517  8416 14614 19463  9820 24089 18525 13635 26537 25611 22967 22178 24303 18119  5157  8814  3604  9895 16449 14924 17880  2711 18601 11186 26451 22743 19378  6224 26342 12493 18412  4444 24567  8105 20090  1321 26591 10383 23713  1497 12007 21479 20356 21827  2381 23552 25173 22601 21478 14232   247     6  2633 23499  3536  4365  6854 12595 11987 26128 10203  9061  7278 26871 13450  4547  9475 18236 10053  8862  4054 20030  9696 25500 18358  1581 15153  2798  1407 16011 22809 26457 22093 25490
  9706   166 12947 15296 13358  4878  5288  5394  1812 10168 17311 12768 12986  1248 19598 12046  4477 25396 25337 20871  2520 18205 26743  3809 13896 23826 18553  9526 21335 17144 15661 25434  4293  4641  9197 27200 11437 18946 24835 16279 12535 20975  8620 26665  8754 27045 17133 23732 16822   107 12436 13967  6994  1260 23332  9006  9673 21522 18038 11894 14257  8514  1989 20089 24617 18034  7009  3710 25106 14109 14918 22265 10969  8470 20956  2617   190  7599 12825   317 13379 18767 24264  2495  8376 23764 12960 26088  3831 20584 21636 21904 19163  7289 19994 25346  3872  5133 15933  7596 13560 19581 17132   559  7687 14965 21310  1282  2150 19901 16738  6043 12588  5277 22149 15594 19068 22332 26751 11828 10737 21852  7091 21221  6211 24851  7326 22161  1854  1536 19865 10502 10484 16982 11821  1555   978 14187 13627  1585 17444  2557  9601 21139 20536 16762  3879 25509 20320 16080 19675 24568 19752 24317  4301 22610 20418 13677  6304  9748 20787  2458 17793  3126  3888
   505  5298  2378 10495 14310 19114 18878  7048 22802 13429 16535 26559   540 23947  5525 22979 17118  9957 13819  7116  5711 21026  7530 10271 16787  6529   206  8401 13418  5372  5555 11298  7841  3470 22900  3282  5677 26704  2415 24372 26312  5094 12416 25933  3556  1939 17941 21315 26277 15472 16023 20553  7489 10224 20985 19453 24305 26717 15441 22813 22752  3024 23461  7711 20533  8500 12945 27142 19286  3703 21333 20902   830 26407 20813  2397  8614  4142 17080 23773 11038  7443  2384 27218 18053  7777 23334 10907 23423  3298 26026 22847 16891  3387  3138 13081 14825 15124 20211 12178  6154 14405  9398 17356 17057  3535 24026 10446 26239  9270  4156 11487  5659  2379 20199 15415  1123 26174 10643 15178 13903 20443   897 14735  8729 21555  6376  2260  8493 25256  8442 23511 23946  9034 25028 23726 11225 26264 17712  8033   640 14701 12655 23676  7173  3131 22702 18346  5740 23480  8265  7717  2070  1591 23695 23758 10748  9908    34 21651 12580 22067  9624 17974  7046
  4858 12813 16709  5130 25898 17212  7861 22323  1981  2645   456 12575  6138 27121 19206  7595  6664 17401 13022 13417  1903 26918  1082 15137 12794 14732 21029 20075 16420 10281  9300  9339 25596 11862 20704 13114 14149  3820 20375 23167  3690 11887 11053  1385 14865 20190  1146 25798 15109 13465 21294  3441   370 21110 16798  4060  9057  7832  1730  1364  4944 25064 16065 11986 26201 13508 25940   742 26392 22558 25583 25771  4743 25567  6056 11938  7210  4247  9399 23783 18815  6375 14807  6206 14026  1809  5095 22491 24044 10234 23515 25338   179 14209  4014 20367 26491  2589 11434 14626 24986  2431 22906 26372  7460  1835 20310  2436 24337 13359 16823 10235 26283  6910 22327 26500 17775 11215  2171   695 11398  2814 18380 12659  1608 23055  8632 11692 17582 27120 23174 20198 17805 23678  4184 17647  3577  8370 20921 21736   382 27171 13437 13305  6692 24211  6784 15066 10085 23910 11925 12027  2955 21419 18379  3289 14403 16154 18410 25230  5252 14604  3730 12898 18004
 18641 21142  9814  4764 20396 26468 13969 24598 19533 16868 15494  1473 13994  5511 16235 21865 12265 23601  3022  3228 21268 22023 13749 21529  7597 13630 24396 10878 13126 12334  7132  9228 27005  9660  3762 20947   518  2627  7309 20604 10205  4931 17691  5985   628  3815 24243   954 25240  7911 15546 14801 15938 15067  8713  9272 23268 10604  1328 24409 21449  1029  4778   479  6706  9952 18115   731 13693   784 18752  6661  8080  7384 14906 21931 25945  3875 25442 20948 21705  6484  7345  3078 18626 14028 12420 14309 19780  5661 21895 18568  3037  3100  9829  8103 16581  1349 10231 16136  7573 19092  5925 21136 26286 14949  5934 13863 15293 25546 23275  5998 25365 10078 24139 20853 12685 16164 27158  9970  8111  6978 22030 21504 15704  3478 22349  4528  8619 24209 24936 19087  5593 10253 12047 26945  3961 21883 24257 21772 24405  8117 10329  9689  7047  4684   222 21152 13399 17524 17237 26401 24800 10342 10030 19298  9954  5220 16364  3700  7785 22382 12961 16800 20120
 12449 25569 12064  2051 15907  1721 12922 13121 15164 13479 11076 10862  3265  6574 21571 23335  2273  7191  2970 22997  4746  6253 26119  7022 12379 16128 20278 16366 26313  4066  8544 10608 25131 24968 15533  1293 12502 14572 14458  4214 14919 20788 21434 17123 10686 17658 17150 16207  6694 20591 14502 13571 21376 14004 16372  2887 20458   746   329  8751  4965  2741  5839 14574 15775  5646 20243  5067 18216  2028 26483  3328 16054 18339  2214    31  2734 23460  9672 16929  5472  8813 18716  3962 23781 26763 10888  1424 20566 14240 25302 12333 11100  3744 17458 25550 10555  8832  1048 24799  5267 20252  9874 11377 15051  8101 19504 13930 12014  7642  4509 25360 12890  3429 15401 18548 25403 23733  7231  4609 22438 13162  7079   817 19395 24306  8162 10014 20386  5404 23674 11845  8536 19014 18272  5270 15449 25404 11118 12497 23096  4601 26682 17710 21994 18735 20554 21013 15142 20411 19751  8106 13139 16441 14300 26082 25830  1147 15044  7446 12915 25817 25921 21771  2146
  5660 23180 13463 12368 23779 24048 24206 26892 23786  4448  9978 25225  7827  6539 20142 21068  2346  3224 11422 23440 22367  5477  8292  3049  2644  5139 22939  3107  9843  9671  4483  5551  3266 14945 16676 10756    23 24930  5641  7670  8137  9414 18008 23684 14628 19535 26640 24977 22549  8548  1650  3654  7333 15828 17668  3347  8303  8253 17263  4544 17840 16446  9855 22851 12158 10318 11257 19331 21601  7025 18315 14153 26339  4338 26368 23899  1119  9077  7026  6101 26925 15410 15789 26108  9065  4155 19882 26809 25869  7600 25269 18273  8086   272 15397 20105   581  5152 23514 17713 10311  4040  9940  6781 12735  6728 16949 10425 15951 14314  9205 22722 26635   102 18863 22261 24184 18603 17857 26217 24485 14071 13487 21627  1849 13730  7667 10436 25983 12122  1348 22943 17937 15095    91 23117  2542 12095 20191 12215 23252  9623  2218  7699 16223 26725 11219  5729 10314  4747 20478 19101 12797   489 22977 25765 17340 18484 21768  4953  5200  8593  4649 10869  6215
  1688 26268 10625 11361  2982 25045  5559 24892 20938  5028 25005  8182 16670 11222  6409  1643  7464 23184 26810 14389   979 17013   890  1951 25834 13579  3940 23953 25479  8734  2708 26774 10089 15839 10382  9652  9921 17717   458  3900 23983 23376 10848  2387  2858 20627 23143 23108  2562  2839  3739  4610  2122 14706  5692 22890 18417 19522  4719  5161 10934 19027  9645 26517 16963  8071 12873  1428 11790  3571 25999  9154 18175 23146 18068  3549 22410  1925 24201  2112 14029 11027 22250 12176 11460 22443 11486 16488 10279 27056 23659 17187 11577 21911 14438 15841 23097 25076 12823  1973  7842  9403  5229 11243 15782  9773 19944 19186  9781 17155  2204 24307  1047 15612 23032 18956 24523 24830  4433 24969 22598 12918 15969  9918  7925  2740  9486  2897   464 16679  6481 15885 13232 11370 26963  9202 20999 12389  5521 23848  2933   962  9675 19689  6786  1516  8915 24796 21663  6102 25774 20898  3439 15672 10033  8016 19226 20753 18972 11474 18914 26291 26413 19496 22703
  9668 23093 19921  8778 26101  9383  2123 26544 16471 16479 22993 13242 13062 26027 17967 10978  9592  7002  9926 16578 25779 15279  4654  2321 24465  3896   892 14472  3156  6358 14543 26530  6598 22185 13265  6573 18073  8050  4241  4576 20013 24027  6235 23834  7660 25730  1042 25323 20608 26566 13702  2086 10426   467 15425  9330   660 22446 13048  7422 12523  4514  1142 10984 15262  8764 10872 24343 11869 17907  6836 20966 14205  2429  8618  8838  4695 25185 16077  6824 25684 19639 19000 24976 24176   193  8304 26176  6961 17673    96  9174 24017 17022  7031 21640  9653 10206 22758 12724 16308 25309   960 10404 14857 16911  4361 12891  2679 21425 10126 16892 21862 14855 18456 22551 24348 17283 13342  1800 27212  9821 18729 13589  9273 17926 14385 10617  1399 22868  4434 19064  4077  4352 23978 19771 13294  8607  6119 21089  3828 20887 14157 14519 14790 27029   218 22864  6722 14145  1176 17704 16421 10812 23690 21344  9975 24051 13486 12739  1866 23310  4705  1306 18337
 17453  1968 22683 22145 12532 17826 14352  9857  5858 21962 15016 24066 13050 20062 18824  1449 19300 19281 13227 12036 16741 10327 22517 13504  5810 11889 21179 11602  5386 15561 14840  4565  3222 15036  9342  4507 23388  3344 22464  9545  6811 17220   535  4436 25181 23080  8476 26436 24117 26779 24742 19374 18839 10864  6397 11108 24769 13782 27107 20446  2007 18747  9775 12701  1245 21102  9739  1472  3283 26262  2879 25743 25293    60  4408  7342 15316 19048 26623  9050  2762  5567 12412 14559 19736   384 25129  4132 15850 21755 26016  6572  7934  4834   756 14545 17122 24752 18354 17862 13372 21802 17736  1277 16012 15906  3919  4615 19233  2398  9923 12629 22816 23694 14074 15069 23922 11494  7664 25044 17951   427  2466  6646 25483 20014  2144 15426 19803 25495 14721  2665 11249 15350 10390  7229 21202 11576  3788 11773  1180 21125  7455  7499 14657  3031 25059 21124 25893   808 14803 24709  5013  4757 23765  2597  9417   684  4458 25211 17575 17822 23138  5699 18926
 12697  8398 26890  9931 14488  8984 11239 21400 15579 18476 22298 23260 27149 10529  8893 11780 20651 10478 26507 25051 24958 14935  7346 18555  6820  7358   998  6324  2417 21901  2867 10058 17254 19701 14674 23003 17078 13953 19904 11659 25496 10097 10145 18221  2059 24387 21211  1073  6270 12422 22012 24708 11748 13382 14968 12370 18222  7843 13198 15451 11198  5757  9259   866 11525 24312  3096 10871 20004 21699 26531 12846 22056  6312  7622  5294 12010  3540 16130 20122 24734   625 12072 15030  3772  1422 23222  7459  3293  9511  5683 11102  5662 22337 23850 13511  8971  9212  9833  1261 20625   304 18751  1771  6971 24547  6302 26107 11189 10662 16257  2103  9199 12976 26231 17829 10658  7920 20131 16601 10036 19781  6709 15461  5887 25706 11549 22470 14976 13941 14616 25330  6005  5870 14637 10919  9111  3060 10540  6650 26242 12473  5973 16409  3014 10929 23716  6067 12104 25729 26306   490 21847  5805 18201 20878 21381   439 21487 20796  6729 26598 18880 21950  5978
  5600  6325  1595 14484 15524 25406  1832 27156  8913 15946 24233 26740 11177 16986  2736 20586 19553 15201  2298 25244  5876  2066  6644 20722 22370 18848  9123 24046 10655 17105 12799 25644   893  5435 20986  9728 15572  4524  4318 18290  5982  3218 14335   618   725 25965  4243  5329  8699  1145 20141 18993  6772 11233 16461  4111 17755  6957  9328 10220 14553  5941 16196 15997  6796 24585  9685 27106 12345 24218 13951 26997 19696 26875 12189  9558 23228  2825  8161  9298  2261  3278  2938 11436 26177 12284 10769    80 20556  9504  1647  6418 10623 23709 23199 24690 21264  3617 12152  2717 18155 15332 25769 11877 19501 16889  5962 25086 14254 25286 14298   838  2498 14729 14469 18876  9267 24881 27024 20112  7655 12190  3417 18013 14491  9757 15656 22269 21140 19276 22088 22588 23126 20877  6301  8411 12180 21394 17986  2467 21836 23396  6730  2543  6988  1185 15495 15591 25253 13704 25461 16946 11875  2255   148 10993 24168 23567 13303 11975  2479 11389 25942 11140 20470
 20509 10336 12749 16183  7261  1893 12729  3899 22048 20943 25842  9562  6384 23323  9415  4906  4018 18428 23051 21496  9506 23966 15749 10428 12980 15480 26494 10764 17660 21995  7078 14718 14231  5173  1371 15625 20525 24213  5104 11052 22307 13639  5889  3454 15510   933 17623 26080 11138  9458 10245  4050 25654  9222 24188 19815  9263 14138  6865 13112 13620 18753 12767 14348 16292  2331 20479 22311 14784 16752 13218 21672 27124 15690  6900   556  1738 18362 22148 10569 16263 12489 14055 14727  1789 17626  8028  5524  9630 17499 18490  2664 24450 25748  9782  9920 14333 20117 23934  7461 18303 26062 26151 16020 24483  2222  3808 25573 22291  5813 14051 15685  9164 25180 10705  4192  6969 14598 18608  4369 19170 11032 12684 15247 17835  7082 13230 10148 11410  5089 24668 11155  8918 25742  2085 25822 17939 22117  6991 19117 16991  1356  2411  1481  7691 27146 22834 13384  6068 23960 12417  6011  6970 26983 20225  3358  7656 16573  4134 18872 19450   667  7999  2454   713
 13792 23775  3755  4897 22673 14737 13830 10182 13368  2822 10515 21750 12097 24362 10256 18065  1583 19396 15336   676  8743 17664  5444 19457 19299 11112 23589 12335 23504  8011 18744  9803 13815 23124 17318  2477 15072 11501 19320  8876  1154 13578  1160 22169 14582  3982 11064   825  9045  6095  4987  3994 19690  8914 14518 17229 13040 24949 17201 13939 22962 25705 10413  7362  4896 20866  4475  7604  7074  3868  8008 23869  7816  5952  9708 22453  8243  2239 22113 23468 14693 19406  1135 21363 14140 16635  7950  5528 10925   610 14036 24677 23133 26806 22257 16936 24346  6558   401 10903 22875 25994  8937 16678 10184  6468 13362 16580  4667 26534  9220 25631 25714 10251 24728 22013  3050 25214 12859 26427  1219 25506 14531 25581 18886 17843 21187    15 12303  3027 16907 15098   167 18986 18536  6053 14337 11959 13681 18709  8005 20678  3144  8926 23026 12809 24420  6525 20732 16182  9128 27061 19155  5602 14181  3520  1292   533  4374 11957 20747  8917 26585 13499 22508
 15231 23986  4082 11333 14796 20245 15792  7322 26753 22251 25919 19529 22938  3071 13422  2516 24054  2682  2057  6902  2894 13780 13544 21378 16246 21322  4510  9466   802 14926 10958  8135 14535  5951 20427 23827 26394 20849 25133 11594 14393  7137 20821 22334  4554  5591  6150  4319  3292 12453 12281 18936 23215 10913 13839 22556 24738 17016  2647   338 16876 12246 18020 15152  9608  8287  4660 24895 26110  2596 25858 15909 12571 18501 27153 24981 14301 21368 25797 14760 16325  1864  6815 14568  3688 15255  5888 18895  3260 16518 20635 15086 23524  2247 24022  1250 14435  7746 20464 15932  7186 23254 15368  8757 15642 12319 24928 24378  1892 25445 25727 22131  5919 23364  5671  8836 25502  6194 16354  9780 13375 21534  2270  8842  4225 20894 16937 17469 14834  2624 17281 15737  4102  8721 15447  8878  7749  4053  1377 14481 15852 18961 21517 19408  8833  1522  3333 11224  6720  1509 12933 13679 10586  5746 16131  9955 26792 18900 18107 17630  8979 14532  2069 11852 12757
  3935 25668 19768  9122  9496  3331 22495 10315 17255 18883 10713 19397  8425 21369  5840  2837  4716  5533 23586  5142 27135 11737 19510 26431  9412  8719 25801  9385  7127  1362 10300 11203 21909 24461 12383 12783  2432 15558  6166  3770  1645 18022 23157 27037 26929 19588  4037 24200 14880  2523 10361 16319 20962 18100 16301 23933 11152  8947  5421 17928  8004 16379  9013 15268  3619 16673 24024 24739  3247 18429 25804 22026 24467  8749  1223  8183 10755 11814  1736 24982 11933  8029 19568 14061 16875 13128  1396  6113  4671  2854 23462  1732 19763  9583  6097  2364  3512 10201 21682 10018 26596 17788 22982  4546 22883 23437 18769  3213  3534 15308 22361 14955 19877  7101  2383 23149  2967  7242 10373 16977 17170 25744 12143 13020  3149 23022 17509 23447  6453  1970 12696  6332  8628 24229  1057 12262  7416 12227 25920 15008 18212  2030  5708 10376 11518 15113 21998 24562  7838 14423   792  6634 20258  5131 25973 18378 18294 18279 17361 22031 22456 20086 13080 18746 17997
 24861  8436 21256 24767  2871    47 18765   542 20611 17388  4006  9990 21194  1636  1431 26462   783 10895 21799 20145 18313 19355 23077   121  5999 13567 23110 15910  4012  1846 11553 22876 10518  4330  4591  7376 11113  6855 22133   261 15777  5513 25272 25604 17323 25570 17336 11847  8840  2957 24564  8870  6492  4305 19991 26668 21780  8780  8943 19168 12710 14000 18202 21276 11942   302  2003 21055 10778 17355 15770 23292 16695 17046 11793 10366 25757  4093 19119 13004 25950 23555  2985 11282 16288 20561 21275  8402 23908  3895   553   365 18235 11984 22420 11463 11979 13801   415 26905  3751 25249 14544 23940   791 11043 10563 13157 19178  8347  6321 22386 13701 18804  4199 26258 18512 14608 19185 21972  5907 25487 23435 12183 17627 23592  2073 13682  2032   940 11558 18037  7051   670 25183 23888  7424 19684 11418 24340 13736 21293 20169 19531  3063  8714  9198 15173  3663  5651 15743 16668 17636 20076  6622 19517 17578 13194  7570  7359 11146  2944 13169 15884 14948
 14358 26284 14328 15162 17598  2784 20881  9916  2496 25697  7957 21009 18418 15138 26599 13581 20914 11752 22886 18830 16527 20624 25455 25122   172 18392 27108  2349  8143 16605 26986 17852 19677  8584 16689 18268  4075  7348  9849   918 12137  2531 22272 25220  9279 22496 15757 23269 10252  4679 20001 18827  9166 22840  8450 18132 13791 20590 23147  8594 15560  8240 26371 12307   574 24653 21343 21499 12059  4512 11835 19776  4733  7042 18370 24737 22499 11605 12556  6000 22630 19216 17916 19401 24019  2083 12109 19295   975 24274  1505  1355  2256 11673 10094  6285 24801 25785  5908  4273 11668 12662  9971 14853 17257 18352  9056 12372  9411 17363 19160  1760  2744  2539  6684 21257  5121  1880  7185  6540 10758 14717  2318  8513 25310   902 14939  3915  5642  1663  9663  8711 22170 10507 10127 19265 19047  3325 10591 18516  9482 15427 26538 21302 22980   894   493 17012  8337  4904 15758 21076 26848  1155 15195 25612  6248  1053 26509  8259 20668  7617 19903 14099  9457
  4839  4130 26307 23359  5901 24400  1056  9063 16002 23561 17624  5060 19714 13768 26400 25740 17451 11476 11262 21079 16794  6145  4915 11741  8073 21832  9966 14395  5475 18647  6169 23727 24527  5758 25782  8238  5443 22651 17168 12018    67 24481 16682 18757 14708 10801 26466  2089  6456 14789 20316  7084 22235  6735 25348 18707 14332  5387  5815 23164 15995 13827 22902 23000 26165  2225  5736   658  1258 11584 17455 12722 17938 11901 17303  7377 13968  7015 12206 23453 16352 22431  5272 26540  1158  8010  3907 19838 11101 10423 14904 26939 13821  3044 12363 24848  8895 16703 23331 14430 23193 14761 25398 21329  8750  3819 23911  1827  3170 12849 26896  9709 14440 26550  6519 12908 22773  8808 14630  7935  8677 21304  6277 14766 16575  8819  6921   314 15108 13135 15530  4674 12432  2391 23974  6670  5971  3726   293 23156 23136  8601  3943 12174 12212 14471 23232 13745 14970 15595 23687  5841 18960  9865 12541  7742  3517 24492  7799 17884  2040 23647 13507 17503  3080
  7454 21790  7425  2865 17936 10550  4034 15413 24938  9251 11496  8998 14238  6057 23041 25939 27209 24857 11855 20558  7979  9483  8263 20233 21801 26902 15779 15857 22965 11513 25694 26450  4220 11255  6853  2544 10602 24974  9215  5673 26190   915 26388  8822 24260 15409  3918 18414  5763 20899  8710 22613  3625 27183 18466  7621 14351 18540  3380 20969  5137 20552 18531 17716 24649  8560 22114 17435 21831 14666 18375 21480  2147 13510 11202  3692 20338 14806 22493 15362  2505 17737  6319 10587 15571  4445  8490  3832 15697   281 19221  7534 19868 11807 18654  3587 26334  1749 12418    35  4854 20038 11269 20024  2809  9075 19060 10948  4521  5066 14365 22140    45 26484  4930 19250 20669  1109 17665  4181 16877 25564 19436 15624   819  2108 15404  3516 23904  7421 22854 16958  9396 18579 10191 17332  1212 22526  3905 16027  4573 25229 13226 23788 17629  9659  1753 22759  8069  4440  3169 25258  1883  3734 15271 23283 12306 21842 18019 17171 23930 11638  7378 12471  7650
 19344 15280 17920 19561  1874 16203 24919 15150 26899 13772  3226 20592  3580 11924 21446  2206 15423 26802 16749  9904  3405   705 17302 15553 20707 23875 16323  5401 16819 25618 17693  6995 20769   476  5977 19866 16930 26808  1929 20160 19526 17883 17472  6126 21613 11882 10595  9799 12912 15090  4086 14841 19146 10536 16662   837 26638 16124 26672 13913  4160 13612  5742  5397 15527 10403  3774 18649  5276 10900 13113  3500  9715 22144 25392  3985 15859  1314 26866 13713 10624 26465 19616 14902 14585 11614 20139 22889  3043 10577  3591 14177 14716 13302 17241  5424 13321 17039 18661 17297 26830  9236 17510 17555 12504 11993  9539  7881 14370 16534   748 26161  5237 19491 17113 23114 13856 20294 16367 22074 21290 23610 19617  2755  3106 11706 26073 15669  2832  9847 10990  7198  5500 11540  1228  7286  8059 16974  4265  8070 24868 10815  7395  7793 25791  5909 24765 16423  2851 10276 10565  4766  7890  8488  3270 13231  6868 17104 18278 26020 17769 26428 21681  1640  2537
  8725 19368  5347 15813  2130 18941 10937 12616  8837 20466 18111  3059 13326 21286 27079  4094 19550 19188  2916  7306 10435 24331 19123  8328 11977  8535   871  8877   949 25816 20388  5794 20950  8440  1644 17695  8272 15400 13239  9184  8397 17646 25273  1043 12441 26634 18086  3904 13512  2065 26069 15854 12737  7266 23731 14524 21034  3064 13524 11106 17722  3161 13185  8433 10726 19548  4998 13802  3406 17305 22856  8591   418 11086 24236 16127 25010 18170  8307  6222 15707 12424 25823 11028 10112 13858 18825  4157 23287 22972 18310 14241 18897   225 23406  7403 14292  8707 24578 13793 21967  8974 25899 16858 24377  8939 19718 21196 27014  9233  3680  9206  5465 23701 20845  4217  5184  7954  8753 23579  6394 21521 20009  8807  9136  1960  5193 26218  2763  1528 17965 21477  1089 15006  6354 21476  3709  9880 22014  8140 13151 13606 19673 18692 13813   168 15801 25776 18312 21803 23929  6512 12515  9999 11005 18409  6987 23796 18809 24352  2127 24518 11738 25846  4803
  5437 16085  2200  9148  6416 18017 21024 26097  5304  2405 21085 14874  9979 12994  8449  9956  3929 19363 13855  8704 15294 27150 17454  2753 22282 26200 16192 14381  3607 12230  3259  3211 23645   766  4760 13559  7067  4870 20357  7724  1060 11092 11345 15052 12285   187 25718 13962   300 22246 19530 27040  8295 18114  6638 17882 25499  8378 18309 21349  7601 21305  7174 12997 22022 17456 21106 10706 14691 12454  7653 27009  2946 13919  7438 25110 19602 16157 10122 15614  6090 12570 26794 12312 17487  1695  2117 26793 20918 26606 10306  8344 24894 14719 20218  4645 26827 16841 14169  4929  6860 19177  3933 13274 20767 21258  6096 11277 13755 13844 19011 12475  2941 12008 14683 17893 26814 10551 14927 17423  6782 14037 14967 13380 16728 10575 21723 20171 25165 26298 21757 21908   753  5315 14270 19350  3076 19544 21641 18436 12527  6171    43 24451  3750 27039 13237  5691 11259 20852  6157  7609  2836 18183  9492 10820  6576 26968  1342 15883  2593 12311 10526 20124 16143
 15389 25707 11588 26933 19038 21088 11524 14325 22195  4316 23814  2790 19292 26895 10389 23382 22580 26162 12290 21163  2404 22320  6708  7124 21879 25557 14248 11587   948 13711 19735 17462  1432  5335  1173  5120  5558 16074 19579  2060 13041 15555 12600 24049  1470 19912 23105 25574  4003   103  6696  4644 26575 17809 19873 20632 17271 10070   554 12553 22120 22763  3949  2242 24129 10725  3971 12526  3467 17003 15491 25437 20500  7133 11574 11690 21181 13329  3902  7529 23935 10333  6648  7915  3606 13116 20848  5402 27213  4390  4784  6663 22545 17678 26470 15310 10782 26883 23445  6586   284 24484 26936  5713  9680 17790 20814 23868  2481 22742 10676 21695  5450 15102 22995  3596 11918 14080 22191 11874 23324 11765    65  6322  6241 13692  8982 11465 18198  1950  4938 14809 16462  2874 24043 18500 15099  9015 22244 13758 15438  7815  1419  4685   789 17043 11616  9359  7781  7590 24297  2230 24925  8015 16457 15177 25526 11861 18549 20189 12864  2971  7903 11207 20148
 16181  4603 13105 25905 11369 26420 25469  7625 18650 25401  2008 26958 19564 13750  5379  1323  6162 20073 23467 10700  4312   506  8568 16021 13983 15608   521 24055 24146  2550 26350 24259 26720 11018  2996 23020  9371 12521 18659 12856 14127  7721  4555 14557 26287 17497  6370  8622  9641 15765 11730 19883 21676  8222  8346  8456  8570 25082 23976 20752  4978 21959   299  8169 18764 19315 17317 16363 21779  6958 12956 18109  8089  9510 14394 21198 15889  7222 22122 12558 19277 26488 15283  6929   471 18743 11212  2878 24368 15807  7254  9845  3310 20801  6012 14990 23633  5088 10887 20667 22521  9683  5705  3327  7177 27085 10571 27129  2588 22451 20431  9441 17821 13078 14262 11349  6144 12114  2636 16064  3472 13073  3173 19732 15815  4651 10765 26985 12315 13106  8850  6896 20216 20581 25274  3862  8293 22413  5523  7917   161 16447   947 25677   437  1215  7865 11024 10583 22697  9518 26868 10479 16494 10400 21708 22675  7375 19625 19942 15430 14266  8124  9524 16297
 20865   147 15180 25818 19597 21341 26967 12803 23803  3551  1075 26252  9158  7250  3848 24975 22287 20909  2064 24871 23448 26047  2016 19294  1919 26377 25417 17414 20385 18994 18422 10680 26731 22034 10916  1360 23901  5215  1456 16634  2811  9778 11351 13455  5722 10015  7003  7470  7710  7140 25491  6159  5429  9461  4703  4162  5588 16283 23785 26060  2126 21189  6009 11796 24134 13520 10134  6940 10144  6594 16909 15266 24711  6178 13998  2526  4341 13402 26719 21307 15964 12293 17754  6432  8258  5301 11671 15838 17785 14245 24553    26 19542 12134 15020 16179 16228 24093 11497  1266 14023 13451 18705 12003 20234 12713 24922 10810 13565  1782 16879 24503  2061 11512 19319 16284  4307 13918 15114  2663 11572  3118 22501 24869 11384 12480  8000 25967  3137 27046 14606  5859  9358  9196   826 24684 17486 20368  4797 19793 19105 22767 10209  1754  1095  6724  4291 17849 25544  5959 22631 22360 10463  6084 21060   633  9059  5407 19318 21638 21965  4180 26093 22511  6612
 19758 24579 17814 15059  6714  1669  3294 21064 18728 17061   579 26738 22814  5338  7249  6018 10038 20269  8716  8945 23421 14366 11509  6295 16854  9047 21907  5714 26199  3045  9390 24275  7408 17376 10451 25050 12996 18652 20884 14176 23125  8525 15586  6702  2777 26639 18558 27154 17753 22522  5706  3197 10552 19666  1983   330 16665 17501  7875 15127 18444 23285 10665  8041 19416   393 14203  6756 10980 24153 13575 22538  2315 25163 14920  1216  5349 15856 20454 19795 19910  4658 24087  7748 18554 13210 24715  1312  7503 14250  8031 22681  8577  9422  5958  6829  8810 21934 26033  1316  1200   436 11107  9243 20815 13286 15378  1638 26803 11272 24923  3497 18509 27182 11841   961 10128 26758 17148 17288 17125   704 13669 19534 26846 21416 19439 14236 21786 24634 23027 24344 14550  7510  4995  8109  5014 16913 25891 14762  6705 27219 17959 17262  2461  3154 18265 18481 20293 10689  6343  6356 21851  9500  9471 10369  3431  8694  5573 22274 18771  4650 14477  3030  2493
 12112   883 23699 16818 21984 21855  8612 11503  2453  5463  2138 24580 15945 19090 25019  2399 26532 25154  2097  7610 11939  7908 27059  8460 13188  1709 15477 21242 18550 23383 21098 18639 16302 19013   561  8300  8883  1794 16641 22020 17558  4761 21639 17517 23455 17765 10104  2174 17632 17098 19263 12605  3200 21080 13884 16919 23920  1517 21016 21489  1571  2448 27191 17250 16572 18443   847 20843 15849  5775 19357   663 23416 26469 19876  3725  4203 10614   237 25863 15258   942 12278 12163  8574  5324  1279 14712 20158  7044     9 14851 12191 16394 11047 17726 25301 20322  5954 23278 18438 26661 11149  1415  3359 14142  4875 10075 23257 23304 12099 16349 11071  7252  7835 20321 21355 11699 14397 15942 12438 24254 12310 12872 25464 21932  3917 13442 24608 12828  2457 10576 18928  3412 18400  5058 23828  8495  2962 12611 20960  4541  4657  8186 21913 21880 20927 15821 15349 20175  8477  3025 15116  1657 21782  1797 13928 18989 11809  7577  1744 26353 22887 12948  9135
 16532 20349  7531  2100  7948  9710 21775 10017 14182  5479 22305  4409  6841 25177 19523 14928  8590    59 19028 17786  9181 13812  5497 23914 16224 13132 24595 17299 19462  9914  5076 25813  1936  6237 27196 22213 20782 14749  4504 26496  5844 26143 26686  4910 18857 21413  9213     1 16098  6942  7105 24219  8423  2598  7582 10669 21223   813 26116 26386 24747 19622 26039 26269 10914  6022 20230 12107 26007  6904 14866 11532 24212  4278   411 16500 22248 14983 12208  4652 17182  2687 24513 20250   457 23075  3916  5574  5403  5572  6412 10626 23139  9800 16979  9575  3143 13965 25856   656 14108 11234  8993  8047 16529 18026 10549 19018  2056 23050 22754 25113  3979  6402  5147 22290 24593 12002 16684 11909  7877  4453  5946  5224 20735 21814   446  4736 10380  4552 13389 23724 19685 16831  1208  6927  7938 23242 23217  7354  2345 25453 26403 26114 21738 21871  3934 17413 16691  8114 17589 20806  5768 15264 18504  2911 20210 15246  1904 20716  5342 15256 20441   440 16438
 12781 16314 12673 20377 22150 24628 25594 21539  8684 14570 18488  4314  1016 12026 19110   824 12857  5614 16923 22087 24375 14905 18818 18905 13337 17670    44 20730 12148  6353  2376  9092  5724 17417 21616 14267 12282 18775 17160 24470 22463 23281 22619   815 18101 22766  2988 19578 24588 26213 20084 11144 12769 11547 19840   901 12894 16293  9453 19627 12959  7283 10703 21440  1144 22587 13001  3415 16725 15250  1755 13556 22294 13330 12787 12279 12842  7200 23956 13253  4036  4808  2202    64 13032  6055 20262 23938  7526 21134  5036  5993  6361 24056 16311 26994  3984 15241  1781 19099 22207  1289  8547 25843 14384  3121 19499 11498 24299 12474  8882  6019 21811  7436  5531 10807  4428 19538 11612  1687 15018  2623   434  3373  3664 27109 12052 23473 20034 25875   888 25159 22815  7504 26205  2668 27207 17770 11176  8444 25717  4506 23060 17466  2235  3133 14111 25725 14154 21342  2918  5380 13836 15977  8274 25835 18679 21748  1660   391 26878  1468  3384 10642 26554
 12318 25209  5655 22524   606  4862  4384 16742  4029 14845  8171  1094 10510  7374 26535 18381 21358  5611  6099  1698 17211 20616 22641 15871 12133 20633   162  6469  3813 21367  2507  4562  4144 12486  9961  6737  7344 23196 10287 18369 19722 16646 14862 22727 16259  2128 25363  2489 17189 18018 14172 14516 12827 11962 22270 26975 17730 23002 25597 12839 22435  2805  5658  7373 26689 16102 21159 20674  4775 11816 16099  4403 18052 14613  7302 22616  1653 15341  8054  7840 14696 21584  5526 21508  4231 24445   563 25175 26593 24231  6026 14649 22473  9179 18196  4704  8187  3858  3261 20422  4202  2473 23994 10179 24640 16260 20504   327 25979  5825 18326  3708 20098 25411  2772 23227 23528  6020  9881  3792 15682  9277 14646  1590 26017 12411 15966 19996  3148 25783 12414  4580 22051  5578 22115 22695  9375 26158 17580 22353  2049 26021 24947  2716 23737  2559 19937 14363 18295 24856 25650 25615  2335  5351  8950  3041 15799 26746  1196 24295 14334  4807  2043  5165 10004
 18678  5208 26055 21881  8212 11675  4606  7271 26998  1916  3968 11386  5787  8834 10458 18643 15080  3038  7722 15226 15635 25331  9395 24272 13775  7296 22124 12087  5932 13017 18651  8835  3003 10308 23137  6985  2783  7175 25216 27119 13688  6938 24659 22606 16327 21576 22944   478  3614 22180 11183   907 16916 25712 10568 24905 17930  9890 21744 18609 26932 26984  6122  6511 14527 13008  5950 26456 13100  2748  6554 13007  1563 17868 17221   527 25841  4917 16442 14508  7532  7592 14271 22448 20779  3533 13628   745 14293 13403 13291 10804 14779 19229 23410 22239 26722 25517 20836 25673 13187 14873 18586 16962  9634 13651 12020  8439 23926  2704  5462 23495 10787 23655 22805  7426 24454 11273  2639 22838  2469  3288 12115 15696  8562 13503 14947 25660  5311 13637   378  2902  3468 24888 10359 17394  1532 25412 25004 12248  2560 24256 21166 10322 18403 11150 18778  1808 10874  2215  1634  9927 14123 24784 25035  2860  6415 21600  3193  7466  8919  9969  9617 19330 22550
   551 26184 23261  1026 15342  7666 22136 14096  6999  9391 16748 24706 16933 13263  3969 18266 13514  4642 19871 22799   679  6262  4418  7458 16925  3932 16376  7866  2131 24643  5482  3981 17445  1305 24057  2638 26690  5656 13655 26014  7991  8360 22829 11206 15487 22896 11676 16871 18411 25985  8733  3010 23267  2422  7962  7201 12683  7452 11117   265 21297  1000 13673 26879    82  3723 13160 20285 22404 14133 17813 24079 26309 17077  6962 10959  4270 26346  5486 15263 20987  5306 20744 26679 14844  3019  7352 10368 10784 17408  4518 19358 18050  9168 24663 25726 11172  7347 21567   335 18096 15110  4378 16848 17240  7862 22348  4543  8130  4268 21824   958  9430  2831 11687 19388 16436  2163  7958 23580 15680 21017   927  9253 25739 11321 20392  8905 25438 15664 22905  7475 16808  4108 14744 24220 15076  9574 19162  9730 25851 22841 26601 18133 22567 16522 23679 13176 12331 24957  1677 18877  5580 22912 23790  2141   514  2667 19044 14344  4774 23187  9161 15653 26555
  8249   131 21796 15540  2062 24657 10830 21556   499  4662 15912 17205 11891  8546 19785 24416  1706 16342 21693  2158 24965  5961 15978  7382  6390 15802 15311 14922 17020 14952  7430 11317  2508 21324 21900 17690 19618 25430 24366 15865 22160  9287 18210 25695 22822  1092 21025 11813 20995 23343 10847 17657 16973  1541 26418  5051 11885 18088 14547  3355 16489  3912 22942  1557 20905 14497  2686 13021  4798 12941  2801  3129  8463 25416 27116 15742  7814  9853 12750  5739 18245 12805 18149 20712 15199  9245 23178 19750  7525  3437 26390 22357 21424  9266 15686 21111 22689 23622 24102  6495  8211 11516  9602  4084 12409  2155  6945 21455 14500   159  7120 21946 17804  8767 15963 15725 11407  5966  3445 15699  2207 13288 23090  4042   752 10316 22128  3281 26669  2937 19723 20832 14783  7190 25284 24761 13917  8556  3493 24548  8419 12388  8231 12952 20442  3646 21057  2001 25071 22286 12698 15631  4198  5767  5860 21765 15381 11596  3208 12654 26642   491 19132 13843 21582
 10822 11590 10890 26148 19169  4450 23399 15382 25466  4829  3942 17687 26301 17261 24718 25022 22319  8012 15501 20432 17761 20361 14899 24422 25515 21475 18001 25840  9557  3847  7868 18726 21422 20239 24436  3018 15071  7162 22728 22657  8388  8922  7937  3318 13610 14276  1327  4466 24988 21283 24496  4952 16450  7148 12546  3600 22642 10620 24408 19556  1629 20844  9452  2403 21412 23144  5735 24161  3570  8963  3469 24255 10178 10370 18731  4088 12640  6816 10443   188 24301  8156  4153 17421 10422  5264  5883 21482  7049 24196  2583 20430  4412  6830 18287  4328  2134  8471  8312   118 17377  8683   494  3428 21830  6561  2684 18864  2395  6818 12822 26582  7035  2872 24819 15021 13386 12120  2375 26425 21001 26288 22220 19969 10809 17621  9695 18887 15196 19465  3958 18211 18144 14256  8702  2067 14170  5166 11623 25481 11375 21280 19140 14669 13054  7780 23571 24073  2015 16458 17972  8380  4844  5392 18179  2027 14147  5545 11121 22477  4313 21532 26911 20789 13580
 24427 24319 17807  4583 11630 16690 15602 22179  1365 21418 13035 21697  2521  8021  6259 18566  3521  3145 14699   668 22852  9208  3740 10442 11735 19975 16906 23977 22038 17235 25277  9307  5576 21541  4611 18437  6239 22107 10511 13872 21637 16068  7702  9114 22857 16005   876 19582 19747  8283 17348 26815 10707  9479 22098   672  1568 18289 21659 21570 20834  6191 11168 14447 13956 13216  9340 18465 19437 12161 25425  3047 22546 27102  8372  7673 21653 24159 15276 14700  5485 18638 11880  2635  5514 26937  6975  5762 22183 11299  7782 22354 10096 20935  2901  3775 12073  1420 13000 18755  4427   990 16693  7087 12566 18740   375  8717 11913 26978 18355  8921 12870 25339 11797 16139 20792  4599  7545 12743  8599  3787 15826   340 17824 19409  6566 14759 11824 26155 18823  9121 10207 13311 25203 19982 24525 16570 26380  3074  8777  1646 12339 24358  7997   703 10095  4648 24520 10244 14665  6620 22099  4659 24410 23390  8520 24678 16091  4404 24497 13144  4692 15119 14578
 15709 26314  2859 19381  5913 12162  1393 18276 18513 23395  8855 21561  2288  1404 25294 15564 25537  5006  5654   352 20150 18442 13597 11645 11639  4491  5819 12308  3909 11700 11617  8726  7812 14288  9260 25853 21838  1519   623 12466  6528 10897 22158 12832 17018  9235 25619 22764 21052  7328 24498 13829 15934 12796 26572 12638 24119 23802  6328 11420 17569 17140 14204  7100 17858 18571  6747 11421  9588  1338 22534 11611 19205 18777   334 21411 21645  8318 15549 16967 25142 12173 17931  7837 10970 11066  8121  7894  2132  4469 20724 12593 18231 17942 13264  9729 25760   195 17800 10432 22279  4163 17764 10158 10027 16683 18690  5033  5780  1304 26563  4422 20861 16895 15394  4638    93  1819  9209 11103 10202  2584 23735 23014 18058 11485  5478 14830 22957 13471 21352  9436  5127 19207 12247 12989  8354 19431  7759 23400 26382  3613  7281 20204 22061 13505 23181 21072 24237 18330  2280 19715 13083 21937  1466 26090 22566 15174 13484  2845  8160 15065 22507 20402 10720
 19359  5263 24552 21397  1376 19887  7886 19946   296 22539 21887  2999  7295  5322 25559 17396 26795 22336  7755  6287   739 11974 18849  2358  3767 14468 12516 24290 23001  5640 13055  5426 22083  1775 14713  7364  2499 18388  3595  8210  7594 14788 14459 12496  3357  6541  4853 25585 18985 14243 26571 12305  5515  7247 24992  2643 15729 17553 19019 20273  9879 24697   846  7406  8924  5490 24703 24013  8427 25527 20623  3616 24250 23623  2827 25998 19938 22650 11479 15011 16482 21552 16400  9658 12241  6155 10754 23069 21559  4109  7616  4688 16804  1664  6794 16485  5228  7956 16603 13590 24810 19208 12182  5702 18999 23221 20719 21850 23505 18332 25737 25218 16344 24876  8506 18472 18240 21762 25321 13166 10533  1863   651 10759 17400  4254 26135  6457 14901  4683 14839 20780 11385 24993 26416  1871 26670 11961  8700  4661  9998  6726 18128 10525 18819 19130  2527  6426  3098  7039 22403  8772 22474  5618  4215 19133  7386  5077 23530  7750 26996  4754 15671  7518  1426
  7467 16083  3239 13588 21053 20619 15418 23663 21588  1408 18713 13613 16476  5336 25102 13097 26573 12610 17329 13871 25575  7432 14576 13805  1573  3582  2609 24777  1842 11534 16821   919 14903 14132  3339 10781 19554 17009  4004  4563  4090   788 26858 13904 10485  4284 15300  3882  3409 12871 22281  8343 21380  8537 16651 24111 19305 25212  4537   549 22818  6568  7251 23759  1174 14324 23058 22746 23079 13392  1486 19005 21059 20606  8309 22923 25200 19046 25179 10091 11575  4478  3426  6103  1679  3671 16733 14041 25105 22457  5030  4246 12672  5981  6269 24625 15038 27074 11433 17700 20900 24846 21188 12079 13545 14162    28 19569 26750 16840  3543 17998 11306 11923 10701  1758 24432 22055  4836 16212   662 16201  3206 14963  1613 16495  6547 15224 20222  4874  1735 25934 13763  9041 11893  1198  6875 13011 17984 17177 17294 20438 24347  9400  6516 21809 17643 24852 10796 13027 24818  5921 25860 20366 15158 15361   142  4545  9840 26664 17538 22356 18286 22471    46
  6198 17746 14451 22633 11041  6788 24900 23498 19606 22303 24910 12030 26760 15292 13387 19645  6185  8557 26076  1531 11811 12142 13496 10927 11275 12612 23033 20807  4989  7194 15406  3159   807 23368 21083 23341  3267  6639  2770   956 15471 12455 19716  4708 13127   341  1013  8613 18076 12579 22138  8762 22559 15940   878 20040 20530 16927  8589   221 10063 25219 14102  1076 22378  1203 25829  6808 11287 20035 12581  3620  8966  8455  8331 25486 16205 23587 20192 11079 20495 21385 16780 21856 15993  2889 15658   419 25588 17222 25477 25833 17525 21587 20621 11815 24636  7966  2578 20097 15424  6066 17679 16095 19096 22506  4948 15714  3120   738 12867 16999 17369 19656  4380  3505  1240 11009 16491 20564 10172  7845 19543 20296 17326 13168 21427 10133 13341 15825   711 18781 26713 24273 24158 22227 13972  5518  9851 26577  6913  4001 11552  9014  5786 11495  8421 19957 18360 18833  9876   829 19738 22260  4579  6250  1496  5236 14072 11449 17082 16631  2039 20543  4186
 10988 25991 23342  1052 13740 23879  7813 13468 15024 16884 19411 10349 25161 26954  8324 13300 15507  9825 22557 15518  6112  4664  1204 18945  9812 17738 22686 12256 25630  2846 25471  5605  8078 26361 24751 26570 11283 23439 15333 18143 14016 16922  7275  9736 22817  4239  4666 24495 19365 24270 24424  3284   661 24329  5108  6745  1908 17296 23326 22147 13529 11294  5038 25647 25844 21955 10302 22655 13599 17473  7172  6072  7059  6366  4735 21756 20727  3475  9187 17485 15975 12562  9628  1104 26272 17701  4464  5363  3731 12495 11211  3209 21180  9902  9444 16519 16484 23213  2817 20673 11197 18924  8395 11528  3584 19063 26783 25775 16747  6192 19931   834 19402  8098  1963  8637  6261 15675   240  5456 13332   229  3566 16850  3544  5318 23363  1287  1391 18408  2310 23730  4169 18530  1719 25320 15141 21081 24314  8644 12869 10952 18454 24280 14452 19844 16677  2697 18247 19021  3547  5824 19034  8060 14573  3111 24904  4769 22345 13431 25342  4934 19079 18384 16024
 22595 19125 23549  9335 16501  7117 15861 10093 26863 27006 17204 11679   839  4779 15339  2719  3698 23293 21896 23057 20636 19415  2014  9546 17817  9666 27064  7291 21506  9374  1926   599 14627  9069 24172 20251 16622 21784  9741 20229   898 16674 25462 19174 13811  5686 11039 13522  4822  8688  6279   558 10780 21205 18738 26610 19377 25341 22084  4916 18010  5245  8216    52 14174 18858 15620  7730 16948  4902 16328 26752 15234 11583  5390 17894 20672 11973 12357 24145  6604 19742  7263 13894  3760  1034 14895 22468 18425 12501 20364  4809 17692 19608 24837 18470 20939 18759 17176 16595   258 11892   472 23525  1239  7131 14117 23967  6750 11749   394 14146 12752 14322 21753  9152 10983 25866 15575 16445 13946 19848   270 25745 12216 24088  1175  2604 13075  3618 15870  6503 10186 11408  1642  5833 18060 20656 17073 14827  2148  5032 18046 21030  2677 26170 24766 13910 10048 11023 18597  8332 24165  4170 11900  7419 12378  1434 20795  4242 11165 21548  5685 24462 20393
 20032  4945  5501  1997  4331 19955 26503  9505  6668 25927  7444 21014  5151 17498  7396 26183 22268  1759 22786 18095 26156 14050 17508 21964  4356 16242  3894  6981 15204 14347  1372  5684 14745 25447   809 14179  5772 12853  8189 22971 20179  2835  1083  9009 26942  6802  5002  3973 14019  3886 12874 23536 21219 26476  5828  1442   203 20206  3203 17395 16843 21633 10454 19922 11450  3705 19797  1826  3253 14114  1417  6989 20824 20811 20304  7259 25996  6681 10124 16120  8453 21956 23031 16243   759 10005 21970 23787 15867  7125 18591 16845 22755 26764 20864  1024   576 26464 14386 24322 13061   575  4715  7575 17565  8816 25815  1068 15411 25352 26098 23652 22810 18938   152 10175    12 25324 25693 13472 17371 26580 12785 11729  2026 16767  6924  3927  3861 16186 22299 14933  8761 24086   182  4584 20307 15198 15628  9698 26356 19894  4446 23413 23689 18419 21272 11722 24616  2820 16317 26485 18974 15029 11937 19676  4876  5177 11903 14175  8451  6967  8408 12549 13361
  7211 26040 21624 26332 19817  9435 14275 20347   141   974  4280  2758 12224 11279  2707  4253 23519  9854  5271 14747 11799  4417   718 17542 20078 15221 19270 14569 26860   910  6532  2095 18594  5303 16019 22596 10537  7662 20952 16571 13482  1127  3360 23792 15387 10733 11904 21387 21940 18258 23106 15778 25101 13582 25118 12395 18696 16839 14416 24621  9470 21505 24865 23572  3130 23403 12988  7513 21491 20695  1149 12936 11650 19704  6571 11634 13747 15791  4064 19571  6548 22777   861  4275 11130 18416 25746 21120  9552 22118 16809 15541  5904 27162 15104 10612 26472  5017 17146 25016  2474 14076 21348  4452 12845 20889 16516 18600 17136 23576  3342 26091 22635 10987 21754   793 19970 12101  5398  1178 22333  5287 18545  9648 13038 14961 11888 16368  6926 21132  4385 19895 21233 25819   935  4693 24872  9590 12102 23506  1726 21751 13308  6494  6806  9018 23734  7491 17921  4375 24726  1394 13152 11090  2087 17888 11633 14662 22668   140 13087 10467  5278  1986   816
 15159   143  8195 21618 13345 15513  7221 21495  7969  9965 11664 16393 11565 14213 11141  2308 25439  9502  3219 22206 24522 12505 26227   689 14676 15203 11110 22513 26499 13600 25892 23017 15891  7000 12060 12461 19679  1720 15105  4838 13722  5905 25959 13568  2830  7401 17448 17808 18441 14633  3602  6769 11743 22090 12199 22422 14581 10117 21308 20648 20052 20618 19584 22952 18316 22951 16221 11866  2691   848 20768 20545  5812   425  1125  2782  8633  4457 22806 22917 12572  6637 23987  7159  5366 10298  6560 21533 24794  7803 24714 15787  4935 26703 10367  6440 16291 12837 21821 21941  6656  1655  7085 14885 18529 11756  4624 14448 17280 20644 13531 21000  5820  2460  9884 19929  9609  3766 27131 15185 26780 11289  6347 15031 24648 17343 13526 22497  9605 12147 16010  5665 21569 15237  7317 19392 20742  8623 27201  6693 24758 13327 11245   233  2189 20696 21461 11662 13072  8806  8052 20794 17530 26579 24018  3073  4370  1798 16865 14506  2863  4792 14224 12029  2076
  7792  6858  3185 20916  8550  9285 26000  6563 18003  1824 22573 15902 17842  8995 23706  4135   909  7165  7233 14010  2568 10589 14603 15567  2181 20276  3572 19730  4387 19913 22792  1499 21701  4867 18508   385 25036 25681 23170  9824 24885 13119 20810  4690 11600 10260 14494 13519  2908  6941 11373 13867 17763 25648 17298 21890 14944 26927  6109 20275  3627 12425 12649  7440 17522 22254  6329  6168 23877 27012  4501 24426 23746 13865  5412 22527 23853  5350    84 13814 15698  2156 21728 17954 14723  4479 11703 15183 19972 12021 15446 21692 17208  1032  8092 25315 24167  2980 13766 18045 11003 10909 14069 21849  8722 18415 19635 14445  9572 22289  9804 25516  3991  7736  3780 23577  8001  2360 23582 21742 14053 22714 22142  4226 13536 15623 17890 20620 20582  7716  7118 22494 16931  8053  7904  5416 20933 16286  8938  9423  1402 12925 21707 15290  9828 17479  6136  5124 12844 25140 18840 10947  9796 11946  7765  2031 21375 21674  5385  7858 13835 18708 23111  9905 13643
 18884 21515 13398 24597  3273  8916  7179 21109 22518 18862 27193 10247  7565 24287  9012 19823   417  1931  2213 17090 19284 16353 13638 18889 21299 16988  2151 22143   406  7202  8167 25239 23339 15784  7548 26352 14221  4734 20407  4043 21583   799  4233  7562 15298 20690 22734 14437 26167 13888  1745  2952 26048  4508 18847 12968  1346 22432 22296 18334  3305 14530 14887 14410 18147 11897 20094 19870  7751 10894   497  7182 11665 21389  6623  7258   111  4982 10405   124 19574 18733 15312 19302 21685 25031  8172  7560  9792   160 24573 26079  2193 18099 14152 15329 26508 19592  6974 21154 14342 11439 10192 10243  5949 24193 15512  9762 16828 11160 16965 21815 14549  7017 16746 18172  1861 22602  6107 20068  2868  3891  5474 21306 19097 21320 18518 21514 12759 17334  3083 20910  3054  2694 15727 22879  6475  3637   787 14233 25443 16004 21680 19252 11626 11989 23367 23761  1787 19012 21470 21208 11776 24128 10516  7350 16542  6911 18120  1357 17120   585 17547  6892  4542
  1274 12260  5433 14757  6190 23917  8856 24204 20963   523 22901 21141 25088 10698  2006  2646 14597 22487  4796 17680 18304 19487 26714 22106 10088  4072  3290 23380  1788  5299 12094 16404  7608  6849  6074 24529 16472 18898 21938  2884 24092  6062  8748 11746 10166 17634  2359 21457  9787 22058  5906 27042  9186 23476  5924 11368  8268 21248 18000  4133 15190 27148  1714  9752 18912 14829 19820 11851  5612  3843  3818  5364 15403 15952 22578  4324  9139   762  1801 20549 24163  6082   351 20911 19468 22449 10480 21488 17610 23175 21944  8093 16049  3416   320 24091  1816  3432 11290  3204  5548 15919 16537 13395 18865 21019 17429 16282 17654 25262 23109 11544  1718 23414 12038 24115 13584  1412 22177 18254  4564 10824  1917 15015 16428 14861 18129  4825  6381 26489 24180 16483  7447 27224   908 15953 22129 13115  1685 20465 27197 20428  9925 15253 14743 12656 19995 14060 15950  7297  1117 26838  4702  7800 22568 16296 23484 19984 12682  8144 26229  8991  3764 23616  6581
 12202 11325  4062 24887  9087 16583    50  7156 10509  5458 17468  8392 12390  2094  6200 19103  8732 18067 26344 19266 23012 12092 18965 10183 15367 10996 14842 21540 20247 13488 14290 23675 12250  1464 19310  6196 10852 20370  2590 22411 15563  7522  6608 22409 11999 24488 16870   232 21216 13184  3753 21199 15284 11424  1551 13695  7556 18226  6449 16656 19632 13874  4100 25948 25531 15991 22368 22489 23774 13494  1875  3414 18551 13727 11767  1062  1448 23428  6877 18832  6141  4991  3506  1501 10710  9367 17529 15754 21373 26455 20658 13046 18156  7367  1051 27035    76 26727 26658  3386  5244 22363  8049 24463 21644 24178 15489 23569 22262 18269  2857  4193 12048  2566 17409 20315 13795  3897 22744  8350  6184  9010 17480 17866 16035 16688 22667  1508 17375 19607 12531 10840  3800 12245 20717 12477  2815  1406 13037  9355 15739  9907 23829   636 27180  8976 24240  5156 24654 23811 20996  5231   278  2615 22135 14198 26790 17117  8774   931 24641 26660  1334 22658 11244
 23743  6337  6732   469  2721 26821 15529 20687 18449  2077 25314 21220 25070 11890 14295   315 18283 14950  3528  5457 12481  7293  2088 10882 23660  8037 11905 12731  4949  2035 24686 20301 13205  8983  4569   412 18854 20027 18496 16869 20114  9727 18227 17198  4104 14369 13088 10660 19256 14934 12041 22911  8314 24419 20977 10771 21853 13369 20981  3340  3727 21794 21417 16890  4190 16360 13641 16022 25288 15338 23654  6073 21237 26770 11193  3255 20931  3965 13147 12953 24998 25289 20520 15060  7014  2037 13616 12105 23884 10743 23968 10832  5546 15032  3135 19255 11488 10408  7632 13469 20080 24911  6257  8043 24252 22986  3851 12730 13383 14125 12023 22842 20734 19633 12829 22301  5043  8335  5491 24114 22428 12076  4379 13094  8469  6244 16118  7963  6147 20855 16232 26502   339  5037  8113 21536 16590 14379 10814  3015 14528  7620 21749  1806 25271  4831  1218 11036 19973 22418  9309  8225 11619   495  6299 23402 21464 21578 21712  5007 13906 25977  1319  5419 14792
 10770 20762 17940  1570 22439  7796 14415  3715 24995   985 15556 26373 17724 25296  1877 26295  5782 10212 19989 11820  2396  5918 11267  8846 13133  3419 14425  4394  1776  3539  9822  1605 23279 20255  2503 21778 12287 23664 11109  9928 22827 24291 24349 18299  3115   751  9571 18252  8357 17439 24683 21177 15259 19371  7971 22330 23867  4487  8091 26735 21551 15075 26631   388 17440  8241 17025 10731 13082 11051 24611  9756 10640 18078 23419 23034  4698 18828  4626 26340 20453 20522  5136 11124  7941  7549 22749 13396  3923 16521  7602  5668 15388  8791   520  2227 11990 16912 20017 23692 21361 18826  5222  9806  5062 15398  8046 16633  8118  7611 18280 10963  3763 23497 12459 20698   976 23054  6607  7435  8559  3970  2891 25421 25145 22603 16789 17099 25094 20212 14163 11804 10039 16066 23186 23752 23307 25599 17218 21235 25970 15309 12013  3601  1236  6674  1828  8744 20600 25547  7899 11912 18856 23835  2175 16702 16987  1748 24075 11285  2725  4392  5162  7236 11425
  9052  8179  8703 23662 17733 20880   328 14101 19976 16434  5384 13979 12608 21957 11185 19100 18737 22166  2072  8185  3771 23329  7988 23347 22682 13142  4468 22983  5071 24342 14583  7593 18159 16795 16607  4460 19387  4631 22929 10763 21589 22154 13030 21150 14777 12428 18937  5265  6488 20087 22162 15085 10834  7761 21512 18920  5172 14330 20182   921  2920 17686 25207 15033 10776 23895  5331  9113  2137  1872 10023 19705   475 21752 20942 12218 17685   380 22401 21841  8129  3574 18893  9716 15515 12765 25127  5935 18561  4587 16770 14915 18331 10080 13799  3104  4194  7571  2080 18405 22726 20170 26657   584  3303  3065  3216 13914 19413  7369 22024 12220 23153 18064  2632 17631 14820  8771 12554 18075 26341  5704 25025  4707   612 10309  6523 22753 15414 13377 27189  4985  9798 23957 19082 15456 20346 26765  4799   923  1226 18193 26001  6899  3713    81 25061  4260 26881 17484 14201  6697 16729  5213 20817 19833  1837 16957  8090 15954 21313 25876  8061 10879 21785
 23094 18079 13789  5814  7731  7171 26117 21415  4986 23832 24338 21795  2055  3546 24754 16554 23517 21371 15493  6584 20327   920 19754 18318  7539  1036 15804  4416 14042 21837  9155  2293  8158 24413  6474 17287 20797 25910  5438 22121 23575 11114  5599 19348  6751  7863 24990 20103  3679  7036 15211   891  1067 17772 24371 19640 13625 25040  7698 25552     8  3920 12834 25989 18206 15845 13837  9941 13249 21061 14164 21617 17047 14512 10877  9934  8980 12382 19001 24131 16477 13212  9150  2340  7313 12011  5042 23288 19342 12332  4175 13085 17007 26882 20671   855 23559  5944  7150  9159 18615 26924 14097 26633 11672 18645 26528 22222 20546 13551  9713  1267  8034 27216 15193 11731   122 26788  9994  3201 25413  6142 23477  6037  9647  4266 13393 12518 14687 17520  1409  2713 18908  2796  6948  5314  8112 21122 23145 11921  9019 17729 13364  2325 25162   374 19154 10792  7987 12005  5302  1511 22860 10274 14987  5436  4398 21943 15315  3841 14641 12166 22757  8237 20858
 17313  7097 12423  2535 16653  6741 23632  1673 10371 26862 15766 26228  7756  1805 10395  2828  1299 24336   632 22741 10597  6918 26782 17839 19966  9501 15593 24749 14360 19740 16981 10475 26912  1764  7940  3407 18407 23717 18364 11478  7493 17577 16123 12413 22063 16153 23443 10997 25808  3887 17084  1993  2382 19179  8147 16971 12144  5297 16917  2823 10839 19566 14579 26685 25607 26336  7630  7887 12160 23972  9813 14368 21148  2875  1943  6712 15000  7559  7244  7212 22775 25290 16771 25224  5587 16552 15429 26799 11785  9439  7363 20903 12560  6609  1401  4022  1141 15716 22085 23516  1233   223 25810 14433  3865 23401 10835  5105 17335 14166  8545 16705   174  8793 13663  3495 24827 24103  4289 23844 20891 19200 20045 10501 26768 17650  9286 19829  4682 23010  2893  7145 19343 23799 17953  1140  3188  1678 21392 24356 26726  4262 26250 19424 23241 24293  1731 19733  8724  7817 19108 13540  5269  5096  9292 25498  8289 14765 24071  5645   785  1829 13990  8459 25143
  8132  9549  5409  3338  4963 21933 16480 19798 13292  5065 11698  2606 11357 18859 10999 19352 22141 22624  1774 19448 20047 25081   484 17312 16545 14287  6915 24532 24238 14289 20241   251 15715 16078 16723 25468 15610 24824  9140 24934 21829 13180 18909 22342 20173 23583 14083 15514  5712 24449  6954  4549 14671  7303  7546  1507  2044 26049 19317  3383 19759  3182 18503 22931 11660 15169  5281 24000  4131  7143 17344 15502  3313 12229  5816 13806  4325 10762 25139  9863  8220 10283  1918 12587 17546 10524 12946 18475  2510 18421  9299 17153   569  7928 12015 18869  3825  9684 15431  1167 14431  7479 17141 13739 27027  7623  2997 21269  7964  3442 18522 25722 14106 14063 11846 23842 23636 23370 24195 19626  5064  3175 18483 17354 25638 21612  2426  1597 20718  5846  7893 18042  7646 14228 10270  5163 15574 19056 22541   460  5731 14098  7668 24514 17232 24912  2914 24849 23101 10146  1445  1044 21774  4669 26744  7860 22151 11000 19577  1891 25852 10345 24813  6804 26329
  9144   343  7897  5068 11085  2563 22604 22479 14571 23024 19746 11388  5733  4731  6218  5498 16034 15853 24613 24186 25663 14969 21271  4940 18930  3860  3040  2582  7901  8348 25848 17399 22696 21893  8879 22126 11695  8679 26644 12492  8961 21099 21732 24776 12111 21524 14946  8626  3494  3784  7372 23725 15654 25201  5279 22119 19429  9550 19926  9981  5125  9556 17905 16951 15019 11997  2843  6151 23387 23590 19494 12881 12670  1430  9460 10938  8543 26447  8215   230  4592 11200 25369  1959 25778 21165  8366 21429 24719  4151   165 11967 15270  3296 22865 15702 21054 11089 18534 26362 17027 14521  1785 15317 10151 18455  1317 11302   119 19124 21377  6316  1359  2494 16855  3276  7719 15535 17291 18598 26139  7052 19575 24966 13915 21097  4008  1603 22968 15731 22326 26922  4600 25900 27179  3706 24008   516 25568 23677 20003 23501  6822 20694 19855 17734  1107 26255 16724 17760  6134 10481   529  7245 11292  2726  4670  3433  1120 12917  1658  9432 23999 18357 20517
 10155  9142 18393 13518  3001 19729  7540 10259 22885 20163  6220 17460  9597 24380 23205 10933 13478 14883  5783 18739  9048  9869 11674 19954  7308 16944 18135  6048  9827  9758   594   372 10816 13244  1171 13993  3205 12386  4959  7906  5305 24946  4824 19150  8194  5039 17152 13542 27161 25243  1857 24285 19779 15786 19469 13659 11371 17071 14220 16341 13279  7020 14599  7806 23025 18145 17948  5770 17169 16968  8305 17156 24261  5178 21949 21185  5365 25148  6727 23233  5019 24388 17706 16056 21620  1379 26222 17803 17461 18453 26186 14258  4230 20152 13070 13246 16187 24902  5069  6252 15450 20709  1665 27052  6835  4812 16844 26680   487 18792 26825 16940  7160 27000   509  4336  1243 23085 14748  6666  4368  8454  8799 12962 19644 13779  7404 19934 24499 17983 15830 25202 14897 22086 15516 17847  4087 10402 14319 19441 21498 10885 25579   214 18931  5360 17914  1822 21284   937  6140  4540 25651 20146 23475  7558  9316 21105 16219   737  7713  1343 26861  2730  1933
  3878 17193 17956 18521 20854 12145  7807 22945 19273  9490 12748  7726 26398 22592  2802 26643 14151  6743   608  3864  5943 21516 11823   602 12620  8681  7472  6121 22882 18620 20325 25160  6143 10687  6339  2964 17011  2416 24964 10010 27044 13644  8635  5286 15083 25510 20475 26433 18576 26430 20167  8621  9109 20868 23560 13236  6027 13412   398 15054 11196  2377  7500   773 14196 21804   132 26409 12264 15676 25539 11402  6176 20487 12764 25385 13883 16506  3464 18452 20282 14617  8286 10539 22445 16146 21458 22563 10656 15955  9589    54 17075   100 18184   461 13107 18253 14104 24812  8928 11135 14237  3609  8163  4263 18855  6367 19724  3052 26612 20777 25191 18547  6010 11920  1041  3530  8616 12777 13416 11029 25376 20499 20516 16073   841  9836   843  5107 11031 11960 18577 16336  7094  5045 20116 21710 25632  6699  2046  4663  3390 17999  7690 26046 12984 25708 15286  5760 20700 20982 26916 13026 19032 16050  5168 21143  8030  6427 14408 25021 10811 25811 10683
 15866 23005 23442  2195 17958 16418  3232 19810 16640  4351 11554 22745  3033 11020 26385 24009 24661  3245  9514 17300  9860  8396  9083 19427 22893 17975 20496  9237  9007 14742   173  7199  3952 25824 13800  6775 23531 15551   480 26197  5411 16696 19261 18906 22306  9576  2129 10466 21822 26880 26723 15923 13352  7535 12920  5180 23219  8116  2406 13313  6863  7519 20799 20400 26941 25633 25926 11978 10998  3662  5529 11694  3269 24878  9093 12132   859  6955 24633  1081 22662  7823 18243  5534 10216 24685 12141 16190  4333 16216 23208  5383  7428 18763  7634  3697 15596 15926 15187  9401  2504  1188  8320 25300 13783 22458 17741 12913 19157 15212 23095 19008  9864 13665  2336  6813  7900 14913 11856 13250 21792 13268  5282  4515 12185  1268 20260 24817 26389 24914 23691 23415  5575  6438  6493 17307 21123 16757  7581  9182 15976 19148 23021 15534 17213 19107 12181 10050 17644 16558 27093  5980   849 12426 10892 17535 23670  4340  1414  8176  9392 13741  3866 20645  1937
 16045 14548  6912 15346  8298  9386  7217  8390   534 16171 19353 14625  9369  7462  8646 15878 25198  6260 10067   194 14822 12534 16561 14470  6992 22236 24325 18105 10312 26198 23702 26347 23231  9280  9058 17194 24672  4880 18103 12957 15303  1278 22947  1985  6876 14398 16481  5597 19875  7882   396    74  3008  5250 22961 23809 12165  3859 20063   650 23246 22226 21781 24100  8552 20837  9553 11356 25312 11367 22383 18892 24030 13316  7965 26216 10668 26122  7645  4523  8019 20187 24866 25172  7831  6283  2818 22948  3941  2365  3034  3563  2390 27110  8956 17960  1139 10508 11097 20337 22373 14453 18327 23100 19717 16430  3174 25523 18130  3947  5563  8475 16025 13809 22060  3537 21973 15419 21404  3124 24538 15148 18363  4200  1225 23612  6061   566 17206 15547 12795  2034 24304  9256 10418 18929  4443 18024 11353 24082 10783 11511 21292 13221 23628 20486  1873 15720  9447 10902 14054    79 22867 21279  6045 14009 26587 11930 16882 15379  7787 20803  5448  7960 26157
 23456 16803 14223  8689  5223  2492 25167 14234  6740 17360  5867  8738  4435 16553  6360 27047 12808 14304 19181  8351 10559 17386 26495  8466 11012 16081  3931 17215  2746 12704 15245   616 19619  8373  2284 14400 14432 21924  6004  7054 27210  5806 23789 11098 15302 12738 10774 10101 17544  8988  4013   709 15745 26226 26613 21035 12045 13889 25990  8930 23526 17903 27089 24421  1410 20288  8989 26706 20016 12039  5449  1118  4182  3653 25680 20979  2688 15436 13086 11286 14030 22400  4841 13945  5198 12442 26818 18943 16740 25886  1093 26245 19516 17165  9599 12987  5209  6092 15762 16493  4925  7262 24122  6110  6869 20649 10918  8844 16507  5459  5153  3541   202  6033 26745  5802  8261 13716 11569 24121 21241  3930 16976   267 10601 15684 14039  5159  3558 26501 23352  3234 22316  1392 19337 25889 10647 23981 20892 24310  7064 25349  3385  4756 26891 15377 26005 25623  5233 20711 22639 14120 17002 25347 11734 16373  6549  6089 19156  6326 22611 12733   648 18320  5520
  1255 19601  3678  8254 25027  8428 10427  9337  1025  4536  3877  7111 23248 14620 16978 16735 17418 22018 25295 22560   400 13376  3258 15299 24138 21869  6800 15197 25667 26545 14692 16539  3849 17518  8273   325  7138 23013   149  3913 21960 25170 15165 14068  5031 19329  1132 20302  3202 11050  4845 22904  4677  6801   820 15694 17192  8804 11166  1238 14148 24620    51 15603 25938  4229     3  3802 11441 25642 15498  5845 13006  5803 19483 18505  5417 17523 18742 21981 18535 13322  2501    92 18366 12666 16860 14320 23451 17021  3082   316 14505 11985 18293 13338 19506 24530 23441 19323  1503 19565 18373 22520 25420 10666 19502 13137  4767 10708  1045  2800 24884 15847  9141 19102 14407  7985 21403 13449  8063 23608 26337 12037 23776   659 14027 18881 20404 16613 17277 18646  5280 13065 16769 13053 20043 22300 10842 13921 12327  7511  5075 27098 19909 17286 22584 18402  3914  7311 14793 14227  2654 12863 14485 10875 22643  9333 19456 26482  5243 20798 15476 13923 16983
 19708 17368 23479  7415 13206  9380  2956  1515 12635 25077  1909 20437 16566 13937 17976 22174 12931  5238  3548  6327 20526 17599 12500  9125 21592 19171  4329  6522 18605   604  2576  9341 12636 19508 16953  8042  5942 19488 10115 12126   649  3395 16707 20685 22433 20015  7879 21608 10494 11657 17242  1924  4629  1527 19842 25885  9488  8420 13555 17608  4578  5991 13493  8007  2995  5460 25448 16514 14313 23066 21858 26673 16248 19055 11715 23882 14514 24838  9832 23154 13761 23466 23195 22725 19030 24803 26588  6966  1197  6254 14308 14736 15355  1542  9379 14534 14340 17633 19532 17247 11462  7232  1765 26230  1148 19519    86  5445 26618 23256 13467  3975 26564 12385 11105 13564 21386  3676 23696 24972 15550 23744 23894  7892 12313  2053 25226 17591 17186 25190  4928  8209 10008 15983 24953  8437  2579  9626  9808  4257 25738 11429  6003 23381  9104 20332  3989  7481  2642  3372   353 20577  8316 22523  1752 21585 11096  9585  9410  2607 22275 25995  9977 20449 24247
 12119 17935 22019 27072 16090 10719 16160  3511  7041 20119  8301  5725 24674  8970  8908 20044 22365 23900  7040  1694 26520 10561  2580  3650 12058 20714 17049 21763   971   906 15275 11293  1099 21244  8079 16897  3178 26956  8664 15566  8853 10214 16218 16587 11167 19932  8569  3485  6831 24815 22340   246 15488  5035 11922 23492 16108   619  4530 15486   125 21243 20741 19417 15666 11965 18191  3427  5158 22738 12652   243 12568  5967 22202  4921 17549 22664 25147 15877 14695  8888  9427 25756  7607 23062 26248 12431 20123 19668 10645 17987 22966 13104  2567  8467 13461 11578 25542 25257  5649  6658 19267 11355  3166  8048  4067  8957 24970   517 20399 20292 12349 10850 26920  6341 25011  3903 12760 26855 10826 19230 20353 24428  2890  6216 25688 21564  2263 25435  1948  5854  8088 12063 23344  2476  9939  8605 10818 10240 13685 25234 25279  7268 26970 12292  9497  3112  5174  4585 26917  7615 24720 20761   760 13150 16873 24630 21945 18957  9984 12897    70 18798 15064
 25613 15886  1280  2249 17452 12193  1202 10788 17259  6771   928 17919 26663  5074  5900  4107 19213 24359 22572 14663 19444 11982 12926 16784  9133 13920  1659 21225 12975 12068 22412 18675  6030 18662 15655  1380 22925  3400 10291  6338 18387 20200  4472 20312 12365 16229 20048 14336 10125 24629  2438 26375 18267 11409  4872 22175 26085 14441  9528  6368 24544 17787 10471  4039 24156 18471 14644  5565  1999  5633   109  2455 15599 16753 26159 16664 20541 20456   840 17933  6878 14192 15925 24474  2943 19356 20172 13950 12085 19209  4861 15161 19896  6491 24096 18785 26092  6742 16194 23163 26223  6451 22732  1667 10554  6963 22687 14242  9788 20882  2892 22198 15590 14185 24438 10082 19772  6213 23950 15913 23656 23113 18077 14940  5556  4759 23769 26028 18955 26140  7006 26126  3268  3285  4681 26323 15736 25304  8948  3099 10257  2182  9565   812 11061 10068  4112 13148  9429  1350  7959  4320 19485 19947  3699 14958  9185 17545  1604  6930 10723 12280 22910  4311 23595
 12009  1337 18532 21092 11774  4145  3398 12344  5781 22804  4847  5190 14411  9889  3448 25187  2877 11362 23573 24223 24632 15701 22638 18126  1091  3192  8676  3032  2257 13552 19850 17276 23201  4725 25713 21146  9293 23574 14884  4059  7089 13257 22338  9275  9428  1035  8670 21877   205 26327 19920  5566  5144 12902 25428  5316 14350 15043 14642  7083 18282  6531 24175 10285  8282  4686 16303 26299 20433 18572  5206 24395 18510  8299 25248 11895 10072 25935 27019 26784 23128   336  7619  3297  6258  5140  9559 21240 15822 26169 16395 24688 17543  5672 19978 24076 27220 20812  3795   486   721  8400 22393 14724 13623 11340 16410 15882 25003  9156 18657  8886  4908  9469  4958 15330 19224   806 24880 12149 15320   536 26696  1850  2125 10358 26256  7672 10143  7505  1506 12437  2165 17149 24581 23661  2228 22949 23639 21646 21826 22194 17587 23064  5072 15922  7335 11318  4430  1724 21758 22184 14467 19094 15023 20919 22036 10149 11026   271  7767  4317 24804 26859  1478
 16852 17559 15306 13959 27133  7129  4709  1569 25104 26692  2931 12028 17128 26993 11187 13509 14229 16429 16510  2903   220 21789  8232  4968 10157 12734 27223 14529   104 14856  2680  2648 18998 26273 25864  8776  5892  1990 24802  2497 12376 14798 12761  5848 17751  2254 13769  8202 24269 18426  9520 20934 14684 18069   781  1297 19076 13443 20215  2779 24805 17612  7298  4954 21133  6373 14863 21686 26275  7819  3377 15863 22033  5308 14504 20640 16193 24913 11543 20537 17037 22273 26595 13306 22480 21884 14222  5670 18664 10785 25533 18141 21870 19492 24029 16706 16526 18292 17950  4794 21733  6133   953 23605  6232 19943 23372 23638 13908 15717  8795 19638 19563 13834  1934 19422 26203  7465  8653  4116 23074  2966 10962  2152 16779 15235 17767 16255  3480 20365 11570 13215  3346   541  2675 25171  4762 16643  1610 25381  6447  1803  6407 20786 18730 12935 15040 11788 11953  5937  5289 17214  6825 18368  1001 20161 24098 16304 11199 15068 15887 11030  5586  2082  5080
 11133 20617 22200 16147 12607 24038 21197 14813 18537 12780   217 12720  6593  3639   591 14457  7927  4843  6383 21209  3168 21033 25144 16657  4346  9312  1690  8949 17275 14843 24603 13238 25549  3608  8737 23436 17384  9347 17723 25065  3946 18980 25095   991 11873 13629 11950  1545 21991 14184 15392 22341  6202 24757 16759 20391 17922   726 21047 22909  8002 10310 17076 10671   367  8104  7514 25266 11907 18297 16778 18903 25966 20193 11536  9586 20572  5894 12563 10663 19497 13774 22415 16567  6331 22670  5584 12745 19939  1264 17675 11863  1894 12498 20766 10381 14702  4174  2058 22249 15773 12650 11708 20529 26064  8587 25828 19605     4 13096 24487  1054 18628 24120   764  3362  8692 20569 12970  4758  4922  9493 14461 23061 17319 23386 21741 14373  2484 17752 19308  6461 22629 19536  8481  4739 17554 17740 23918  5716   772 26281 26609  4234  8213 23865 21647  1922   769 15985 14033 17347  7157 22800 24756  2787 20505  1572  9372 14046 16632  4423  3091 15125  8281
 13473 14075 11021 11270  4373  3702 25475  3911  8667 16563 10465    88 24723 13759  5221  4983   994 16612 18710  7227  8852 15947  1370  2386 11481 16237 12356 24646 22225 24698  5882 22870  2441 18623  4525 13738 20872 18706  3974 19841  4997 15730 27095 15712 10352 26693 26163 26565 19907 21149 27173  8770 20029  8540 15930  9424 22649  7720 25263 16975 26971   925 24143  5701 24825 21107 13262 14938  3707 24587  9368 26607 25032 10120  1427  7533 20083 24962  4531  1495  2838 17909 19050  1133 27069 12565 18224  1741 20059 21018 22447 16585  9818 11046 23361 19792 19854  5389 24373 22874  3752 13319 14089  4771 18199 12025  7088 19049  6848 25955  9996 26486 22646  1713 25702  2525  5751  7929  2950 13371 19659 12624 23048  2922 25634 11044  2813  2084 25188 14402 13980  8868 22427 13261 13601 18084 11078  1565  6605  7102 18063   870 25854  6148  8168  7164 16274  3246 20642  9697 17779 10450  4350  6414 21684 26257 11728  5467 20765  2775 25366   857  6226  5698 11763
 15816  4801 14838 10492  9563 19166 20226  4267 22623 20879 23909  9737 24399 14854 23762 22941  8645  1834  5926  6567  4907 15155 22271 18343  8709 20599 17718 10174 19280 14087 18062  7867  9463 16722  1488 22000  8580 20585 17244 18041 18112 20362  9591  1841 12985 10722 18758  8987 27004 18040  8792 15644  7714 15688 20323  8247  5535 25152  9651 17502 14681 21594  8857  2652 13721 10469 24601  6976  4126 19129  8006  9992  8244   307 25674 18560 22622 19585 25896  7019 22532 12789  3300 11655  1867 25125  2853  4821  2238 17732  2418 26338 15961 23265 14871   822 12969 22027    11  2167  6389 14378 19257   654 15267 22132  9875 26772 17991  2660 14770 16515  9349 22416 13181 19085 14781 14464  3026 18712 23964  7876  1823 21823  1080  8361 11216  1580  5413 20253  2393 26734 20574   410  6805 14909 16766 15898  7122 26215   895 12123 21251 14979 24770  4871 26188  5538  7916  8530 10548 22991  5382 27144  7885 23029 12854 17224 11248 16028  3906 22577 13441 26843 19433
  4570 19434 15474 16513 22913 26900 22218  6738 14972 16972 18719 24060  2079  9603 25800 13764 22990  2341 20126  1843 14556 15009  3759 25217 24182 25519 22504 20980 18485 18059 11595  4577 20177  7772  9676 15460 15003 20484  8894  2869 15251 20940  8997 21023 26260 15711 27167  1168   987 18564 13573  4513 26276 15182  6085 24458 10636 13933 17688 20594 21905 10135  6953 25803  3090 16063 11896   797 10661  2424 13798  7011 24774  5442 23859 14302  7021  9519  9615 22679 17467  2927  6515  2731  1818 25587 16300 20284  2528 24443 10573 15399 17230 15437  1128  5466 16133 22678  9596 14025 24850 20555 25155 25195  7288  2506  2000 10319  5527 20680 12397 11045 22482   778  2978  1889 24822  8538 12402 16358  6391  4249 18389 20436 12513 19167  7257 17056 19650  4885 23819 21176  1368 14984 20387  3644 23924 17357 17533 10100 10650   680 21201 19264 14686  1770 24364 11995 25595 10923 14975 10334  5821  7184 16846 19138   782 24367  8802  4166 10619  1112  6076 13892  1030
 21359  1912 17226 23365 24516 10606  7568  2856  9020 11260 12602 16797  5083 22724 20888  4185 19109 25582 17130 24843 17015 15817 15798  1069 20945 15920 23028 16046 15252 17672  6789  3117 20965 16597  6952   836   562 23315  6317 24369 15634 17167 12506 11647 24039  1259 12338 18563  7060  4653   586 19694  6417 24262 12718  4691  3666 10021 21354 21954  4164 13686 11201 24600  9079 16167 18399  3066  8794 10957 18569 11523 12494 21711 11757 13955  9618 22454  2573 17138  8014 16782  5678 23052 18386 20409  7744 25073 22313 10129  6509  9681  4355 26044   692 23772  1367 14128 17028 10177 11853 27002  7018  6673  7561 24702 12677 16952 15605   239  6365 16551 11826 24464 24006 18430 19010 26254 10627  7320 19029 24834 15041 13259 23044 23609 19880  9281 21147 19613 10491 26844 11755 17585 14526 21662  2698 23584 17719  6595 18308  4781 18932 23891 10452  7811  1681  4091  3554  1544  6201 20219 12127  2245  4957 12440  1467 17330  2739 15242 12084 22475  4947  4228 24589
 13646  3854 14722 10286 22509 13859  5530 22176  1098  9640  9456 15648 14635 16815 22564  9170 16150 20507 14482  4538  6464    69  9834 21963 17045  3436 11601 15358 24149 22444 11808  5309  3249 13880 17560  4818 21145 11709 12410 10931 26253 23204 10020  5765 17955  4970 12716   674 11489 22125  1061 22392 25532 19067  4272 11648 16598 21554 20267  3567 20111  2757 10884 26358 24135  5405  6993 19959  5995 12884  3532 10922  9021 22859 24639 18459 12982  1586  6780 26050 12125 25068 21353 13304  7627 23327  2729  3336  6611 25194 11545 20374 11991  2795  5183 16586 15274  8409 23887 25907  2514 26095  8803 25503 16862  9995 17282  6219 15521 13355 26059 16240     7  8661  8784 10490  9384 10607 13189 21253 26348 19845 25672 11288 14122 15832 22927 11870  5936  9679  3963 25408 17474  1058 12354 21121 14436 16523  3238 12198 23056 20571 25733   571 12286 26624 20162  3745   426 19283  9561 15039 12222  5370 21599  9480  4191  3287 23165  5126 13991 23806 16627 21591  7986
 26787 26707 11771 15578 18165 14249 25571 13823 14551  6458  1270 24381  7265 26061  1696 17341 17864  3675  9755 20180  1923 17815 12642  7732  5793  5632 23465 17272 23672 21010  3853 26137 25671 21437 23955 20355 17096 22514  2720   877 26459 14294  1413 20186  1976  9418   548 26096  4971 15452  9587   683 27070  7740  4883  5205  3857  9530 10709  2092 21442 21094  3316 20607 16574 20953 19482  1006 24939  3856 10870 13285  3757 14339 26219 26955 11148 20791 11613 11145 11131 22576 23216  8474  9425 18538 22888   642 20376 21169 14418  4879 22823  2025 22863  4627 13562  1302 26261 26236  9543 15761 24666 19016 25223 21067  7669 14992  6633 26125 12688  4388 10264  6435 11475 23710  8872 18092  1840 10520 24792 16206  5194   508  9304 18987 14062 12699  4058  7463 16298 18524 20670 18180  6038  9953 13699  4594  2900 25716  3317 16629  3381 16739 21719  5253  2274  3806  7932 15002 20737  2372 14143 15794 12753 24007  3158 25764 15537 21806  7768 12268  1017 15751 20684
 26152  9438 10926 10069  4497  8326  6114 24704  8981 23840   423 13931 15581 19634  5791 16188 17068 12529  8426 26442  2500 16334  5381 18642  2447 24228 20317 26320  7553  6446 17442 21265 18127 26931 26748  7076  6013 20893  4364  4596  7357 16339 15979 22907 17985 22466 23902   245 25591  4362  4098 14239 22310 12464  8190  9030  8236   178 19688 21538 14465 20133 11179  4903 21528 15904 11157 20153 19849  1019  5259 17228   983  6352  4207 21614 11467  8708  2844 10301 11082  3805  2412  6687 25701 21091 19545 11803 15121  5871 27147  7316 27152  5866 18124 12031 17385  5296 19137 16253  2166  3229 24042  3028 20602  6931 18285 23801  4791  5434  5799 16390 21259  1475 10616 14973 26854   955  9930 19881 26343  8492 18748 11521 13861 10297 21652 13907  8338 17249 23351 17699 13475  7139 20532 26907 22878  9297 24360 22062 16555  8523 15872 10397 16403 22059 16426 18632 11296 23980 14636    19  8438 12800  9221  8181 26869 10488 11908 10499 12717 15254 22008  4300  2250
 15265 18697  2264 15074 22264 25093 10941    48  1839   635 27065   235 19886  5420 17924  4030  5754 12700 14002 16345 20352 23553 10399  6616 16955 25699 19503  7069 10007  5911 21574 25522 10077  3557 14764 17266 18239  9037 19054  9704  7216 21709  2998 18027 19459   360 25215 24010 10262 22029 12042 15869 25577 17147 19540 13649 18136  2546 10805 25836  1015 24174 26536 19836  4668   590 21867 17380 16899 20208 18498  7981  2733  6266 12405 24898 11254  4025 12831  3513 11221 14442 25878 15192  8643 11014 16234  6587  4752 24104 24394  4046 21347 18006 20384 15184 18701 16524 12604  6777 12001 10889 12883 10652  5797 24534 13592    55  7144  9892  4097 16990 23873  6044 14193 25038 10431 15448  7729 23643  6175 16731 26063 13784 19036  5727 10261  5972 19520 24106  1553 19007 21037  9042 13043 24619 26118   564 14202 19636  7836  6039 12451 20110 24080 13607  3782 22116 14161 12667 19399  6582  4143  1490  7624  1546 17566  8242  7183 13410 16814 12852 26111 11383  7448
  2022 14493 10883  2866 22715 16017 16642 24266 10267  7649 23739 15282 15999 23594 11348 17088   524 11258 12263 19507   123 20535 17715 19809  4607 25563 13550 24732 15693  7393  9810  1514  5613 25085  6351 18185  8936  7605 24276 14034 27181 22350 18667 12462 14522 24107   522   673  5346 18021 22717 15662  2524 10899 23782 17032   294  4123 19648 11515 15307 13348 22636  3402 18397 12671 20544  2233  3356  7544 20283 17496 24493 22130 13841 14836 26887 12167  9537  3214 24831  5996  8994  4078  9943 20829  9035  7694  6914 21669 11927  6031  6293 13618  7385 10407 13039  8820  9988  1549 21527 13118 10982 22626 22648  6814 13893  4643  6473 20289  8406 18116 20538 17834  9313  3424 23273  7707 17511  4484  2355 12824 15544 20634 14590 26951  1234 27205 25622 23198 15149   444  3225 24494 24917  6160 19198 10138 12098 21987 14404 20961  9336   133 13199  9454 17196 25043 14417 20104  8578 25978  2669 13069 20659  3998  6021 12435 26677 23378   332 12695 14495  9407 24961
  5896 13753 22575 16200  2096 14498 27132 23885 26415  1262  7108  1443 16836  1780 26224 18546  4216 24540 15186 21988  6396  6951  2690  6949 23817  6181  4849  7151  9023 21714  8157 13278 14682 16498 19477 13876    63  7152 24221 21520  5057  9897 14044 20839 21835 19297 12252 24627  1134 16960 25410  4613 17870  1369 12971 24192  6884 12590  6173  2515 23529  4516 22723 12550 20682 24384  4961 20708 20886 20715 10873 18480  5975 15819  3765 20710 16013 19312  5355  3564 13430 16197 21658 24944   322 18959 13266  8148 15297  3773  4729  1502  9331 20598  9548  1848  8389 26629  1672 22928 16487  3492 15621 23824 10679 18463  8146  2975  5948 17806 16287 15218  4419 12151 15785 14728  1329  3987 18741 19391 23470 12445 21766 26490  6979  3489 21126 21345 22712 13995 19787  7134 27105  9662 11935 14733  2357  9026 19867  2191 11364 19340 26445  6486 13339 24068  2953 24021 20857 21610 12876  8555  3936 12687 23990 11667  8884 15243 18935 21086  2018 14937  5707 23068 23541
  8660   730 13397  2439 11818 25332 20771 13243  2548 24662  9353 13675 14584  4456  2968 12533  3252 11042 22097 11002 10921 19143 23118  6715 22634  7824 11926  2433 22964 19293 22644 18711  8666  4381  5150  7427 12669 24950 13927 20605 13703  9517 16145 19789 26249  6739  9044  8608  5850 13309 26387  2549  6204  2700 19629 23757 15172 13687  3207 22347 24177  3515   950 26909 13840 20819  2339 10379 13760 19812 14611 23121 20408  3954 25624 16386 22706 23680  8639 23148 11936 11693 13415 15117 18542  3948 25303  7219 10598  8865  2756   573 25002 14503  8783 19193  1710 23719 19925 15500 23795  8866 13958 26987  6851 26480  4290   637 13426 11629  4136 21296  7273 24717  7564   620 21330 11483 24365 20249 23374 26715 12641  2252 23712 13013 19003 22228  3180 20723 13824  3092   968 22421 10628 15851  6773  1692 25908 19662 21845 21860  1617 19152 23160 16994 24557 24612 17597 10866 15219  4955  6093 13878  1675  3990   359  2766  4055  2852  8992 19748 24724 19407 11228
 18584 11077 20513 17844  6766  6870 13171 25670  7264 21888 13771 22920 27062   945  3844 22861 13735  9635 18723  1896  4201 11163 11015  5481 13624 16378 23518  7012  4424  2047  6510 10344 11490  7030 22283  9289 23565 22460 24660  3576 24994 20626  4972 24181  8781 14489 20630  5562  6238 20460 24385  5873 10343   438  4092  6395 10012 10610 20099   708   997  7080  4205 16417 23532  4864 25378  6149  1670 11943 16000 26384  2248  7075  3322  7220 14888 26737 25197  1458 19774  9859 22701  7114 15319 13124 11697 26150 24575 20413 17103 17476 18473  5268  4860  8910 18025 16454 23130 25561  9416 20300  9655 24324  3803 12939  1335  2317 17609  6964  4467 19879  6862 10956 10167 24524  8270 26850 26632 17653 21156 12511  8881  8687 15695 16040  2328 24997  2471 14367 11713 22570 11252 11238 25319 15337 16031 12387 23259 16383 13541 15935 13729 22694 10417 12576 12663 17412 17507 11976  2595   863 19611 17681 26982 13934 23225 11295 11948 12393  4473 16878   977 25578 23971