  7992  2070  1211 18068 13695 21315 14677  8288 19942 13508 25314 25302 28647 18063 11194  1863 14405  5662 19012 28878 18571   244 13893 21267  6343 22456 12219 26613  9905 20230 19098 12026  9197 14761 24330  1227 27497  2644 26376  5715 12924 12632  9845  9162  7555 20174 26689 20387  7319 28058 25292 17369 27178 23815 14505 24364  8540 17736 19376 13744 17303 10464  1893  8574 13948 10589 23216  8917  7121 28625 21108 16525 12880 23356 14313 19506 16036 24390   232 16197 14825 10009  3892 17029 28125 19850  8290 19496 13362 16323  8264 17052  9824 22069  1660  1892 14821  4209  2946 20471  6970 24876 25737 17935  1324 11784 10160  3438 14389 18623  8485 24396  4160   115  6349   595 17228  7273 18080 25212  5037   303   990 13962 13326 10281 20943 20909 24727 16303 26702 25622 21676   272  7009  5518  6528 20409 12778 27292 11886  5153  8927  3974  8243 26367 20829 18545  5502  7978 27375  6988 15528 14274  4772  9260 28108 11935 20408 13652 17703  2840 18172 18846 10702  6323 25392 27320 13849 28034
 23050 21150  5850  2217 15625  3389  3314 18686 10654 25766 20159 25311 26355 18795 24271  8911   812 27038 17226  6180 10334  6398 22425 11782  9037 24682  8120 10919 15881 11945   223 12401  3527 14646  3047 20611    17 16064  9297 27456 13264  7083 26515 20397 23509 23635  1803  9179  8761 22063  1311 18939 15340  3782  8955 18037 25995 19046 20116 22366  8567 22497 17715 19330 11417  8405  3012  7196 28159 25209 28743 24535 23146  8938 18626  6894  5535 26221  1115  5029 12222 19137  6458 13828 19893  4894  8163  4148 17210  3180 24098   865 24542 13330 20649 21990    61  1971 10013 24300 24125 10520 18003 17305 20123 21762 22270  6951 23711  7837 12357 22284 20011  6504 10024 28641 17448 26678 23376  6983 25717 11256 23822 26601  1417 22730 22554   200  8465 16776 13458 15771 22355 28168 17529  4083 24305 25460 12712  3653 18115 14552 21374 16446 19251 12067 11639   151  3717 14905  7990  8408  9290  4525 13368 21409 14933  6261  7498  8554 27548 19523 22268  2265  4776 15153 10811 23626  7045 10264
 18216 20297 13788 28585 22136   373 10768 23487 19953  2635 12543  5324 16560  7976  5234 27858  5723 13488  2384 20802 21096  5596 13453  5659   288 20806 12723 11418 27251  8301 13245 14348 22622   383   287  4944 13319  4524 20779 22376   372  7183 22373  5920  2416  3415 15444   565 22686 28366 14432  2003 14210 15251 24431 14131  6767 19695 25494  6356 21321 21822 26740 24933 13460 28516 18765  7889 24379 26389  3602  7735 20185  6347 22522 15318  9059 28180 11740  6277 22168  2313 25283 15569 19674 28676 21106 26111  1073  4542 27226  5805  1610 13312  7943  8791 13038 28032 15772 22338 17968 14843  1039  3239 14286 25036  8430 12670  8403 21309 18156  1664 15826 25127 27954 26986 19845 16523 12156  2226 23116 24979 12592  3739  5335  5072 21239 25735  3582 11331  2088 12799 26267  5079  8745 12499  1645 21408  6714 24083 14930  9871 20962 12428 19829 17334  8806 27679 12117 23619 25176  4122 18055 14926 26584  6158  8209 25940 16516 20805  1052 10353  2252 11339 14485 26003 26944 28247   465 21027
 10494 16669  7192 23072  8444  9210 20768 13267 20393  2817 24850  2539  2184  3773  9084 22785 13815 16763 26261 10287 19761 13100 18352 28062  5129 26116 28066 13310 14381  3608 16325 23391 10355 17658  8535 12558 13088  7892 14276  9631 10481 18378 11820 23934 24980 27682   740  7466 23696 24626  9151 26697 10431  1342 15040 25822 24153 28804 19534  2354  1183 28881  9097 11358 24334  7044 16609 11684  9681 10850  6584 21510  6919 12497 16021  7113 13037  3206  8199 16956  3949 13553 20119 26167  7244  3211 16114 14697 10429  3825   738  4877  5745 15831  2645 21258 21841 17951 16271  4805 24732 25041 17846 25154  2622 28781  8121  8340  7061  8158  9768 13739 19184 28312 22283 15483 19060 17251 12953  6542 11314  5443  2834 21628 24768 22092 23094  9314  1254  6104 23232 22739 28879  7010 27586 23775 20380  6502  7753 19649 27943  5876  2333 26547 19260 21940 16453 24065 21853 23561  2498  7472  8730 14988  2158  8380 19438 24898  7435 23498 19059 17462  3910  3005 23762 15467 14315 10372 10823 13878
 18362 22992  6292 10191  1606 15792 17400  1984 13783  3970  9211 17645 21571 13215  2506  5177  3858  8920 23441  9706 27189  4137 15436 14536 20998 22985 18999 19821 15504 23878 25867 23062  3692 21934 15688  7475 22789 19353  2640 15275 10255 26549  3250 23967  2924 11441 23781 25055 23280  5778 21468 21087  3681 18746  3292  1024 13115 20709  8872 18363 22476 12336 18769  3785 25019 17128 12555 11879 20328  3658  8138  8818 12440 23194  8216 19216 14219 11884 28329   506  6790 14281  4864 10022 25388 12674 13942 11234  7437 12740 17278  4166  5350 13446 26908  5881 24117 14577 11136 26470  3707 18397 16131 26021 11981  8144 14090 22980 27215 24318 17469 19660 19691  4472 20598  4047 20964 15438  2311  1981 22555  9265 11922 19969 22315 10467 11547 25350 10651 15344 21692 16309  2450  3470 26920  3346  4112  9093 27237 23272 23074 19202 17313 12634  4225 10954 13658  7235  4155 26363 24200 26393 14947 28788  5105 17454 19815  4690 13640 12653  8249  9846  8395 23167 18936 13580 17227 16675 26544  3456
 15559 26035 27183 25627  9345 10097  1562  9072    49 14596 10266  3507  1635   141  6327 18346  2726 17206 25458 25836  3160 19966 13770 28002 12128  6884  1392 28275 18851 26284 28667  1560 17162 10311 21334 18500  1261 22122 12455 26865 16741 19844 25345  8943  5572 28207 23726  6742 17518 18220 24107 24069 27601 23890 10087   574 19324 27621  7107 22293 15603 25280 13246    79 15046  1335 13740 28820  6461 23132 26905 23066 11430 22804  8575 26275 19182 11082 16250  3513 12032  5844   922 13449  1087 14559 26385 24317 10732  5754  1064  9061 16090  8604 11333 16540 26175  1466  3524 28368 15841 20220 23981 14848 26242 25944 10956  5946  9414 10900 26205 19768 20440 10630 11975 12684 26060   563 18738 28323  7282  6178 19443  2873  1022 15849 10456 22651  4703 27737 12333  4025  4670  5798 14548 21047 11705    32 10382 27734 10609 18328  4023  2157 19717 16092  8958 12939 24219  2060 22264 25428  2341 21069  7503  7953 23870 19832 24573 10672 21407  9830  5093 10458 25466 15402 26661  3088  1616  6628
 14287  6593  6501 15800 14265 21618 12457  3553  3488  2554  7451  6174 28597  6950  5212 27826  3463 10154 16917  5361 21394 11110 17523 12485 24784  1044 13950  6892 14667 17136 12797   553 22957 13079  6898  8687 15398 27004 17713   709  9782 18120 10728  4653 24230 13158  6699 25941 22953 14394 25740 22663 17144 16834   392 26831 20500  3167  2939 14002  7880 11939 21887 28565 26969 10925 19428 10247 26484 20306 10301 21245 22473 18712  1223  3826 26349 20544  4945  6167  5374 27169  9450 26623 14564 18752 21829  9189  4321 14490 20527 14600  7310 21235  3043 19724 20940 10285  1901  4327  9208  4645 13680 20810 27990   508  8456 23970  4974 26081  7425  2173  4901 10336  9372 16373  6086  1639 12319 27735  8688  2571  5513 27769  5032 24922 21772  8044 25961 28401 16943 24440 20081  9982 11637 13913 20837 17276 13274 24648 12166 21984  3689 28194  1054 24662 17638 15325 27099  8412 19665 17374 26409 22735 25362 24580   331 12480 12664 24374 20811  5966 21338 17120  8051  5321 11334 23821 21819 21483
  6621 16777 13985 11420  8006 26226 26344 27017 27952 20275 22469 18051 27566 25223  7405 20773 12709 22075  8821  6018  4007 21104 11538  2233 20807 21057  8145   653  9270 22022  8673  6142 10346 23283  2431 26925  3409 22301 19224  7015 17293 10165 12474 14118 20891 14981  1245 12741 23444   652 13242 20442 18159   944 24737   912 10473  4457 13543 25751 12225  5883 20245 22331 19308 25105 19136 17513 20849  1145 15855 15915 20066  7331 21626 21893  5553  2606 28708 21396  3038 20612   343 24960 17865 14885 28162 16859  5487 19921 27773 21949 22788 15493 16349  3089 14082 23849 12893 27018 20550 22833  1814  2175 17183 15949 14137 17818 26294 22650  2672 14963  3502   930  3232 22878  4476 12914 18332  9715  9856  6324 11585  3823 28626 15332 15498 24838  3978  7873  3034  6700 11706 19576  4533   763 16014 16304  3761 15030  2913  8111 23688 20719 17710  4318 27269 27518   868  4762 26541 22470 20379   695 20901  1783  7153  8665 26317 19444   397  4482  7740 19345 26599 22944  8756 21382 27647 15812
 14071  5392 21035 27369 14726 17048 21271 19452  9328 16484  2322 17628  7944  3294  9764  9447 10302 27627  6250 25199 13792 17707  7042 10503  9252 22983 15285 25328 13767 12990 18451 28061  1201 18827 28082  1380 23751 24419 28680   991 11722 19350 15248 20566  3419 10593  9754 10094 13302  5087  7197  9874 12579 22543 16875 27151 19742 15538  4710 23663 26322 23793 11600 27107 20845 17170 16617  8075  8966 26756  6195 15496  1319  3325 23100 17957  4932 11942 25471 20589 26122 13366 27965  4717 11443 24524  6853  5571 11980 19427 19148  7581  7164 18462  7695 26371 21120 22621 10669 27698  3130 26842 17671  8390 19243  8680  5144 24623  5258  3579  2671  1758 27746 24449 21236  4350  8042 19282 28140 16702 17892 23659  7237 12205  4463 17924 21328 12273   262  4836  3700  1929  2271 16998 25706  6041 23515  4030 26878 16161 20341  9071 11288 24084 13764   518  2073  7786 26561 20587 21668  4893 11565 15611  7998  5034  9882 23093 26775 11967 13402 10582 19642 20433 12772  4784   328  6052 21904 20357
  8367 14342 26963 15116 11116 21659 28622 22549 13120  5413   453 21316 15314 11940  7538 13396  4118 13102 10875  6026 17569 20197 26528 17942   943 21064   600 12835  5462 17822 26491 24970 23861 25265 14067 27026 15872 10714 12046 26397 16519  4418  7366 22976 12662  6882  4281  6905  4068  5731 11589 10878 15674 22595 17980 27672  1862  6963 16311  8080 25517 15128 24067 12583  2418 16350 17131 18556  8679 18162  3432   213  5286 10808 13684  6293  2663  2928 17940 17975 18395 23888 19104 26647   664  5247   647 26187 14932 21412 23428 12163 15311 13509  4600  8123 17770   374 24437  3144 24884 14614 26876   163 15047 16905  9311 19545 19933 28145 14767  6608  3435  1276 10616 12513  8409  8930 27851 16048  7515  5755  6991 22444 17100  1302  8753 12727  5340 11453  3863 10749 19248 18200 23666 17465 27876 21269 16120 28891 20137  5952  2987 27383 17913 26498 27195 22204 26197 13628 23082  9058   311  4468 13827 20042 15068 22393 11790 27540 18238 21804 23516  1259 11812 25344 26327 13568  9863 24355
 15701 28236 11848 15944  8627 18763 11640 23423  8306  8896 19752 14831 27393 20888 13269 27299 12092  8077 25291 11052 13155 20208 27319   848 20009  7647 18639  8327  7964 13760 17359  7875  9755 12903  3014 16205  6850  7106  5439 17885 21252  9261 17348 22664 13946 28209  8165  4566 15272 16380  9105 13662 28627 14113 21740  2039 14297 27274  9482 12562  1969  6016 24037   587  3784 13859    91  8907 13454 20916 19776  2163  4139  2193  2784  9005  8578  9953 14358 22742 18295 11626   552 19158 15052 13651 27134  9587 13673  3776 25422  6204 28451 19239  2299 14327  3503 26596  6266 18128   893 27334  7311 11195 26990 10826 18469 19421 18995 26493  5419 26053  7626 17241    96  3258  5394 13542 16644 19676 15862 25030 28684   881 19488  9281 18248  4950 25623 10207 13166 26777 17483  4964  8098  9094 28014  6173 28189 27216 24717 23586   774 28823 28354  8241  3745  4002 25207  6689 27209 18233  6373 25451 26396 14044 27016  7553 18764  8015  5383 24692   520 20037 13010 19983  2626 20360 22194 28475
  5290  4456 25081 14689  1316 21752  4940 18829  7588 26526 24454 13482  6575 21636 10337 19779 27035  3095 19041 12794  2511  8279 17842 15731 22211 20634 14852 26069 26672 18388 20852  9608 25125 23153 10907 26290 17621 20017  6651 19164 23686  5884  9067  1956  8426 18859   100 10227 23016  1785 16394 22639 18808  4999 14038 25337 20729 21308 18494 27608 20860 26266 12476 19664 11360  9682  4813 17743 13750 26595 21849 22461  6705  6383  2026 24891 27135 14670  4592  1075   974 20321 15939 15425  5768 26338  5097  1003  9558  1670 25541 16395  1111 25247  9234  6290  4029 11144 22107 18558 15640 21466  7868   861 12536 20831 17747 15911  2201 11128  2634 13196 12230  1768 21070 17998 27421  9550  2890  6858 19627 16565 24517  8219  6120 19640 13418  8527  7480 18322  6570 16659  6979 16356 21194 28579 25682 23595 24029 14248 27005 12884 10588   393 20295  5426  1697 11936 27536 14665 27098 11583 14259  9457 28524  7556  5838  6000 24463 24361 19047  7372 11414  5877  7457 15252 12899 13583 11573 21040
 19247  2177  5429 23610 26617 10612 16986 22202  1600  1041 26059 19467 22657 10161  9910  5937 26435  1786 26731 21180   599 12286 17963 22542 22128 25196  3009  3010 23373  4928 18838 25342  1518 16874  2866 20417 16898 18130  7932  6972 16809 26171 13697 21014  5697 19028 10910 28027  9992 25170  6524  7019 11752 26426 12623 17223  7795  9209 11984 22939 23089 18456 27466  2651   632 18705  8434 16154 13465 15138 25742  5224 15123 25983 24860 17814 17488 25957 22417 27567  7355 16836  1821 15413  4719 20989 22131 14244  4452 20818  2187  1197 28306 28481 22896 12470  5149 11888  2786   651 13857  8085 21279 19487 13528  3147 26713  2602  4453 24025 20813   706 28447 21359  2287  4284 10083 21443  6918 10362 19408 20580 25795 24455 24729  1072 27992 21093  2009 28598 15084 23236  7852  2035  9469  8238 16490 11516 17397  8187  8985 24134 13816  1740 20252 21226  2802 13532 16547  9628 11117 25484  7280 21805  4638 15780 25785 20521  3257 16838  7328  8775 25330  4559 25187   294  5559  1122 13133 23190
 11553  3551 12017 10485 28638 14292 10961 18609 24679 12923 20170  9510 15874 27128 19235 21992 18094 12050 16106 21098 13425 16126  9720  4982 15655 22774 25470 23097 24836  9064 13412  4328 14663 22782 25559  7320 20530 27809  7103 23871 20224 27201 11332 27836 25634 18258 26943 26707  3013  6485 14444 18278 19803  4108 15185   537 14335  7033 17398 26333 21211  3195 17733 18250 17308  8815 15267 22044 16789 24410 17915 16138 23268  4532 21387  5879 28664 15297 13361 15397 17514  2339  7364  1156  8648 17096  1069 24045  3165  5162 18479 12704 14461 12069 19306 18039  4544 27640  3930  7651 15997  2018 11340  3113  3106  5241 23958  7193 20342 26070 19152 20362 16178  5648  1822  6926 19149 12200   468 25373 27439 10806 23622  7238  6424  6895 26026  1224 19029 12502 14473  5940 13711 18409   887 13071 17101 14929 19143 17527 28414 13649  3397  9660  8873 12413  2458 10615 24733 11002 13203 26636 19265  2880  8792  2807 12730  5453 16413 26133  1046 23941 21067 12300 21050  7518  1834 17611  8676 14145
  6112 28736 15391  1184 21332 20267  9419  4806  3852 17526  4613  8229 25780  5325 28734 21552  2227  2513 22924 28614 17125 13213 23433  4402 27900 18802 13109 13507 10107 24714  9785 16963  7733 21907 28521  9153 16510 21220  8636  9327  7850 10136 28518 22294 24350 16471 18445 22226 22866  1798  8667 16211 19662   148 12764 15284 18376  8731 14370 14246  9908  1233 19639 21576 22519 22620  3016 19310 13440 12011  6746  3227 20551 13483 22179  6335 26903 11027 15720  9241  6444  7194 21372 20466  6870 17619  2706 19430 11264 22129  3093  5371 10869  8160  8356 19528 22633 28610 19826 22051 28119 24106  8364 23213 23647 12594  5115 15550  3166 15707 28377  6679  9356 22661 23777   425    26  5263   818 27208  6825 10208 10591 23874 22797 27646  5466 10068  6664 27321  6020 11355  5818 28822 21970  1947  4801 20336   234 21936 25435 20581 21962 24993 26997 24741  5277 21736 10662 18242 15365  4871  6653 10949  4134  2623  6106  1341 21498 11622 13328 10790 20010  2276 22723 12169 26329  2096 18812 20103
 25016 21913  7496  5717  1018 15003 26931 25748 13920 26877 12181 11013 21899 14722  4891 15763  8397 16503  2306  3529  8725 25352 20098 27604 28110  1279  8856 16451  4849 14093 14443 24149 12305 23651 18910 18856 11267  7402  6102 10384  1825 10468 26447 25683 13380  4992 20574 13888 13335 20668 26215  9964 13806 24637  6707  2512  6234  6486  3839  4437 16282  2411  2224 11644 21895 24171 13479 22112 18889 18289 14256  8918 21241 10574 20639  2092  4794 14422  2959  9278 23521  5243 15941 20609 23209 11552 11011  2900 19147 24671 15488 24975 16791 19952 25122  2432 13023  4348 15464 10898 16631 10190 10624  7611 26778 26055 17654 21759  3788  7188 12359 18385  2249  4827 14851  7253 10234 15411  4163 20520 22780 17018 21682 12178 11227 28636 19419 15356 18804   987   566  9807 20561 19099  3192 28765 10592  3915  7026 26253 19188 19979 14367  7338  2002  9116 15497  7856 19818 11426 22699 28033 26459 27678  3335 25764 18903 16725 15736   349 24503 22581 26154   324 16371 27885 23147  6935 18699 14633
  9144 11918 20637  9533 10350  4578 13350  5110  3146 16613  9959 27240 10805 14036 18834    15 24170 26143 27155 26738 14211  9336 18078  5986 27007 15613  9813 15032  8289 19386 16079 19621  9993  2838 18998  5774 12362  5616 16063  4954 10641 14177 14034 16163 26676  7574 20086 21937 12618  2156   567  5282  6466  4611 18720 15179 25468 20624 26145   698  8153  1219 24424 10065 14150 10893 13304 20782  9410 13679 19229  9035 20873 19061 26815 20794 10070 14590 17002 16426 18616 17798 25267  1198 22442 27351 14277 28018 28256 18786 17195 11931 25106  3199  1307 15630  4215  3585  2263 27815 25644  1899  9337 19899 27794  1858  9392  6488 15043 21651 14915 24105 12097 23953 22318 11352 19521  5200  7668  5451  3786 15935 10420 22134 25520 25781  6176 22628 16216 20755 19058 28003  1681  6231  8473 21737    86 11992 26407  6922 21553 19463 21558 23139 18625  3899 14747 12852 19276 14872 13690 11733  4854  5417 23020  1966 14299 27179 12174 23534 18696  4072 15295 12858  4713  8569   179 23843 25108 21302
  9511 17644 20990 14828 19445  5307 23730 20785 11959 21731 27282 27092  1841  1675 14323 23032  6974  2074 13648 24079  9467  8975   994  9440  3716   755 21143 20184  5810  1689  4285 21570  3040 13462  5329 16475 13399 15818 21924   850  1959  5121 17516 14896 21353 11171 16116 16436 17612 21550 19085  7413 15450 28198  1813 20866 20304 15209 16239 27970 13886 16978  2682 26320 11373 28832 19697 26155  4913   512 20057 16314 17030 11263 21357 21939  9478  8431 28070 13797  2126  2996 27883  9946 25790 25364  1634  8002 21941 20775 14544 19900  3886  2950 10858 16177  8807 20730 12906 21870 20138 10186  7473  3085 21054 27206 10028  7692   864  9204  1528 22349 13558 21368 13383  3118 25955  8236 20222 24466 23743 10318 16520 27806 10810 18179 20711 14626 28465  6703 19057 28818 10480 19828  6955 24112 21260  4614  4252 20499  6340 13082 26334  8179 24349 20688 27332  1729  9171 19855 10082   337 20681  9547  4584 27130 23427 16410  9176 28201  6818  4303  5208  2813 26722 18432   411 20882 12391 22381
 18952   289 15886  7081 19658 24912 21817 28139 15426 22173  4338 26846 12947 23067 22987 10773 19682  2921  9006   123 11010  2844  3821 18199  1353 28172 16695 14798 23410  2998  5023  3303 15400 12390 24383 23481 22413  8172 21472  8448  7825 27252 23363 24616  1774 15750 11873 13150  7382 27578 18950 11277  8886  9809  5379 15992  3209 13546 21707  9303 15078 27765 25725  7818 24815 12615 21964  7952 11462  1210 24604 10880 28051   239 17229 10023 23526 16179  4609 12504 28534  5499 28441  8065  2572 16673 11614  5976 17847  6103 18817 28677   355 24262  6060 10038    30 14801 17424  6797 13536 27797 10455 12220 28604 28700 20407  8379 12241 22750 22545  2538 27948  6942  4126 12894   273  1037  5341  5132 23367 13216 12210  6397 23469 20216 13176  3163 12954  8300 17651 12237 18528 17447 14671 18774  6648 28085 21994  9156 11859  8974 20555 18548 21515 28469 28255  7167  7493 11133  9841  9971 18426 27590 14845 11543 10543 23379 14233  5163 20780  8211 26189  8297 25149 13434 20949 18527  9664  4097
  2084  4616 17156 15738  6496 19437 24242  6067 13820 23086 19279 26163  6228 14205  9129 10002 19986  7771 27685 11546 25195  6941 26462 24438  3778  6360  3216  5767  2835 26410 23763 12038 10756 21059 28271 17647  3478 21217 27513 18814 12243  6505 24605 18114 18291  4200 11033  3542 14610  2440 18586 11588  7050 19718 22748  2567  2778 11634  8846 18350 18361 23982 18167 18650 25464 15333  7729 14532  3476 10096 23353  7380 24194  6489 12464  9272  8852 26049 24971 11025  9406 10734 27140 28425 14913  4511 23300  2763   661  6404 14523 28046 22786 18837 19842 11424  1726  5939  8257 19520 16086  1303 16334 21375 11281 25712 11894  8096  6419  7766 10265 20451 21915 13822  5415 27276 17857 19881 23456 14682 19412  6517  8230   809 17363 16822  4761  3772   130 14687 16174 21131 28338  5168 12747 28819 23801 18116 27763 18419 10736 25319  9133 12610 16570 10912 10465 16946 10325 16680 21664  6999  7052 25175 23929 26156   589   637 23511 22397  1828  2278 28506  3393 26109 14208 18964  5217 21771 13103
 17099 19245 23455 11885  9652   663 20749 27488   862  9668 17843 15097  7623  8315 12044 28084  6137  5011 22884  8466 23788 22864  9228 25346 20937 12973 26485  6965 13702 10981 14618  4708 17933 22588  2821 19079  8416 12326  8180  7157 10403  5957 19291  2038  5921 11915  8116 24047    10 18171 26352 17371 18450  4110  8394 16076 17939   356 16921 22067 10017 14975  7306 21254  4742  7582 19040 26295 20343 13408 22025 16396 10691  3359 21897 20835 21352  5633  7486  3466 13636 11262  7250  8461 24681 17748 24654 11532 23979  6512 15434  9728 14907  1033 26625 20874 28397 16851  2516  1029 12060 24561 21115 14752  8897 25123 20853 20952 21169 27444  1347 11041 21437 12260 28004 28484  8550  1903  2102 18448  1777 21476 15188  9719 15211 22433 20022 25763 25872  8949 18014  7178 25762  5549 21719 11982  7397  7819  2777 21527  7259   949  2176  6880 15208 17474 16038 22576 19609 22190 15785 25648 27552  3169  6831 13359  1649 12152 28463 10243 28510 24764 23058 14006 18252 22592 23013  4798    12 13253
 26214 25077 19433   650 14390 22493 25423  3008 24356 28133  3888   953 19987 20826  5665  1613 18709 12821 21885 25771 15946  2028 21105 20979  1356 13069 18728 20286  9299 26222 23563  7098 27502 16374 26709  1874 13236 14524 27199 24624 23377 13903 22829 17222 14579  6708  5631  8618 18868 19218  7934 15010 23623 18664 28400 11618 23401   713  7749  5159 12276 24456  2756 17738 22346 25376  6929 11030 23465 22740  6214  3241 16639 20859 11238 16209 17352  2049  6110 21133 27955 26534 27438 23980  1979    19 25592  9810    84 28493  7552 28750 24237   445 27132 16934  1215  7681  6363 27046  7140 22026 28148   199  8593  5784 22566 13089   323  7434  1442  5766  3229 20803  8808  4725 17652 17382  5894  7754 16501 24024  3870   492  7151 24436   741  5296 18789 17010  2400 11490 14162 16751 24458 26400 23223 11729  3743 13092 14099 19530 18744 13243 27203 11036 27204 13725   792  5811 14754  5164  1980  9962  8445 14504 17148 27213  1705 20315  1357 26735 17602 13181  8131 22329 25153 10159  1217 27994
 21908 26594  4121 27376  4730  1908  2077  4502 17643 26556 20371 25553 10079 20540  4550 19671 22795 22960 25567 23756  9675 13342 15730 19973 16353   480  5030 10125 14406 23765 17618  6586  1238 26444 10011  7190  2625 15337 18015 20651 28165   263     4 16567  2972 17737 10740 15960  5576 17838   817 20053  1263 16146 14458  9970 12746 23748 20713 25072 22874 13551  4720 12604   350 14521 13555 27634  4734  7431 20726  3442 20696 26129 16011 26036 17141  8012 11308 28794 16456 13784  7832 16359 13748 20970  9168 21920 15197 20008  8228 10598  7595 26606 10430  9463  3652 27136 15163  8794  8052  9039 10340  8643 16708 26998  9112 23387 21680 12976  6780  3883 25522 18521 16015 28835  9602 28786 18860  4953 26248 11723  7353 27785  4787  5684    35 28352 14039 27983 21364  5470 24515  4116  2390  9515 13074 22687 21802  7887  6847 27630 15858 13611 23892 17889  1372 15557 20607 16869 17445 24199 17034 21343 27474  4315 10260 18933 11483  5113 20547 16094  9142  5476  8959  7885  2019 11328 24702  5166
 11074 26007  5250 27110 14487 13153   878  9613  8517 15500 19836  6891 27819 15833  6739  9848 10296  5127 27748 13922 14993 18491 22049  6307 24878  9673 11210 10623  3062 14308 14787  3587 23349 21706  4607 27055 21113  7532  9868 10726  4987 20798 12231  1693 22481 18143   592 11431 24983 15298 10876  5489  6114  9152 24225  5515 21622 11890 25271  1140 22007 21598  9551 25604  4312  7901  7008 19203  7125 14958 26427 28047   680 14507 28369  8641   102  7684 14293 23808 10100 25318 21695 18758  4484   596 26845 14220 23593 11315  9304 12617 12361 24532  2347 22000 15595  6536 22893 25092    24  4067 16558 20506 10419 24808 15443  3518 28593 11046 13712 20907 19364  5836  3781  5791  4576 25152 26904 19554 24987 27029  5292 14498 16240   122 23954 27142 26857 13722 20281  6662  1144  8170 25874 27139  8878 19112  9604  7948 12059  4902 26566 15015 20322 15117 22772 12925 21647 11707  4633 12657  4219  5210  3760 21477  4306 17053 22258  6492 23370 23667 23343 25645 27288    38 13694 19199 28096   405
 10993 15406  5707 24841  4113  6019 24822 12950 23399 24635 24595  8923  1593 28178  6913  2751 17694 11257 26885 20717 23035 27633  8789  9417  7169 11336 24175  3459 17812 26420 25137 23352 20800 10031 16937 25672 22756 13386  5796 10178  7369 23191  4149 23128 12302  4268 11468 13233 11978 10906 12382  7102 26628  1009 23188 10172 22436  9021 15677  4404 13991   282  6289 28205 13627  1687 26177  9501  3615 17705  1943  9678 28544  2543 28343 27867  1580  7845 24800 24191 21602 25573 12949  1991 27596 10586 23421 12392 14565 12253  7132 23342 21902  5620  8223 14153 22163 12535 14000 19670 24369  1315 17576 19328 24579 12462 17121  2509  8423 17057  9028 27558  8421 18049 18748  3640  7421  9055 25167 13846 25811 19489 26318 13569 26743  6720 18230 13614   152   257 19197  1532  5526 23416  7938   386 23540 17617  6273 11413 12733   656 16392 26414 14540 26263 17115   258 10058 12987 24618  2862  6600     9 25610 27934 17673 26700  7983  1728 27162  1110   243 27667 16862  4565 10621  2518 25580 27938
 25747 18608  6425 21711  8652 28432 28318 28204  2919 23431   573 25260 18396  4504  9075  3287 15476 10927 15663  1866  6694 21906 13226 16780 13678 22440 25467 21811 15642  6494 19651 25833 21415  1169 24365  6690 10794 24434  4821 15865  9174 16876 22822 23660 12798  1975  9741 25426 18848  1265  6624 14980 28406  3972 15407  1696   854 21440 24739  9670  8442  7609  4117  5428 25421  9703 24499 13676 22103  5438  9925  9636 23000 24074 26517 21453 11135 13301  8842 22880   435 23744  1511 21968  5608 21812 10150 16930 16483   440 25222 18413 11840  9797 22682  5985  6245  1454  9549 15482 14882 12542   619 27671  8797 10291  8128 25834 28105  9027 20201 17861 19594  3514 26706  2532  2578 25536 21712 22808 23770 17479  9544 23951 25870 25326 21942 20263 16026 10479  7902 23245  3923  3086 16549 22989  5437  2520 24351  2076  6792  2104 21508 25607 20247   877 16961 17005  6378  4627 15042 18914 12114  9699 23202  9380 19174  5907 11926 13926 25551 13381  1257  1413  7936 23078 14192 11068 23559 28123
  4766 18819 14345 19150 26764 22309 18610 24049 27317  2799  7345  7723  8343 23555 19751  8136 28023  5514 16343 15207 23164 22843 27708 24619 26006 15089 17161  4516 11276 17085 18308  8660 23560 27009 23157 25009 16450 11504 18060 17579 24354 14736  7533 21963 27603  2962  7762 13152 13992 16723  9769  4349 28522 21775  3540  3394  6924 23728 20227 17234 14111  1920  1665  6429 12600  1646 14709 24661 10144 10817 28265  1250 17571 15548 13043  8686  6769  4637 19033 17024 24545  3132 12116 16690 20757  5260  6299 24539  6313  9607 14088 27638 18866 21873  5343 12294 25597 21584 16505 25051 12528  4683  6948 27248  4736 12421 22375   940 26546 23867 25229 19765 28214 14589  4159  3549 10354 13448 15553  1921  2947  3868  2167 22803  6357 21100 11823 28321  3633  9924 14710 22166 25587 25849  5578  5349 11154 22701 19692 11666 10684 13198 20188  7036  2612  6732 10333  4707 12518 10818 26693 10716  7046 11309 22072  1096  1138 20777     6  6210 18597  4718  3372  7807 17015  9801 23279 26311 21198 25632
 26283 23489 27024 15177  8546 16059  7514 11590 15840  8359  2654 19582  2375 23699  9623 10879 24010  2342 19495 10366 18519  7975 14962 28063 12399  6028  7455 15091 10288 15522 10738 14781  6467  8659  3011 24551 17046 27683 27434 15257 17058  8053  7991  6039 21923  3491 27307 13918 19713  2737 11897 24269 12158 16473 21627 14298 27882 21196 20207  8518  2320 24613  1207 25926  1574 18434 21076  6171 16852 23857 21903 22426  8748 18085 12817 11084 27147 23452  9246  6291 21055  8035  6308 21431  9523 20181 25399 16899 28418 10019 15098  8194  2613 16927  6284 16225 14178  8287  8929 11830 14431 12437 22624  5991 26569 15224  5484 24404  6698 14673 12045 22123 15647 14320 12101 13704  1534 11354 26729  5900 18739 27915  8522  8876  3686 23752 18561 19931  6804  3395 10496  1175 17761 18083 28457 11297 16252 11964 20712  7662  9095  5912  3571  8407 11363 18211 12347 23359 22050 22521 13858  6626 22475 26796 28359  5278 16185 15680  6207  9313  9960 27129 19313  8488  3567 17457 17109 16585 14606  4074
 18714 21551  6215  6676 13520 12381 21270  2604 11218 11987 14534 15675 28449 15972 19175  2691  7940 13635 10073  2279  3668 18152 26730  7591 26198 12851   630 17436   204  9834  8212  9442 19002 25035 10252 13447 14790  8346   875 25935  8993 20947 25263 15072  3829 19548  4495 21541 12344 22459 10941 18449  3240 18907  8125  5812  6401 24011  8644  3083 18619  4910 22312 23789 11186  8572 24378 19586 14471  7652  5589  8487  2978 25549 13900 18191  4774  7935 11694 23462 20277  6300 28857 11690 10977 15820 26962 10866 22706  9794 14708 27407 17964  4980  6722 11166  2488  5990 17729 18137 15596 25136 12573 27690 15656  2652 27003 28266 26299  7021  2501 11587  8788 22913 23938 21646 14228 26346 14669  8248  8934 12034  1621 19726 23712 15968  1464 21827 27742 23466 15374 18117 17691 16144 24377   482 27598 17287 11561  3446  9811 19205 27416 11028  5601  2886 13045 22427 11095 22587 22603  9734 24753 16257 22672 20605 13005  3656  9237 17196 24798   375 27356 11515 13963  2152 26512 24719  9231 12951
  6100 26869 23802 20257  8858 27302  4652 23687 26619 24212 22534  4567 23357 21880 12767 24026 18218 14481 22693 14436  3855 19958 10551 21448  4830 24366 19389 16634  1385 15335  4561  4677 25624 26002 20959  2586 22302  8254   803 25049 13884 13029  2005  3545 20183 13391 21423 28393  6545 28859  5018   576 12338   800  1826  8776 21960  4920 20701 21610 15787 23125 15021 24375 14760  4790 20736  5500 12228   395 16580  8099 27171  2667 15405 15985 19388 25215  8744 15660  7139 19395 27454  2340  3091 10998 19357 22352 14674  3871 15890 14529  1748 18723 16949 21756 21867 19773 12275   638  1194 14491   605 13603 14917  5911 14469 24687 22162 27755 10692 22741  3458 12111  4923  9042 17786 12477 28453 12025 10180 16123 18389 21421 10410 21167 24140 14255 20121 14731 12180 20044 27475 13597 12525 12274  5675 23293 20033  3701  2893 17354 19253 20635 11071 25928  3555 11826  2617 27514  7176 17166 26782  4439   275 23905  5799 24041  7933  3616 15817  7185 26150 16994  6987  2154  9052 17315 25845  3955
 12113 16661 26849 25701 11938 19703 17142 24332 20032 27144 14989 21310 28790 10299  2845 19281 23075 15428  2816  1626 19790 28353 13987 25018 13011   210 19374 26090  8633   334  6873  5052  5100  5711   139  2999 25500  4153 24192 20792 19154 10838  7043  1289  4669 11112  3995 21081 25630 15918 20528    16 27760 21573 24169  3992  9186 16302 22717  5303  9778  9624 12179 23600  3343 13778 14971 15512 17517 11558 25374 28511   361 19760 17898 14418 17194 13925 25876  6251 12406 18770  7312  2730 17446 28639 11882  8721  2443 15454  4445 17433 23627 10544 25166 23720   591  8524  5223  4299 25675 16538 20840 17600  7058 18700 14235 13221   825  6632 25662 21848 13367 28011  6514 18536   491 19830   886 23259  6328 11579 13897 22906 17152 15322  1994 15727  3382 25402 25897 15581 27827 25576 14415 25437 13768 16885 23303  8558 17129 15533   548  5047 24492  8270   110  8068 16328  8948 14014 22640  8850 18579 24178  6839 10151   315 17956 18798 17675 19318 15070  9862 24792  6246 12968 20038 17687 15009
  2656 19851 16360 16226  6408  7993   346 17245 11180 26115 12291 27575  7218 16121 28867 10583 19567 12264 25078 18154 28714  5297   127 23176 23287  2328  9710 19342  9215 12407 14809 20127   209 22409 19869   469 20097 18121  9010  1685 10146 13119 26631 25101 12481 10328 25734 19785  6190  8742   813  3205 12483 26040 16958 16387 26082 15556  9972  8004  7440 24558 12605 20857  6074 10220  6904  6823  9321 24323  1006 21003  6272  2465 11934  7738 11788 11856 14886 17145  4428  9111  4870  1428  9520 20168 28008 20921  4733 25237 27207 16414 17566  3310 11568 15435  2563  7427   939 22455  9044 12124 24290  3933 27491 12289 18064 18482 16717   905 11526 19413 13565 17288  1823  3954 23577 23937  7029 16928 25987 22975 21360  6783  8087 21745 23299 10840 22303 22501 26483 23447 26520  1340  5637 28301 15889 20077 28341 20265  7095  7561 16636 27919  7459 24238 25533 17931  3143  6911  1387 20015 27437  7069 22272 20249  6445 19378 18403 26583 11932  1735   965 27505 25445  7590 21726  1799 26096  8780
 12978 14967 23312  2806   416 20620  8999 20096  3605  1221 23528 26563 18691 22612 15362  4265  8011 24962  8650  2680  4171 20887  7053 19043  1159 17239 21164 19808 28423 15462  5457 18144  4274 10962 15672 20157 23106 28582  6205 26306 23239 23435 20848 11150  1373 12867 21378 17788 19398 25377 25882 28233 19870 23028  6164 26224 13125 26523 23309 28304  9926 11427  1972 21416  9638 25914 23921 21840 28000 27309   230  4124 27080 11160  7985 11252   816  5154  6622 13214 24918 27782  3494 10008 17881  3893 17684 23673  4372 12071  8647  3746 14225 11627  4972  3566 23248  2316 17870 12007 11805 20616 25095 19601 13863 12330 14935 14668  6051  4961 27677   610 23875  2071 18031 21193 21383 28333 24620  1651    50  9617 18615   252  5193  1391   190 21299 13647  2905  6813 27464 27428 27361 19234  3477 12229 23195  2470  3609 16499  4564   919  7737 10298 20832 18209  3328 15198  9531 25306 11279 22819 24748 17179  8829 21250  5187 15455 15118 22189  3670 20977  6558 20926  6288 23636  6471 11106 28538
 10054 21354 25323  5475  7495  2811 26889 10466  5017 22279 12708 26466 13525 11206 24498 11994 14608  1482  1231 21234 20505 13785  4469 21159 23750  8866 21653 21989  8382 25499 22708  2901 25299  8732  9114  4738  2349 23443 16495 10816 21399 27304 16403 10196 19505 13421 15846 11239  8634 20838 25190 23685  7884 15243 27158 14194 26712 24087 28072   177  3123 21012 19337   790 14425  4178  6221 18163  5045  4326   261 15033  9792  8436 10329 24900 20855 13871  1910 15465 14650 23027 12624  2030 25121 10984 12661  7316 17137 14586 17995 20553 26079 12498  5140 17461  1178 10696 12105 13644  7547 19970  1909 23546 28442 24468 24131 19867  3797   757 17883  7797 21729  2583 27949 14717 27852 26220  2599 20682  6469 28654  5672  5160 27487  3117 18867 21107 28358  1462 17319 22305 13604 19392 15023 14749 25908  9369 14332 20614  3159  2980 20192  1004 21311 16420 18755 14943 19097  3220 13211  2118 25378  8608 20219 19754 18004  2072 21818 12564 17327  2180 16441 13504 24796  3234   879  3173 20867 21033
 14264  6637  8100 12688  6770  9418 19030 17728  3590 13522 14144 15737 12888 20976   371 28409 19739  4601  3975  4336 15789 23461  5448 22316 16512  6239 16032 12553  5233 27403 28097 27327 20335 13633 22078 18905  8268  3284 22319 23291 12236  7343 21932   308 23418 15269 20029  7401 20421 20377  9693  1253   146  6801  4687 11896 13259 19498 25694  6025 15765 15302 24031   883  1631 14463  8951 20031 15288  5561 19799 21645  2550  7281 14059  4376 17110 22835 20626 26170  3046  6062  5868 10626 23655 27458  5556  6412 18022 23267 13944  1742  7834  4812 10500 22998 20512 12589 19439 18926 27626 24452  7228 22584 18105 16062 26728 22001  4699 12006 27145 21324 13654 24731 28244 19036 19192 15255  9063 27680 14799 15966 21492 25442  2797  5653 14515 25685  9724  5482 13972 16817 22240 11451 12508 22932  1011 16996  4792  3191 20636 14615 13427 13877 18459 24272 20438 14257  4491 16938 10742  6583 16402  5494 11470  6549 13199  2122 11572 22972 20839  3500 15104 13220 18077 28404  7679 24035 16728 21447
  2525 16551 19397 15431 20494   354 24023  3926 13655 16900 18323  8642  7070  5235 24865  4151   685  7854 25600 25489 25830  3003 21455 11899 23276  9025 14983 27846 11781   797 12263 25430 14654  8277  7824 11178 19864 12149 20495 26200 16029 11125 26056  1586 21031 27523 16556 21566 15360  5362 10636 17290 24143 11156 24137 11595 27266  7643 17562 22489  4427 22560  6930  2303 19637 15937 22295 22068  5738 28190 11767  7336 16324 23196 21997 13841 28843 15231    41 22460  6706 26988  7174 20428   665 11021  8014 17401   635 15001  5996 28830 18203 12734 20666 10168 18489  3830 15338  8967  6483  8256  2559  3101 12832  3866 27156 10649 23551  2503 17000 21231 13179 16868  5256 13210 28157 25113 21072 24790  5006 14819  4486  1055 13887 24263 10904  1673 13247 11155 19125  4168 25008 25208 23214  9318 19365  2386 18273 19493 11203 24973 21116  4169   290 15317  6914  2526 21371  8232 16536   820 20244 20767 26978  3256 19941  5319 19189 22577 18953  6518 14956 28577  5695 23723  4868 26149 25702  2936
 24144 14879 21574 19888  3908  2607 14218  1757 13143 12871 18729 15039 17357 14656 25812 22383  1288 14206 15273 28845  3111  4786   338 17923 15380  6218 20487 26612 18481  9358 24806 17689 22823 23315 26588  1627 26439 10263   959 14371  2486   196  9079 16291 11764  4239 22121 23054 15494    39 14950 16941  1101  4417 24603 28757 15912 20992 10955 18976  8453 25809 24126  5347  3340 24147  6410 22600 17630  1722 21208 27402   410 15218 24656 16527 28691 18035  8881  5477 13104 10988 21544 13271  1318 14439 17389   844  5563  1853 16273 17370  6976 13529 10149  2881  8429  3301 28894 11574 14447 25565   387 27081 12153 14849 15535 11642 16438 21592 16526  3752  3305 10979 21914 19919 24313 13182 17778 12940 20179 20361 22224 19687 20432 22770  4081 27770  8698 15006 15458 22187  5117 18745 23717 20879  8702 13933 22637  1912  6535  1239  2904 10109 14780  2721  3170 19230  9927  3841  6817  7779 17351 28038   917 28138 28364 22468 12292 24611 19381 24963 16096 28154 12298 18768  9092 27088   821 27605
  1879  3738 14901  4033  1185 27636  2818 15896 12789 15650 21511  1502 22263  5138 12191  9784 20721 14965 14681  5760  2455 21929 26080 12952  8247 17012 11545 18019 20877 17941 25970 25214  6150 22158  8621 13996 18056 19186 15502   603 24052 14733   300 11983 25629 21473 23040  5058 27512 11584 20677  9464  7972  4205 12930 13272  6888 18574  4625   478 23918  1700   998 15289 22262 10697 28031 27507  4959  5864  3704 18647 19502  5569 26289  4259  6405 23500   446 11619 20300 15857 13949 26450  1824 11509 15063 23818 13030 26840 16745 26786 13129 15239   624 16603 23499 13078  6566 22377 21425  1298 12506 15753  2414 13336 11102 16985 19501 18962 11924  5111 23479 10137 20291 27730   580  9166 27607 10491 19967 16300 13968 16170 22246  7683  9132  8483 12363 12701 15518 19259  6148 20329 28715  1432 15124 26893 14222 15121  7767  9530  3580 18358 18655  4031  2140 22524 21405 19617  1282 14496 17061 14007 27767 17688  1284 22404 20108 20454  8134 14180 26110 10053 28147  7108 27584 23113 27751 28221
  7929  9115 22916 23289 19915 19190 26104 12433 18135   888 20206 20489 26504  1519 24832 14563 24544 20892 14903 16965 22150  3102  3675 10045 26135 24063 17155 19371  6116 18302 22855 18629  9407 17089 23837 11727  5498 11402 24214 11780 17086 28595  3299 19450  5294 17098   772 18480  1541 21327 22857 20554 15107 13031 26779  9454 10784  8406 12001 16891 15568 16889 13766 17548  2732  3593  4071  7945 21307  1776  3815 17908 24061  5077 24496  9123 11168 20385 24294  3218 11449 25841 17573  4916 11950 27186 21821 18423  7182 10026 18458 21376  3493 13117 25144  5677  5809 16831 17187 14285  6484  1491   982 11530 23118 11698 16818 15895  8417  2479 12713  5143  5057 16814 19750 16003 22042 18305 17816 28634 13407 15169  3032 17556  8084 23033 28284 27559  1751 24845  7377 25336  9375  1679   424 13645  6734 23576 18264 12221  1016 23417 21750 28890  5977 16671  6616 15237  8142 11000 24253  3918 17406  5734 28078 12825 11241  6774  8960  4243 12223 26015 15593 25497 21623  8814 15983  7118  9175 22683
  7646 15210  4875 17455 22918 15684 24359  1412  7572 19927 19326 23947 13967 15996 15383  1867 28416 17597 13961 11825 17930 15463 27265 20980  2620 20069 13156 13433 21410 25117 24218  3698  3769 11520  2653   430 26659 13490  6317  1875 18131 28173 12173  3860 20931  2545 12425  1301   490   342 15957 21504 20691 19794  2848 17476 17376  6346  7491   686 23783 13936 17859  6320 18637 26343 17456 23729 17112 22758  3210 24429 13463  6681 22793 23689 19007 17775 16896 11638 26230 13118  9169 16081 10042  4065 26507 14013  2020 16327 20311 21922 23341  1648 23813 26799 13413  9269  7509 14387 23523 21787 26811 15903   554 15087 21565  7659 26038 10978 17185 11949 10848    97 13829  3758 22718 11523 21190 26449  5978 27148  6800  7566 21577 23186 19857  1676  3818 13977 26721 10923 14995 20090  1420 26833 24588  1750 18382  6645 20364  2958 24899  6704 21022 10349 21259  9529  6971 24972 23985  8568 21652   310  4107 28116   134 20021 18471 16518  5657  8912 20302  7787  1246 27096 11009 17310 18993  4530
 17297 20836  9384 18840 25053 13642 18411  4838 18570 10261 20627 18760 20324 20632  4723 23184 20822  4325 26665  2954  4276 14630 21074  5690  9817 28044 11163  1647 18555 25997  9351  3134 15355  8413 24541  3358 25981  8246 16724 19704 24826 14349 16329  5019  5634 22596 25098     1  2982  2473  8512 12501  5918 12125 10270 21858 18740 24472 15254 26441 22713 13410 26927 27951 26091 16775 26581 26793  4090 27253 17682 21763 16110 21938 11853  2067 28028 27077 25619 22389   302  2438  9522  2409 12915  4449  7809 12745  4754  9102 21575 13969 22180 17990 23485 10453 25953 19179  8610 15978  8681 20939  2245 24441  8859  9307 24982  9620 28841 11724 10530  2632 26126 28016  3412 27740  5652  3887   972  6262 10849 21256 19084  1715  4814 22719  1323 27895  2105  2681 28888 26639  9666 27328 26841   247 21952  7727 15834 13743  4300 27665  7925 13612 14750 25515  1767 16747 14122  1930 20556  7180 21344 11494  9154 12397 18680 14551  8675  2133 14096  1419  9621 16423 10557 16813 11475  9443 19155  4739
 13675 20189  5782 24285 12841 10675 13976  9659 16193 14440 15832 10731 19414 17147  8110  2897 13493  7782  4064  5841  3259 20833 21792 14132  7362 20658  3737 16466 11080  1222  8557 28385 22747  7615 27481 13577 18979  6394 19833 22209 11459 15019 20815  7007  9348 26017 21640 11466 27165  6117  1790 22574 23364  3722   138 13615 10306  2395  2293  6197 14782 20074 22820 17763 14664  9629 21019 14278 11731 12548 21429 22931 25400 19800 10006 10682 12372  7844 14243  5663 15105  2646 23839  8152   628 24180 23704 14097 15696 13664  5046 16485   560  3777  2562 26402 24389   192 14035  8976  2765 11742 28277 21905  1228 19063  8826 25572 12800  9350 18241 27582  7325  8470 28229  3649 27841 23361 13077 28141 20062  5842  1656 11274  9709 21333 22080 22304  1950 12049 18771  8671 12744 27528  2624  7449 27057   960 25726 13945 24608 21864 10673  9555 10351 25396  6881 22681  3153 17451 14171  4883 28861 10174 24823 20418 22997 12140 24698 19435 24757 25145 26602  7664  7827 18062 21062 13641 20572 15258
 12534  7663 22133 10986 27399  6184 20088 16606  5619 27441 10231  2943 28900  6240  5832  5139  7865  2638 26984  1762 21457 23764  8398  3262 14275 25691 13432 22520  9259 15870 16598 23347 17584  2089   522 27473 10759 26699 24680  2155 18539  8990 12514 17411  7217 10729 20683  5095 27126 22925 28091  5353  9916 22546 17824 14604  8225 23579 13273  7917 25625  8605  6014 16097 12901  8559 22511  2830 24550 13720 24223 28635 28559 25179 14442 20349 11810  4056 26924  6182 10224 27784    21  6369 24745  6009 15241 24930 12933 28844  4519 22979 21438  8202 20934 27336 11533 25317 23138  7529 15106 18013  6540 18646 23136   555 28536    36 25119 12783 27489 21501 27739  9878 22454 15712  3464  8977 16016 13807   909 19977 10063  5375  5020  1471  5704  9279 18649 19073  5583 17366 26063 26057  2439 18566  7222 24127  7860 26019  5683   517 18565 10578  2053 19242   396 25040 26219  3486 23103  8244  1857  5244 22223   692   898 15418 20282 20734  9903 11124 19194 21797 13297  6279 13394  5892  6374 17154
  9911  6711  1868 17890 26757  7474 17758  4782  7482 17092 27563 22043 26887 11386  5354 16117  3554  6781 19400 19723 27803 10086 10020 17252 20764  7013 24688  6258 16348 13257 11290 27706 13629 15214   427 25452  3568 15743 23290 10297 17383  3024 15385 23243    22 28744 20739 14193 20278 21600  4006 19677    46 21083 15894 11624  6764 28376 15860   544 11837  7146 21540  3706 21871 13620 10511 25066 12613 25618  2898 17425 23547 20552 23596 28681 12303   921 26572  6820 25700  1802  5266   312 22882  9325 21896  7034  1136 26891 16142 10377 24363 12892  1164   925 24577 11702 26138 25501 19159 10322  1657 28732 24854   529  9546  6188 27263 18002  9475 17681 24751  2462 26009  5065 26445 28813    74 21276 27268  5078  4898 11120 17623  7308 27359  1107 23994   500 13951 14715 18081 18287 15950  2296  4104   838  3324  1025 20953 16125 15379  9518 18107  2034 14753 17973 24508 16217 20988   409 14101 26527 26496 11907 20601  5390 17248  6109  7725 22176 28656 26683 14126  1993  2230 23869 21615 17049
 20463 26048 22396 19128 20896 13585  9525   400  6562  1358  8965  7869  8486 19827  3215 13741 10447 21537 13049 13707   767 13145  9018 18582 21165 15423 11647 26173 13227 10119 17059 19847   606  6829 16104 16715 25398 27812 19027  1453 21470  8939 16407 15783 10886  6438 15759 12663 17342 10316 20124 23409 22512 28540  4018 26088  2705 28643  4384 23812 21856 24919 10795 18025  3957  3591  8189 13040 23554 11895  5009 23873  2361 25461 15970 13466  1308 16509  8196 11869 15879  7686 13056  7381 18344 12441  1734   986  5088  8326  2566 28689 11581 12385  3127 25161 21754 23727 20411 13281  7096  5627  3790 20510 18089  8514 23503 13144 15868 26892   224 24384  8706 16513 23650   760 10357  3079 15907  6166 19512 11130 18042 15669 23601 10461 14829 25192 18809 25991 12620 16517  9583 14724  4288 18888 21791  1741 27412   528 13974 18754 10549 23646 11748 17834 11335 21828 12479 27283 13095 22993 18087 24013  9727  9423 25197 15321  7840 28806 11305 21512 14649  8787 25703 22516 14587 10952 14804 14727
 11608 27316  8253 25839 16521  2977 15702 21662 25198 25477 20158  2952  4078 21179 22869 24936 26029  9495  4741  8625 17502 25133 23484 19926  4157 25528 25338  3427 25936  7989 22607 10323 18672 16687 18488  9275 15416 26634  9264 12085 24693  4046  8310 16111   814 20684 20929  4828 25865 20741 18882 13526  3967  5275 14779 19191 15232 23721  2557 20706 13377 13895 26932 26751 11454  6285   511   229 13325 24903  9840 22733 19316 26691  6563 19319 24622 13570 17993  6784  2190 18373 19529 28220 16742  8119 15283 13698 10868 13885 24628  5886 13122  9088  1001 27959 10960 17496  9870 20603  2025  2125  3309 24401 28489  2910 21536  9847 11245  3312 10102  5604 28787 28337 16542  5038  7920 26158 19453  4282 16133  9362 19878  6225 12829 19456  1933  3774 14555 11261 28137 11471 26627 19910 26979 20519 14902  2991 13300  8157 13775  6306  6565   344 20942  4450 27585  3327  5825 12870 24816  2244 16867  8143  2116 24869 21157 21588  4287 28809  4293 12073  4308 11127  6806  8262  5171 28590 26973  1320
  1688  3679   109  8033  5338 25332 13251 11912 16151 18628  2870 14266  1193 15204 10546 15822 21091 11751  7441 20261  6294 24848  8689  5941 11564   735 26670 18972  5272 12307 10604 26273 14365 23122  6334 10687 16689 20526 24352 25760 17177 24721  3279 25574  1996 23614  3812 21013  5859  1711 23150  7567 12012 25272 12257  2044 22950 11224 27349 16202 15681  1479 26650 11682 10240 21643  8441 28770 16825  5416 24527 14701 19552  8576 17255 16858 20128  9022 27043 17574  6113   296 15589 13578 17292 15305 16224 13923 16515 14659 13701 25938 19732  3348 18387 12185 25026 18155    45 13930 22324 14055 24981 19755 15876 22705  2589  3727 22765 23771   908 11534 13349 12358  1131  5540 13369  3273 10439 18790  7986  5107   125 11341 21411 26635  7783 16260 23231 19062 23648 25034 27853 22230  2370  7356  1053 14117  6939 21642 17884 20675  4377  9140 19868 11663  3901  1925 21742  8700 15115 23320 16812  2198 13107 23964 25960 22036 19766 10975 17063 22514 22679 16459 19223  4244 25246 28128 20330 17792
 16914 16993 13713 10345 12652 15471 15705  6842 18595  6456  6111 25659  2468 23330 17567 18857 17722 14666  7389 17805  3187  6854 27887 11762 17856 26910 10755 28592 17910 12979   819 12907 11774 28706 22029  8783 18217 19461 24828 28181   669 17557 20966  5958 24653 21953 17509  3481 13191 13260  2915 13626  6614  5554 13498 26172 18390 12874  8316  7780 22615 12826 20795  9592  3666 23045  5180  7348 25727 20019  4103 25854 12758 19354 26339 25331 12316 18090 10232 15616 15150 12938  7984   419 18223 26993  4319   473  2676 15748 14124 28200 15909 15347 14704 28877 17830  5609  1838 24254 27864  5028 15328 12271 11562  8526 14936 18719 16082  5013 13054 16737 28885 21631 26419 19923  3953 22147 19792  9352 21398  6452 26935 17269 19633 10051  1117  1579 21837  8269 19774  2895  1189 20861  1917 25325 22045  2889 18955 21038 11906 13004 16372 21335 16984  7908 26734  2223  1305  5949 14864 20678 11769 25704 14805 13960  6805  2325  4528  6432 23741 11406  7705 19162 23971  8653  3154 24078 25056  2405
 18301   253 23368  2832   906  4679 23102  8728 26834  3135 22255 13127 17413 10983  6031 12681  1007   495 22791 15345 16444 20946 25511 10142  5490  2565   549  6605 17771 20904  4558 19082  7059 17777 12722 12941 28102 15775  4409 27933  1571 12748 23263 16055 26803   727  7823 14978  6345 17345 14870 13714 22613 14328 27892 17639 18188  5004  1394 22853 25688 16544 14741 17912 19587 16846 22005 16865 27058 18604 12769  9907  1591 25088 25924 26957 24804  9434 25039 14796 12695  7863 20509 26538 16977 14288 26210 16020  5322 14788 10901 18514 11592  2451 11824 20502 11343  8162 23007  6877 18918 16800 12669 16382 28050 23366  3561 15971 25091 23305 16759 28599  6597  5120 21430 16574  8214 10380 10347  9326 17806  1603 21350 27027 21679  6453 12689 12755 28177 11883  2208 14640  1721 20210 24164 14232 19648 24298 13980 17810 14873   942 10225  6875 17399  5227 17259 14951 21274  7874 28025 15388   414 25372 15369 13892 11480  1306  2283 21798 27063 27167   154 11283  4343  5352 15856 10435 13874   794
 25820 20715 26753 12192 10213 18186 21768   950 12685 19005  1382  1808 14683 13907 24861 24407 24386 22810 23823  9887  3246 27500 10965 24941  8235 25297 11575 10945 27842 13982  7485 16321  2631 14262 28437 17589 11655 20416 22218  4174  3624   783 10059 26314  1581 15977  6910 26954 19593  9739  9612  9950 25571  3255 11955  2492 26698  9239 14628  9669 20762  2530 23564 11863 21823 12148 10824  8988   245 22420 24759 14398  4789  4939 17563 19938 11377 19246 24678  7789  1423 28752  4911 27565 26733 21866 11969 20270 12075 26850  1268  5010  4190 10771 12238  8547 14676 18772 18493  6998 18069 16019 20166 18954 18725 10545 19114  4434 18927  1431 16306  8528 14294 18813  9160  6402 14095  6777 27083 27613   426  3766 17739 23897 17716 27818 23335   113 15513 19843 15304 24249 12692 24055 15859 26826 24189 26013  3932  6572  8036 22185  8544 25414  7732  6838  5863 26488 14374  5136  5308 28193 27380 10763 12037  9821 19663 11505  1299 24233  6789  3762  6795  4958 15187 20259  5610  5356 26073  3092
  7018  6144 16113 26168  3650  5467 20725  4165 19831 24020  1400 26119 26437 17054 26165  4497  9705 13134 21766 23025  2929  8902  9086 22143 14690 24602  1766  2508 14952 24701 19728 24111 14597  8765 20055  7155 14605 20911 13832 13726   266  6013 13464  2147 13315 15742 23769 25570 24825 18697 21613 13802 20770 15452 12281 12434 24827 28868  7436 22330 25840  8233  4475 23680  2457 11709 24130  7747    44 24944 20443  8996 11937  8994 23454 24132 16650  8424   569  5938   444 15456 19363  8360 23383 13544 14100  5995  1690 25971 19812  8092  3732 15930  8615 11362 21163  3971  7666 13170 21765  6845 14897  9519 13172  6515 14756 16066 28800 25770 10830 20690 16727 14957 28365  9779  7628  8933 26543 18160  2225 21363  2229 28856 12837 20167 19338 21678 11958 24598 20425  8094 22815 23850  2413  1753  3695  4596 22359 26239 15011 18710 18657 11444 20099 26047 15253 11877 18132   147 12147  8112 18467 10976  4106 21593 19219 13473 25933  5330  8060  4705  2027  8760 13222 24367 24513 13320 18929  7141
 15125 14424 19436 14560 26142 17753  6716   450 19689  8263 26481 14337  8003 21450 21538 19320   870 14934 12693 22464  8388 24481 16692  8771 10226 13308  1890 11342 21926 22726  8582  3319 16406 18496  8013 16295 27898 15486  7296 16719 22300 18662 16709 12710  5701  7100 17531 27405 15424 20223 21300 18847 16158 12368 10717 15367  9409 27341  9014  2477 21369 18864 10173 11005 20309 23936  2321 24928 13428 20548 26994  1539  1291 11966 19659  7903 16748 18794 16454 21959  8823 14822  3467 26521  9521 21084 25978  1439 17510 28694 15222  7632  9714 22837 13622 14454  1556 20576 14839 24368 11696  4899  7565 16989 26662  8520 17679  2288 11902  3872 26946 10748 27068 22024 11085 21972 15250 24461 22085  2210  9150  4884 26360 15216  3189   309 22395  1500 26324  3490 18210 24521 28523 11229  2843 15686  4955 27998 12806 23519  1274 23842 24713  2805  4060 12084 13765  3224 26399 12146 13995   675 25616 25242 19597 19708   285  3922 23860   499  5228   667  1913  7959 19420 26732 16361  8843  9956 20229
  4973  8841  7537 11910  8396 10440 21919 27335 15060  9528  7340 26100   631 15580 12673 10402 11990 16242 10021  1669 20091 22282 19946 27510 14867 17648  3688  5089  8023 12786  8304   684  1982  4492  8149 11058 14568 12206 28228  9324  6035 28607 18001 25819 20854 18668  7358  6122 17268 26632 26105 16183 10074 19372  2079 28899 23081  8056 18293 19729  3801  7724 19863 10779  7447 11737  2831  1270 10688 16245 23532   935 22064 10845 18197 24510 16648  7092 21026 21005 10997 11083 24259 16099 25967 10210  7604 14634 12698 19511 19222 13845 16700 15842  6644 10090 26077 25022  5656  8156  8767 18833 28263 15666  1141 22291 14456 27979  4422  9723 12127 22728 25910  9267 12521 13932 11860 11477  2247  9381  2750 13036 27190 14025 22358   185 27715 24951  2308 13374 15682 20652  9243   620  7833 23053  5460 21494 17320 16884  4373 18796 11278 13688 22365 25652 28362 14307 18822 19526 11372 23241 22326 11048 24004  2857 24676  3741  3296 28828 12039  4626 17656 12524 18499 20240 11791 26770 16576 18880
  5382 21777   169 12250 23865 25139  1565  3315 27546 20426 15503 19781 21261 10531 28015 11202 21862 17922 26174 26768 24516 20585 13564 26535 26929  6519  3827  7568 28517  7462  3433 18685 11273  5542 19879 14221 16150 18567  1501  4793  1036 27545 24966 11026  5606 11100 27414  3213 10971 26524 19944 19838 11204 17599 25456  4408 15293 10441  1724 20631 21921  4927 23790 24445 21138 25304  5397 16054  3720 14437 25918  1137 16412  2108  7076  8537  3759 25037 19271 25593  4751  6619 17300  1013  2596  9750 26058 22310 23015 13439 11303   176 19811  7432 18384  9653 27557  2776  6131 15202 11114  4347  1229 24186 14569 17031   705 19173  2289 14357  6772 18797 13865 17439 16058  8952  3896  2785  6921  9173 28230  4904 28379 26032  2574 20744 17423 26503 21978  6835 25483  8511 19965 19999 14147 17051 24088 10156 12895 16901 27759  1236 17233  8114 20130 10341 16470 18612 26995  9070  3832 27461  6413  4250 10862 17783 12551 17593 11925  2892  3304 19156  4297 22197 14359  7634 24110 23217 22253 20365
 28290 17839 12484 25986 20280  1650  2697 19263 19037  4660 20583 12945 23550 17911 12961 13812 15200 21063 10576  1661 25107 19274 12345 13098 13324 17068 11815  9389 14419 23107  5344  2057  5357 21495 24786 14163 26495 28282 23211 10446  4218  6132 17785  5600 13592 17202 24044  4697  8577 20704 10852  5463 20978 26899  8468  5461  8207 27588  6157 13682  3750 18436 18315  3627  6654  7627 13840 26005  3233  8510 20941 27396 20919 18342  8132 20573 11712  1062  3710  7554 18181 21699 11669 28472 26941 15103  8519 25791  3266 25518  4094  8865 22919 16397  6940 12965 11272  1590 17823 25826  4557 16678 25048  2368 14201 24109 23766 26140  1820  7350 23219 13686  8566 13512 13973 16981 16362 18212  2891 25716  9085 16966 17118   981 26598 12475 16461 10394 14513 18292 28412   947  2095 19998 22834 26011  3546 17853 24275 18401  2120 28760 22410 12731 27322 19693 11188  6554   980  2264  2922   613  1414 24209 11175 13358 10782 16722   984  5543 22792 24863  4330 25514 16595  3069 19425 21004 21910 25405
   646 19485   363   175  7365 23365    57 24442 20759 21001 18009 23467  2363 14553 14181  4014 12777  4624 14203 17467 12943   128 11800  6449 13939 23046 10627 23684 27354 14856 18309 23549  3763  7248 12569  4604  7246  9815 24955 22745  2568 25598 21684 11020  5173  8810   187 28779 16233  1537  2920 13637 18455  8534 23999   155  9080  3802 21838 27498  1277 12204 12842  3628   166 28620 13309  7743 25300 22871  9936 28882 26580  3775  2159  7714 25710 11597 16682 16816 17271 23018 27214 11345 10050 17274 10619 21313 16261  6961  7970 17340 14834 26783 27635  7751 18885 23625  8922 28545 14774 11445 10014 12743 17697 14451 26042 10679 16028  7703  9861 27036 26348    95 17835 27121 18086 13469 28839 11803 10577  2865 26228 10864 27463 24809 15523  2001 19153  7525 26292  4925 14341  9688   780 28245 18792  2894 20482  3341 24255   634  2902 26586 24281 18307 15573 16666  4474 13751  2083  4503 20148 23944 21507 12996 19804  6280 22933 27673 21604 16988 25425 28772  5386 15479 10953 19904  7334   704
 26268  6046 21285  2983 22238 17704 25155  2783  5317 21339 28127 13621  1588  5197  4360  7577  2055 21883  3935  8831 10152  6238 12031 18526 16168  3850 22062  2041 11876  1247   933 14166 16342 13549 25582  9322 20753  4471 24789 26701 22439 28024  3509  4430 14571 25527 26204  1611 14157 22362  4926 18969 13371 10294 21032 24988 17026 16339  1678 23130 11695  6685 26911  8508 16169 15329 24793 13772 10408  8318  4395 26819  7172 16594  4582 28396 16368 23124  7796 27233 14226     2 23011 21747 22940 23017 20774 21673 24090 21049  4266  6439  1045 18126 24227 25203  4317 28422  6071 15180  6883  6477 20414 23974 11357  2966  2191 12680 25719 14707 15714  3814 16882 16907  9004  5980 19916 18326  5834 13065  5594  6692 11833  3472  8266  8541 24229  8869 22673 27373 19296 24080 19608  7439 18457 21966  7710  4942 19906 26937  2963 16127 10095 27397 20699 27372 28503 22862 18234 24168 27516 11692  4128 17591  1384  9066  6230  8272  3982 10882 13779 10992 11474 24347 13854 23694 26383  4547 18280  4809
 22423 23071 24101 27423  1725  7022 17537 10222  6618  2770 12760 21943 14502 26475 20957 27821 10067 18816 14986 14105  7923  2742   248 21635 11674  2359  7442 10599  4978 10360  8812 21294 11216 26366 16860 19416 14104  8847  5221 19464 18820 14878 14660  6084 16149 20367 11948 27256 17066 16346 23972 24802 19515 18079 25250 16422 11821 10478 15437   256 10181 11141 28252 12645 13352   766 17211 21701 27632  6055   168 26010 23859 27255  5889 28167 16918 18506 24343 13809  6342 24005 16153  8740 15399  8127  8936 18386 19524  1051 25329 21591 25159  4298 18525 22015  4930 12956 12379  1181  3573  9292 13063 20594  5445 14575 20723  1125 15281 12064   403 22259 11411 19532 10004 18429 18007  4815 27786  7822  3067 27828 14073  7184 10532 24470 20783 28512 23787 22457 15511   829 18924 15809 17244 22019  6582 24353 24412  1570   136 15814  3426  5935 27333  2113 14721 12572 23718 12739 10701 22675   778 25181  8007   129  7709  8905 24507 12526 15381 23346 28704 21319  5411 12725   756  9255  4931 13587
 23786 23661 14453   254  6738 23440 14757  3065 25930  3418  7351  4204 21855 22856 12560 16137   978 28322 12616  9781   391 24504  9921 20578 13882 22778 26323 23758 14213 25949 19126  7598  2269 24707  7826 15171  1154  9183  6857 23949 16806  1951 25563 22535  4767 27547  1418 10597  3072 20663 17173 12087  3618 15888 15794 20319  8141 21287 28045 13238  1557 19343 19964 23307 21268 24494  6740 20051 27116 17493  8201   728  9383 14191 21486 14797  8093 15769  4628   507  8333 19764 10217 27573 19405 21487  9548  7115 13001 18345   449  3084 13390 14031  9113 25887 10215 23076 14700  8768 18110  4217  5345   836 16071  8592  3367 15307  1608 17606 18589  7739 26296 11765 26052 22558 21137  3311  4842 27050 13055  5096 17937 18140  7105 28421 14679 18021  4553  2837 23334  1116 16912 28288 13672 22754 27446  8476  4673 22674 22159  1527 28360  8081 22986  1262 21996 14773  1480  3909 24236 25699 27260 10177 26285 19086 17492 28249  9733  3344  1490 28188  9332 19852 10509 15917 22156 17553  7216 23266
  3875 22212 26141 16214   871 25741  4934 27716  4193  5501 25807  2935  5367 11977  4245 24462 13235  6610  5592 26274 16534 11226 13979 10643  1388 24295  9650 18517 13289  5053   496 15495 20674  9966 20122  6724 15000  9214 13387  5993 13956 25753 18606   609 19797  8171  6198 15671 15845  8082 12552   890 20140 17256 27331 25898 11635  6253  7386 22561 20728  3345 16072 15460 10605 23841  2312 26078 11704 22322 12235  5071 15928 13209 24094 20320   895 21727 23201 28250 26112  5333 15126 12290 24546 21428 12420 24685  7660 12418  5033 24587 10855 14267 15440  3455 28727  4095 17768  8796 20697 19546  1230 22763 15956 25521 16235 21123 24901 16950  7302  5510 19024 12588 15161  2979 21358  1477  5725  9736 25952 25906  2823 12509  9805 13800 19982   167 27580 10914 26723 17172 24655 12126 27824  6728 18781 13230  4639 25590  1060 27170 15853  3865  7173 13889 23922  7142 12897 23580 20913  3302  2677  2381  2927 22557  4917 25958 21675  1566 26467 20060 10166 11323 28459 18245 25335 25135 14720 15988
  5763 23621 13414 10735 25530 12213 20243 12655 10512 21320 25359  8764  8366 27447 24064 22463 10564 24261 23483 16902  6007  9060  2517 21080 26136  5963 18357 26097 11063 25255  5002  6446 16821 13294 15480 16437  9725   979  8972 23695 15268 27813  9087 12183  4529  7746 22292 22943 28675 10477 27082 17877 15777 15719 17560 24048  1716 21700  9424 18129 21693   540 20182 22374 20071 15808 12801 28340 26440  7542 25219  5222 12310 27119 26767  9818 26247 15746 11423 25715  8336  8347 18270  9106  6816  2445  3129 17362 22904  3121  2942 10195  1441 26195 22351 12340 19539 14533  6319  4098 22094 22135 25343 25403 18944 16166   901 18974  6509  1352 26926 17153 11569  4369  7411  2758 24730  8646 16301 12306 16655 28075 25831 27435 25879 20272  5399 27395 13128 18490 17678  3355  2087  1043 20862 19611  6047  6945 12244  7269  5580 11755  5506  1487  4985 10706  2531  5621 14214 10129 23597 11044   284  6441  2678 16720  8900 17367 13112 27326 18463  5094  2270 12284 24695 28658 15382 20448  4856  1486
 11807  1795  4554  4294  5238 27771 11472  2523 13437 24974 12687   971  6434 28458  5713 21961 20746 11304 27978 22729  3558 23250 12882  8750   593 19432 24207 25128 10595 23393 17434 24965 27224 20905 27517 19819 12436 20001  2489 11419 26471  8746 15053 23490 23306 27191 13019     5 12667 12014 20809 15982 28709 17361 15784 10482 13318 20472 23987 14948  6143  2860   339  4869 19385   629 14199 28722  2524  8825 20209  9737  6916 21779  3260  8059  7584  4834 23876  4748  4382 27424 27700 12137 19802 17088 19124 25555 25752 15716 25156 15296 14115 24968  1170 19409 27687 19039 11172  7816  5872 19167 10832 23778 16194 18101  8887  1032  6650 13514 28479 20238  2171 14581 22677  4514 18544  3039 24948  5188 12405  1607  6760 11776 13033  9600 27907  2456  7765 18678 24621 14462 24892  7918   325  9654 28067   421  6482 21614 24393 27069 17522 26132  6973 20112 25916 11952  5664 11493 15054 16640 14254   205  3149 24411 22614  8482 18736 13013 28374 25973  4044 19466  2068  3474   160  9121 13708 10902
 16330 28769 18583  2938 21449 14430  4446 10632 20339 19655 26365  3004 15515 26658  7792   333 22020 15700  9590 10825  2815 18106  6451 24039 20391 13632 24538 10836  5673  9496 25109  7895  3890 16440 16474 15037 11349  1468 17554 12360 14887  2990 26418 21433 21277 16541 11007  5558 18303 24885   824 11506 24056 19699  5955  7946 24917 16967 25524 11059 27881 28552 14455 13487 26046  2284 21509  5893 26321  5865 12342  3077 15236 21292 23117   509 14470 24725 11311  2242 17270 11799  6248 21900 17023 19820 17262 12967 16139   644 26233 11611  9832  1344  3436 24932 20844  9184  7230  9449  4235  1415 18546 20808 12245 15644 26362 24179 26453  2417  6406 23799 15667 14356 28258  4825 23446  7693 11089 23155 10751 14632 24867 14433 20560 12881 16793 28575 17307 12993  6925 13801 11563  4222 22357 20326 22704  9069 18335 18028  5870 22625  3846  5050 26763   281  9674 14987 24566  2879 13848   103  8039   758 26022 28482  3726 15390 18452 12251  1778 27002 24427 18246 15457 21481 22081  4258   398  9266
 25126 23819 20692  9561 13138 28837  2995 23362 13533 28629 13787 15798  2372 28588 20724 15229 21956 21525  6099 20202 22198 15948 17832  3171 23477 10798 20871 25315 24123 18285  6498 11302 12533 26016  4022  9640 18420  4260  3891 10617  2256 26795 24722 10674 28600 16642 22474  7700 22073 22242 16805  8640  1873 27219 28571  5574 25104 10727 16313  3361 28686 17955 17969 13161  5295  7446  3336 27467 11132  2078  7965 17326  3583   360 23697   165  3632  4595 12628  5178 16434  5216 11183  5409 25705  3408  2209 21590  5516 18603 24563 15545 22915  8735 11242  8786  9695  5027 23852 13262 21028 25972 18474   242  6389  3564 24862 19396  6318 26648 10561  8391  5503 15828  3565 24775 27704 10449 28112  2331  6341  4441 19928 13666  3904 16053 26207 23325  5534 24282  4753 16620 15228 13540  8046 14188 12637  6609 15999 27761 20445 23668  4654  3374 15524 28497 18694  6828 16632  6937 15564 19569 19809 12966 13327 19422  5878 13661 17547  7912 14593 10202 25050 10415  4478 12009 17803 19787 12138 23925
 12606  9800 25169 11061  3805 23080 16285 22145 22911 25303  9181 11836 20345  2507 27086  8523 16982 25031  9349 19575 28697  1894 28814  1684  7283  5478 27982  1555  9829 19401  5388  5840  9370  1187 25538 27569 20638 16241  1509 10772 28452 19403 18895 18975  4055 13254 18984   751  4722   983  4840 11867 15475 10644   157 28022 17265 18134 17213  3819 25519 15975 10708 11378 10610 23038 17608 12718  6981 22594 15094 14305  2548 13965 16616  5402 13193  5747 19746 26898 25594  8104 28692 23767 13934 27749 14850 22382 18300 10540 14467 19749 20287  9802 19579 24780 22016 23023    68  3983 28896 12629  1429  5098 14062 22629 16305 13749   781  5137 19285  9973 14363  4853 24265 26169 26134 27210   369 17167 28076  9002 15689 15249  2231 17664 21266 16357  5108 16425   533 28403  7149  1031 15487  5063 19270  3898 22484 19135 27758 28502  3453 28345 26331   184  3755  6265 25130  3552  6161 26084 25661 11502 22453  3528  2346  9690  7630  3715 11177 21377 14010 25745 13028 23246 10913 12161  5927  9465
 23079 10538 21186 16160 12458  5049 25301  4175 20545  3020 28111  1049  9618 16643 18632 20284 18113 11017 10236 14152 10184  7276  7882 12065 11535  3980 17536 18554  1272  5890 10254    70 12984 15654 17378 25556 23575 26018 14216 22415  1974 13586 27576 25951 21039 15309 11838  9124 23677  3757 15981 21079 14009 20118 13808 26653 23151 14645   189 18977 17575  7487  2655 12053 14489  9591  6208 10803  4082 26232 26043 14269 19448 12265  5469  1848 15592  8198 21749 10903 27390 13966  3604  8836 25696 25857 16005 15797 27840 17636  5972   659  7905  5676 15779  4041 16743  1840 17672 23611 25975  6590 20507 24348 13060  7378  4590  9395 18971 18989 18892  2741 28494 25160  7636 25542  4993 28026 28461 10814 13475 27378  3417 17080 13248  7130 23930  7494 26436 12491 16600  2398  4841   799 17055  5960 16892  5268 25158   231  3851  9630  5785 14512 22161  3881 24715 24485 25279 21281 10293 17232 27515 25340 17997 18446 28410  8095 26704 28351 20334 16140   910 11072  5054  8034  3030 17338 20890  6392
 15453 15404  7313 27153 27753 14164  2014 28710 11327 24471 25641 24858 10525  1425  8778 13101  7715 15349 15193 18844 22416 14998 22575 13050   162 13811  6775  7323  3392 21672 25885  2111 28109 20248  3391  5708  6387  2221 25605  7292 25989  9913  8314  9819 13444 19165 13265 15080  7374 25886 19531 23464  8611  7958  2467 25899   505  9180 14655 17390 16497 12828 13076 22483 17732 18855 16758 25498 19052  4879 14449 16430 18464 19656 25341 24967  5454   217 22711 26844 27047 25620  4817    98  8772 27440 16298 24239 21195 18878  8097  4345 22900  8802 20312 10982  9508 22685 18800 11432  4935 23968  1957  1759 13106 15678 10950 26626  2948  9391 10216  9580  5230 17016 12561 17852 13719 27254 21778 15048 22210 25249  5332 26540 12398 28389 16336  1507 27067 17894  2280  9300 20735  5969  4309  5229  2121  8377  7049 27597  7041 22643  6579 11550 23517 18333  8129 26020 19694  5458  7177  9347  1076 20064 23436   571  5814 13121 28561  4737 27415 13363 16023  9828 22336 19042 13752 17962 14748  1099
 19131 23524  1553 22922  2700  3597 17230 25529  4379  7921  4263  8477 17601 25816 18178 11760  2435 11797  6811 24204   765 21529 14334   993 10536  5828 18960  8614  2404  8329 10526 23225 14077 20825 10760  1435   460 13223  7056 19963 28513 20269  5051 23573 20584 27834   722 15931 21931 24482  1888 11478  5808 20546 24810 13940  5650 16175  5306 19314  2641 23497 28488  5285 10926 14516  4996 20814 23183  7671 22070  7812  2237 20193 18158  6249  7415 21789 21237  8083 23261 18761   837  8190 17470  3711 28871 21954 14806 25059 23218  2389   271 11607 16753 16835  2460 17347 14509  2393 28210 21846  8651 17745  5069 28388 12402 20289 17868   808 17243 23754 14745  7492  2951 24766 23955 18329 23468  2178 17585 12922 10044 18088 13671 14154  2885 23682 26933 16887 28131 11111  1644 28215 12913 19971 11325 19404 12082  8292 18533 16959  8030  2202 23829 22619 27666 20299   822 27445 20271 17138 28017 27315 28161 22367 15339 27945 14326  3293  9627 25017  8331  9134 24460  1300  3828 24770  9098  2911
  2273  9967 22124 17702 26166 15869 23247  9273 24696 26809 13810 24599 24752 18316 17471 27270 27358 22696 28872 26478  2251  8028  8573 21609  4896 18475 10635 27639 15757 14263 24916   233 16105  5837 16691 28572 28262 17906  8909 23795 22578 20973 16262  4220 19127 19178  1614  6001 13589 27796  7347 15760 11525 19872 14955  9488 18133 11656  5565  6985   208   657  2192 10579 18043  7979  4387  4313 13139 23961 10188 14893 20035  3596  4648  5431 23098  3799 14460 20435   367 20830 11065 18227 15991 23962   874 27774  2017 14301  6124  9401 18871  1662 27550  8103  5642 19226  2888 23965 24210  7470 10003 27250 18473  9552  3151 24288 17992 19991  7359 19816 24774 24924 24430  2724 23722 27329  5206 14685  7596  7240 12293  9363    18  2066  5369 23244 23014 17477 13091 15240  9814 22702 15050 12450  4256  1163 10861 21851 11140 13224 17583  7915  8903 19943 23375 22360 12489 19924 13721  1524  8265  8655 11933 10259 24141 19603 28728 20465  7144 15133 22391 22800  1132 18410  6012  9361 24995  2945
 22749  1771 21521 25998 26643 19003  3808 16276  9766 15739 23222 20132    31 16622 10678  9938 24426 25450 11018  2290 27612 17528  6227  3764 10584 11285 25140  2718 19822 16974 13370 24467 23061   404  9446 27966 12233 24394 22114 14972 11648  1337 21391 11179 24009 24887 19572  6966 27712 25728  7544 16784   353  7077 16790 13345 16124 25891  4563 21117 18100  6824 12409  8555 13862  9371  9851 19884  4413   586 20048 25062 25218 24342 13194  7352 24773  6947 12994  1443  6475  6400 22495 24839  3948 14800 17821  1200 18592 14138 11667 25235 12658  5885 11732  5547 26564   173 27592 11866    40  3731 14078 26460 14938 21757  5545 12614  9344 13638 25915  3124  3943 23470   251 11898 16604  7707  9799 17064 23051 15346 21240 12058 25767 17266 22290 20872  3161 15637  3243 15466 24964 27318 20918 10964  6768 25769  6723  9989 28106 18879 22206  8773 26350  7804 11254 15263  5385 22490  9233 18520 14316 10289  3570 19015  2590   249 18568 22846 15540 17394  4461 22152  9207 14817  5014 16418 27741  7371
 20106 17680  5213  7367 11541 28300 13891 12819 17887  6352 17657 13813 11450  8293 17468   832 10241 25554  1589  3885 17578 13344 27628  6436  4659 28086  7406  1940  1781 19457 17559  4552  1248 19644 20930 24058  3158 11901 23181 10698 28402 12324 23791 11192 13728  1241 18922  2500  3356  9889 19854   379 10741 26830 12702  9195 11710 23590  9609 23569 18202 24501 17047  1118  3278 27285 26335 28619  1091 19132 24252  1020  8816 23736 23055 17986  5694 15699  3548 13838 26074 27279 10460  3183 26854 13263 12732 20039  4253 17801 16739 17159 14125 20982 13517 20969 19536  9334 22831 24675 26516 27426 23369 19355 25864 11212 17237 13016  6957 21944 15292   541 20155 25339  9301 24740 20383 26736  4045  9288 10700  2981 18917 25959 27899 11649 27160  4908 16060 17661  5994 14234   759 19770  2829  6932 24601  2661 17165 24490  8164 22599 14464  5751  4808 10946  2616 27060  9122 12944  8181  9965 16768 13348  9743  2367 10513 20910  6743 22014  9920 22817  5849  7072 25805  4383 28386 15280 10797 18442
  5661  2485 15199 12255 18454 12550  6200   140  9796  5934  4969 20816  9036   347 25506 19550  6386  8781 16320 14642 17199 18850 11318  1567 18082  9346 11670  8498 18801  9194 20593 21042 19771 22751  5736 13189 19231 17481 22668  1654 21393  5533  1396  2103  4310  2352  3298 11963 25806  1326 13706 20150  4337 24405  6078 26667 21663  6620  3765 18512 20897 27541 10179 25147 28895 15359 23355 14472  6365   920  4280 17971 21439 19011 23120 10308 23252 10310 15130 21933 17215  8460 25407   112 13759  3508 11191 26066 14270 15588 24961  7835 25676  7458 24402 16496 14068  8718 21119  9461 25875 11367 24568 19543 23846 19133  4570 15134 13149 15442  3119 10219 15579 24439 25416  6075 19705 20864  8386 16771 27901 16486 14520 12099  3748 19406 12753  6544 22443  7755 23757 20221 18551 12080 23491 17727  4617 20436   536 11728 14317 28648 26780  2471 16710 13141 10835 19220  3824 26161 23952 12376  2423 23022 11198 13915 17784  1362 28287 24162 23212 16263 25188 10892 17336   181 27355  7129  6364 17373
  4886 26866 18947 25832  4971 23294 12788 10645  7094  9339 11771  9622 20348 11073  5590  2200  3526 11683 10132  3714 19858 26298 18773 28357 20747  5001 15584 14053  9249 24554 10010 28235  1027  5015  2373 24264  5364 28381  1596  2615  1386 11412 22175 24487 28477 17501 13130 12258  3987 21381 26008 12208  7619  9572  9749  7699 16987 24593 25277 17417 12510 10948 25956 26037 13881 19417 24761 21785  6034  2365  2114 20399 12803  3048  2964 22935 16383 14302 12062  2128  1146 15609 26816 19017 26947  3219 18150  8914 23302 19377  2215 17045 21965 21748  1941 19109  6468  5265 12964 11233 24589 16006   238  8805 26640 18643 11081 23269 19102 24871 16672 17695 12804 28120 27600 16593 28840 26977   828  8901 23208  9648  5119  5917 27839  7877 24027 23048 22285  6773 11998 16281  4483 19897  2597  9854  4623 13114  8224 24586 23835  8045 11215 27015  7560  9644 28808  8375 14611  2051  3447 13624 20084 24890  4455  7476 23644  3290 17071 27062 12102  8354 16726 14861 13776  6815 26287 22865   703 23942
 11093 26381  4855   317 18201 18981  2170 21861 13151  7848 16707  3249 20894 15924 10314 13876 21876 25798  9458 16141  9928 12142  4966  5651  5425 24244 25413 28057 21192  4066 22203 14911  6254 21746 28632 11416 27850 20161 12055  5031 10381 26746 19559 19571 13329 13496  3556 22394 13186  5564 14021  2801 23091  5668 14003 19307  9687  8088 17395  2029 12544 26188  6390 16340 13277  4523 13208  9415 27480  9034 25817 13729  6252  6368  9436 17258 16828 23395 13763 16487  2782  8449  6379 17655 22462 18537  1021  1587 24711 27106 15793 27303 27065 28158  9387  4727 25818 16103 14110  1922 20993 18531 18793 25729  2338 26663 19740  6196 22720  9588 17497  3125  8167  5902 17659   384 15447  2711 12487 16779  6878 15600 27649 18391 22513 26375 24399 23012   694  9853  2183 23543 14898 11142  3835 25074 20211 10245  8957 18743  7575  6982 12676 19272 17074 14853 15585  3578  6721 28696 25253 26417 28670 17224 27870 24465  7650 17849  5156 13646  3712 13002 19055  3384 12539 14344  1104  6243 13467 13762
  3837 14179 10497  9357 26690  6129 22306 16685  9885 22652  8868 23165 20470  5726 11961 22096 15412  2024 20424  2356 25707  2989 11816  1026 26800  7373 16654 13851 18641 16808  6899 13080 16895 25516 17820 22769 20452 11324  9177 20293 23189   351 14729 15027  3286  2767 21200 16482 22267 16386  4358 26603  8319 11542  4140  7951  3245  2740   654  6278 20070 27133 10486 20693  8161  9284  3800 24198 24042 24089 16667  5575 12585 10383 26916 17426  5587 28553  6139 16100 19733 25948 23804 19712 15567  6440  9639  4070 13567  5866  8629 20974 28613 24984  5273  8443 15762  6145  3155 16365 20043 15073 28203  4599 19465  3944 26792 27611  9473 22533 22731 24073 25182 13534 22323  4900  7203 18194  6281 16783 10292 20886 24493 22004 23800  1985 19542 14562   389 19390 14969  9915 26012  7670  8941 20374  5970  9514  1699 14538 24077 10783 19301 19871  8708 24146  4506 14413 23133 21044  3770 28182  4254 21641 15303 11757 13126 28336  8320 12889 28378 18534  3172  9161  1186 10890 23396 10807 21370  3547
  4512  2715 27684 25157 11893 24245 25643 10413  8258   370 26446 28279  9716 19446 23814  7089 11570  6832 16180 17091 24526  7614  2918  7245 24054 26945 24392 20264  9545  1548 10725 26787 24339 10120 12921  9656  7849   811 22738 15582 12750 22219  1788 12122   805  4177 15129 28464 16265  2461 23732 11055 20080  2310  3001 13716 28430 16287 11798  7624 24187 19321 20075 22018 26694 20513  3052  2054 22644  4145 16679  1876 13731  4231 23242 22275 26644 21170  3104 22333 12905 20402  9001 28065 16605  2188 12578  9335 20464 20935 16421  1160  4314 17920  8570  8451 22825  8757 26107 11209 24181 25245 26373 17626 13018  1538 16219 11844  7635   515  4354 27409  8529  8047 16443 24316  8296 14011 21303 12545 25011  2769 14408 23178 10780 10606 15099  5901 24497 23439 12132  2789 11259 19111 27400  5942 11006  3869 17316  6896  9456  1376 14777 23495 18244  2482 26680 19698 27387  7396   840 21619  1886  2254 28064  7002 28505 27429 15110  5718  3280 26971  8658 15421 26086 19145 25349  5948  3636 19473
 27164  8370  1872  5082 17072  3331 26095 16465  7032 16698  6042 23984   907  7093 26828 16084 23975  7410  5585 20766  6990 12648  4332  2584   748 21927 23587 13316  4401 19981 26806  1050 11392   335 26633  5289  9245 23292 28821  5493 11320 19201 27686 18272  2822  4316 20450 18268  5887 11205 25931  7429   968 27829 23382 11099 19894  8472 15998 24519 15024 26720  3082 27570 19277 24909 12714  7790 25799 21599 13205 27229 11839 12400 14410 23460 18360  6969  1787 22854 25027  1434  3026 16663 23558  9229 17909 28711 10571 15233  2364  9657  1010 22314 21273 21542 12815 10841 24754  9777 12574 24548 25868 11004  7159 14087 27330 11511  2499 17592 16393 24015 22098 11457  1666   835 12900 25256  1807  2166   956 19266  5128  2429  6005 13249 14919 24762 20751 21967   802 26025  7696 18635  2690 24057  2630  7088  8184  1092 22109 16657 28267  9701 16925  7360 25490  4003 20347  9507 27350  3703  1030 17640 25560 20707  6416 22798 17065 26532 28756 28754 22101 10040 24597 20534 17854 21071   385  5852
 26902  5628  6108 14183 19110  2396 12671 13576  9416 21384 19379 18343 12868   658 10854 17440 20650 21088  4242  2161 25438 13202 23432 16730  9795 11610 11208 25307 20415 17235  6604 28468  4451 15016 18318 11641 11889 28576 24926  3966  7456  2877 24520 27615 19936 22030 19714 28264 28519  5124 27893 14343  5327 28387 16960   958  4732 12383  7054 20565  8043 25462  5898 14921 23779 18271 18168  5511  7606 11979  9364 12256 12262  9601 15140  2749 27745 11123 26398  4747 14223 15173 16633  9684 19975  8513  6836 10787  6172 27197  6757 11043 25351 24879 10613  2934 22898  6986 27661 18611 24813 23205 26489 25923 20885 22137  2446  8870  4270 12393  5432 18050 10342 28238 23761 13406  7551 14580 26101  2350 15014  6033 27176  9909 17386 17878 27554 16529   564 11365  3368 19596  3064  3055  7750 27362  8669 13696  1754 21581  6871  8632 26975 25579 16879 18732  2374 18779    58 12700 12467 15282 17069 19195 22528  3678  8713  2841  6629 19177 25665 10250   674 17670  5998 17879 14771  2619 13287 26179
 18074 26390 16586 17983  7213  7123  7778 27154  2452 24523 28618 17375  4967 17070 21102 21223 23991 18731 28405  9499 10385 17341 15741 10723 15546  2908 27394 27964 18336  8714 15555 10788 11170 11223  6559   929 11664 14240 15509 15270 13769  9945 17299  1846 27623  9117 25946 24803 18535 23412 28225 12431 16656 14832 10032  7550  9065  6063 19775 10488 22447 17627 21136 11146 13299  2204 22432  2010  4069 16337 15867 21456 16712  6508  7891  2582 12791  1014 24606 21373 24007  8332  1389 12494 17917 17952  4304  9772  2330 11069 10272  8880 25172 23143 25097  3317  6233 21852 25469 15217 27314 26051 20972 22509  1694 26536  2281 14261  4608 26624 11329  1264 17105 22946 17669  3902 22047 19221 15694 13579 15606 17572  3099 11487 11708 25803 11604  4493 23603  8419  4487 17472  2826  7841 20444  3360 22369  8548 12782 22104 21111 24758  7721 16629 20292  5925  8349 16612 20176  7706 23825 11495 14355 11214 20082 15088  1119 21744 25220  7286 18340  1343 20786 20643  7728 24489  5176  6731  7798 10258
  6532 23419  5678 28280 16083  3611 13947 17836 13747 25230  5318 27388 17782 19727 23598 25503 15536  5655 18997  1918 18563 25653  5582 21725 15691  9340  8838 15386 28753 13639 21533  4234 23348 16192 23645  6763 26370 25689 13489 19795  4020 10548  2388  7949  8531 14279  5807 16046  8729 28346  6179 14545 12735 22934  2459 19735 24319 11739 17188  8307  5315 14974  6701 18353 21793  6040 16572    55 16181 16107  7785 14268  4807 20640  3139 23459 18260  3429  5145  3017 26820 23042 22842 12861  5433  4226 18165 18766 26533 25047  9047 26388  4407 16364  3641 12596 28803 27034  2222  5689 22617  8311 18873 17850 16677 25453  3177  8278 10046    63 12328 17549 26076  7152 15354 12199 16827  8782 26802 16292 14495 21549 11995 22894 22236 14706  8779  1576 12814 26565 12918 20164  4101  9564  4663 15658 24540 20524 16546  6344 13495 12227 10361  3449 28471 16936 25358 16312 13353 12541  2575 26808 19250 15850 16000  4716 28549 14475 19980 27049 11131  2437 10248 11395 19181  1166  1707 17779  1459 16228
  4872  1410 12937 26256  5895  2716 11809  1407 11118 14303 16172 24632  5649 26847  4598  7420 13674 26608  8968 13805 13927  9368 14570   873 21973 15514 10117 18825 25309   997 27942 27714 28240 27187 27732   941 10712 10650 12780 24954 26848 16915 25636 18617  7888  2809 22500 17795 14020 22132 26039  8137  4543 13372 13935  5304 22727 11513  9955 25310 15774 28541 27663  2011 17543 14728 23749  2442 15330 19233 23318 25711   716 21172 15215  9483 14730 17060 20533  5151 25921 13921 19096  7266 10943 11148 22982 10659 12878  1797 17212 13955   477 27366  8889 12904  1919 21621  1082 14693 26638 19613 12982 21301   171 12898 28738   191 15334  6860 21424  8218 25526 25067  8251 11067 20695 14871 26739 16608 19415 20013  3377 25290  9976  4823  5929 28767   702 27658  4249 12773  5950 19891  2658  6647 15955  7761  6656 19860 14702  7570 24997   471  4269  3444  2684  3520 24444  2878  8899 21773 18441 22368 11240  1124 20040 21715  3025 27301 18327 10145 12570 27918  9365 25743 23926 22289  4851 20756
 21925  5471 13375 20801 12590 15747 24006 25976 22966   341 14361  4671 15724  5189 19311 17412 24403  5142 24830    78  6928 13057 21386 21579 20087 21205   688 27831 25238  2425 12019  6450 26711  1599 15662  1878 27703 12863  5059  2195 21214 28682 23057 20842 12802 11789  5075 24536  4698  8410 28713  6943  6917 22449  7799 14591 11687 24417 14486  9201 14482 27530 27468 22181  6417 14770 14249 10722  3366 10822 25656 15836 19605  9692 11785 20089  5714 19911 13610 17388 28117 21015 26673 20251 17108 26562 19236  5313 28653  8722 27975 12008 27471 23912 12304  1179  5435 16243  7690 22676 22956  1398  2965 22868  7135 12696  7272 19090  8973 12836 25324 10693  2168 21403 23830  3248 20588 14953  5085  9062 28591  2013  5246   666  6712  7864  6522 26629  3962 20834  9491 14005 16022  7488 10339 22099 19690  6591 10392 25782 27033 28496  6993 26380 14479  9881  4296  7074  9757   214 26821 13070 11103 21786 14146 19920 25083  7467  5314 26231   863 15262  8677 14069 21630  1484 26724  4963  3179  3683
  6202  3735 12932 14961 15899 28029  4788 11359 14714 10286  3021 11322 20761 21671  6968   547 22273 18430 19068  9998  7674 17379 16432 11831   203 23166 14525 13833  2472 11891  2474 27425 26914 23759 18994 21417 22087  1756 23494 18659 15830  3771 18693 26319 20672 23583 13206 11851 21514  4621  5915  6354  3431  6574 26270  7004 26668 24829 26406 18095 17475 27180 22787 25174 25134 20748  3702 23755  9386  7726 28344  8617 27094 14391 15880 24001 13405  8800 27391  3961 12077 16087  5771   265 18422  3332  1895 27967 10490 12736 27981 28129 14616 20434 11380 15958 17840 10660 21520 28740 17685 24151 21034 11486 10326  1506 19209  7800 17285 16781 18973 12602  1934  4861 20370  7661 17102  1377 18893 27717  3676 11699  7257  4085   616 16630  9251 22532 20149 20109    73  4182 24627 14549  2595  4922  6206 21807   843  7956  5198 13306 10454 19604 17392   710 15572  4852 20458 17725 19741 20401 16381  7263   791 28342  5525 14501 19974  7138 26940  8072  3385 23592  4780 12054 26259 21390 25441 20621
  8064 16318 21983 22536 11903 28699  9388 27917 11250  6267 21228 14120  7540 19730 27506  5225 17880 15071  2495 21325  9429  8101  3925 14519 25289 21176  7279 16481  5688  5530 18321  8981  9109 14026  8664 27032  8061 13780 24636  9500 26260 18788  7162 21506 20689 19589  4267 19905 18347 11715 14001 15430 26152  5005  9968 13990 21199 13419  9302  4089 12992 14037 13073 22227 13052 10745 12554 14230 14738 24812 17181 18542 22895  1273  9534  4184  2235 23637  5848 15484 26277 11350 21367 23270 21132 20591 27218 18547 28762 21278 13573 14636 17901  8862 16755 11763 21534 14238  5196 18669   962  3694 18877  1354  2124 20092   582  8492 26852  8817 12150 16765 23669  9808   931 24977  7853 17431  8026   966 17384 10517  1403 20750 13379 20763 27477  7645 19592 26123 23047 14386 18915 19049 17050 14195 18828  5989 16976 25408  1513  8108  2186  4771 16159 17699 27696 27902 28668 13303  2033 17570 16535  4956  4460  2045 20363 16668  5773 23513 12559 25029 12532 16562  6070 27436  3197  4587  6312 14135
 18142  2717 11947 18861  7444 15507 21661  8551 26791 17897 11153  1395 23009 25231   701 17744  2614 20095 14942 12845   999 11228  8376 18331  5862 24873 13997  6673 24578 17385 14333  3601 25076 23776 13999  2986 23064 21909 27993 21130 18334  1595  8969  8222 11053 20880 11738  8427 18176 24435 14019  2657  8991 20490 23068  7694  8980  7524   602 20623 18549 17734 25488 13866 19725  2984  5473 15315 12013 16335 17760 18689 16945 17130 10758 12384 11745 27847  4962 18026  6994 19874 14725 10980  9556 11537 16697  7332  7464 11087  8439  2510 25447 14698 18706 13250  1458  7299  6367 15146 13924 15519   326  1205 19074 19283 21657  5112  8071 25761 27974 24549 16506  1523 11716 14997 23866 28113 17337  9918  1739 24807 26235  5916 11200 17122 22058   857 18596 21503 14703 26692 11268 27146 15995  9026 26305 26948   911  5544 11421  8506 19020 26064  9320 22239 13022 15433  4111 15395 10203 18695 24756 13445 11387 21075 26379 23745 27650   623   775 28707 12820 12847 15312 15558  1028 27533  2214 27113
 26501  8739  9125 10724 23924 10157  1949 23070 27476 19508  7788 22526  9912  5271 28242  4574 23643  4998 22636 22424 21295  4302 17759 21061 14483  5024 21018  4750 27926 25404 12742 11291 28231   458  7677 25823 20002 25228 14696 13663 23404 28413  6599 11953 26909 17168 27520  9577 17866 25429 14837  5975  9990 11062  2101  4415 22883  1597    52  2023  3645  3991 10411  2000  6057 27479   996 15530 27379 22037 17324 12807 19563 16757  2407 23171 12877 25064 28495 22234 16248 28535  3485 12523 23258 10527 10664  2687 23535  7224 24666 22572  1339 25487 15473  9136 17062  8176  2828   923  7501 11104 23095  5706 11435  4704 23448 13292  2382 22734 27890 24033 16002  6393 16582 27141 18196 11500 13099   472  7716  9009 28751 12493  4764  1333 16829  3809  1345 24071  5323 16272  9083  8193 15331 21017  7035 25510 22328 23230 16970  4191 11783 26725  1220 11492 20325  4290 25869 27244 20373 23708  8950 10332  1123  7384 22759 19602  6754  5434 11681 24837 17491 23634  1744 21471  4580 25417 10905 15781
 26415 16424 21475 27166  1070 25472 27624  3222 13187  5155 28826 25103 11249 14457  5709 10837  5971 10275 15189 22003 25045  6358 11091  9506 10110 22013 10754 21188  2701  3388 13552 28855  1983 16693 14827 15614  1348 27365 28191  2627  4079 13581 12445   551 16856  4518 28578 13041 10859  4016  6168  2720  4057 20101 11672 10504  3999 13771 10865 20375 26656 25258  7981 26223 17860 10996 26695  6814 16069 21293 22586  1668 14414  4981  4466 16068 25270  3322 17339 12021 20539 10423 15979  7719  7649 19019 11566  5316 24783  9872  9148 24565 19045  1864  2906 18338 24689 20308  7443  9505   279   429 10935 17133  2719 10924  5123 18818 28657  5954 23894 22978 12066  8587 25365  7084  3928 14556  4796 18948  6848 24480  3952  2800 23520 18048  6868 16647 15744   295 27903 12890 23234 15409 27655 26938 22909 10069 21603 28758 19885 14089 23824 20235 22191 17999 14239 26252 22321 23877  2406 24478 20255 24053  9831 15560   415 10269 16610 18652 26127 15661  8495 12412   902 13710  4662 26539 15242 24201
 25308   957  6634 14954 16229 16971 21691 25990 16227 21011 15687 14042 16624 16134 21976 28380  5824 12313  8963 19472  2674 11374  9730 10547  2063  8763 28328 28179  8074 10516 26241  4236 11828   626 12997 17989  1212 17090 14420  7593 18057  7759 27519 19312 14786 27838 12367 27910 13044  8863  4636 19380 12194  7409 16199 25479  1791 15986 12517  5743 28509 11744 15184 14119  7791 27939 11671  9471 13984 25777   538 12796   918 20523 14403   715 21029  9700 24557  4509  2753 19050 14311  3094 23425 15357 13397 13937 24537  7506 14789 24312 20456 24658 23581  1266 27185  9323 18182 22844  6141 20024   617 18476 10421 25824 21596 27508   876  9049 14511 16652 14161   946 19394 26827 20034   227 10707 18276 13392  1195 10938 27419  8344 11220 24952  4247  5384   228 26843  3031 17076 26666 16267 23584  8118 17921  7642 18286 23919  1214   170  8707  5614 25732  5091 22171 21686 18990  3854  7290 17236 28021  2696 24989 24935  4647 16797 19292 27245  8242 16848 21582 18835 16935  2441 19925 12473 15492
 16703 13090 15882  2004 27371  6088 21175  3798  1710  7911 18932  1907 23392 10721 21874  7499 23060  1476 22478 26895 26923 11832 19669 18688 25614  9562  4952 26745  7383 15095  4477 21687   830 14567 17014 28372  9468 28723  4207  2098  9886 10365  2080 27220 18853  2257  1809 21891 19091 25431 10608 17421  1965 23160 15038  9935 17240 24398  5538  4572 24258 14383  4102 28073 14637 26719 11086 18970 27535   679 10123  4682 25164 16807  9316 25294 23544 21808 20787  4488   562  1167 11485 24102 14607  1902 10015  4132 27980  1915  6076 14858 10470  1174  6303 15501 13279  3461  2360  6068  6866 19758 17539  1882  9426 16705 27095 17764  1515  2228 18263 14272 20237 23784 25356 11319  7846 26433 11519 28296  9205  6978 17175 28726  3252  5716  8784 17586 13184 14227 23445 26108 19157 19232 21916 27688 24694  8358  6237 25254 24483  4397 23529 22875 11650 16774 28554 19252 25233 24216  5521 12353 12621  7268 23328  5855 22251 13384  3669  5858  3619 21834 14991 15353 13105  9172 23344 25993 16873 13703
 20194 23121 19083 16760  8597 16713 17533  4859 19684  9930  3951  4049  8252  3381 12472 13818 16293 28211 17872 19890 18288 28546  7236 23827 17831 12348 12759 17535  5267 15147 16398 26428 28356 18054 28864 20262 27991 25903 12315  4694 27324  6869 26574  1450 27131 25448 11222 12453 18072 24760 16176  8255 27802 20473 25275 20165 25680  4194 13442  1416 22559  1516 11507 17800 15755 10324  3202  6886  9159 19772  1663 25657  6672  8682 12879 21304  9017 12209 11479  7531  7974 25202  5337 19934  7955 21559 19607 23304 11524   260 18185 15963  3929 23863 25844 22332 13354  7512  5793  4531 23324 16452  2736  5418 17916 15419 18075 22011  7656 11718 26991  1625  6427 17349  5670 18383 22034 15782 15260 20198 24723   345 16075 23594  2213 21894 28146  6555 17189  7764  9220 10450 23400 16388  4333  6995  1086 19835 10710 22775  8475  4392  5973  1793 12638 13137 24344 25584 22182  5625  3625 17438  2383 16043  7361 23845 13588  3589  8840 19913 13034 26675  2774 10437 21124 17164 15290 17001  9869  1887
 25611 16431   806 25808 11031 17067 10244 12650  9576 24660 16462 23345 12141  1330 18945 22052 14134 22971 18067 19023  4548  2097 18359 22334 20154  3414  7388  6242  8926  5215   524 26552  5947 14202   394  8117 17429  5062 21349 27168  5974 13519  4189 17317  9568 26888  6753 22955  4202 13774  1674 12530 16442  3437 18591  2779 22707  1208  8599 24051 24642 13237 20241  4634 17776 25239 18214 12369 19497  2267   742 13584 13745 28299 20056 18010 18541   269 25232 24235  9789  4890  2795 13755 22057 24315 14793 23512 20646 21850  7806 20956 13389  1968  7430 11196  9883 16578 23005 15157 13736 20673 10658 11661 12792  5584 15358 19284 24248 13332 23329  5194  8008 24231 18934 10587   467 12834   161   545 14217  6500   448 27800 18061 10607 25162   298 20642 20290  3661 13351 26465 17463 14128 15786 25900 25738 26545 20231 26315 24923  7412 18872 27539 18501 10229 16794 21246  2850 16786 16548 10989 27879 11645 12429 27442   752 26983 10395 20884  1598  3212 11881 11219 25612  9780  9820 27470 22140
 20358 10378   149 20111 10016  1964  7379 20392 26871 27257  4579  8844 22208  7589 22951 19522 28253 11871  9157 26213 26934 17794 10752 15940 19856 21060 21204 18125 22666 13737 27922 24158 20016 16385 14802 11143  4937 10101 10917 10628  2849 23090 22091 20063 19001  4912  7622 20559   120 10164 14629 26618  3963  4938  6098 15549  6901 11119 23916 14835  4984 17246 10633 14184 24338  3822  4881 23553  7287 20441 25523 15770 23339  8894  4914 23177 20914  7648 14441 23638 13724 20503  3562 10558  4539 22689 24012 12917 12349 23910 22517 12212 10573 17793 25552  3051 15898 25132  8425  4198  5157 17804   662 13619  6183 17927  6646  6192  2598  5869  5826 22760 28136 25858  9565  7461 25094 28490  8637  1732 28612 28476  2181 17981 26776  6744 14598 27231 24413 17186  5647 21158  2146 22812 27914  6909   240 11599  9158 22386 10991 16115 21264    59  6420  9015  5520  4594 28815 20318  9274  1747 28212 18677 18982 11060  3644 21947 27789  1672  8337 23215   463 23163   550  7156  8496  9839 14546 26405
 10550  9399 17530 21441 26468 12885 12188 13188 16568  2134 20100   977 23084  7048 11481 13975 11957 26992  5635 26196   330 11971 28074 18023  7640  9649 14187 25012 21436 25595 21265 15371 27311  4865 10089  6793  7680  1955 20903 22771 11849 17358 14766 10407  9763 24028 22660 27030 13571   955 24267  5131 17302 26341 25789 17976 16095 12057 27653  8330 14888 10637 14029 18581 28399 17886  7298  6527 20841  9143 27511  4494 12375  6433 21790  3271  4936  6275  4115 19722 15922 25264 16591 28893 24911 10851  1997  2216 22538 23041  3843 13485  4527 26404 13228  7505 10005 26755 26137  9919  1733 12042  5831 17791 26382 21648 15919  1542 21650  2069 10319 22766 23642 11361  8389 16524 12459 28355   420  4538  6353  5899 10703  9218 13239 19107 20366 27762  5654 14859 19643 25057 10994 20961  8231  7165 16684 25755  5310 13856 24945 14474  3349 17344  6170 26361 14207  8639  5615  6758  3399 13494 13941 22910  8105 14691 13595 25333 18236  9038  6260  6447 21667 21690 11390  9110 17615 17044  4485 20850
 10537 26716 13523 28783  9775 12647  9899  9074 12644  4632  3506  6730 18254 14280 24287 10048    53 22941  7012 27969  8109  6533  9783 27711 13403  5270 27595  9571 19817  4473 16355 27342 28851 13286  3068  3833 21685 16477 19777 10744 20793  3541 12988 12762  5789 28330 20491  9774 22515  2855  2725 22430 11539   711 25525 18166 24491 28216 13908  2853 12098 19757 24357 28239  7497 22963 16333  2292 14040 10959 23914 26999 24205  9031 13132 20542 14476 21704 22903 19066  8694 17079  1243 14542  9378 17717 25603  6426  9563 23834  8741 14253 13291 12283  9995 25608  3861  7530 27886   297 11129 22736 26442 16460  1752 10958 23182 22445   523 26522  2274  1310  1438  9632 19702 15291 10484 12546 23088 13596  6314 25298 16351  2976 20316 14573 22066  5968 12295  1701 20986 26264 12975 22811 22571 14574 19424 14008  2032 14763 20178 17176 14364  9433  2974  8581 20018  9240 17620 19514  1038  8240 22200 28485 11022 19022  9466 10680  4765 19118 22113  5724  6786 28294 24291 12959  2454 12686 27093  1549
  7426 28269 16198 28796 25557 25419 26297 16694   137 15594  5728   788 11452  7200   989 16375  3665 17011  3787  9104 17809 20778 27259 10386 28030 17017 19614 15875 15174 17489 24172 14098 22684 11658 13742  8583  3140  1695 28427 19782  2819   321  1619  2867 15583 27339 21809 16929  6960  1258 22680 24475 25784 26000 18785 17974 15732 24575 17851  6193  3687  2371 26045  6459  5962 22172 22487 20881 20790 15542  8500 19185  3225 16504 28874  1898  3045   442 15709 25709 26591 16894 22009  4712 12164 23966 26813 23271 28746 27787 25194  5169 23099  4800 13919 15526  5492 22872 26989 18884 24724  3849 13455  7658 15075  8025   753  1540 25663 18354 15067  9892 22160 12030  5682 23142 21312  3867 18777  3056  8273 19297 11066  7391  3275 15852   924   934 26907 15448  4522 26368 23021 24193  7284  8848  3831 16649  4666 26592  5794 13872 18377 10105  3200 22849  4470 22380 10931 11190  5698  5775  1936 19142  3373 10321 27556  4034  2618 25013 13026 11578  8828 25444 19903 25768 24882 23360 13875  6030
  3285 10338 20266 21209  6004  8885 11014    92 14927  6927  4888  4241 28324 16569  9816  8328  1692  2820  6163  2585  9747 10802  2993  9596  5741   743  1709 28640 26832  5042 12833 26817 22694  3845  7255  8711 19486 10653 22744 26328 24032 26901 17985 11366  4862 19950 13518 14241  1002 16299  6671 22852 26490 13598 12354 26461 18215  8062  1080 22926 17041 10462  2496 21326 17948 13042 23206  5953 21283 23063  7562 27808 27367 14300 11804  7131 19479 15993 16419  6003 19176 20948 11096 27137 15525 23617  2448 25848 26408 22796  4346 24114  9029 18431 26610 17731   530  6953 14990 11389 20843 10539 25695 17218 27448 10778 25282 14558 24787 18863 17298   673  6309 24066 10483 28569  3912  8261 12538  5161  8594  2136 22656  4027 25486  5012 23541 20239 22082  8221  5209  3672 12869 24154 15352   277  4858 15551 26950 21824  9485 13471 11415 21875 25213 24014 22429  5666 28248 13373  6339  4370 10846 19585 23884 14372 18045 28251 24289  4591 18412  9445  9641  8069 12083 27482 15059 12350 27457  1578
 15967  2309  5424 10580 12856  5573 17490 11294 26785 16246  1869 17945  6733 19908 22914 22313 27747 25393 22488  9575 25786 25204  7621   945 23862 10492 22412  1584 19798 24957 15953 11356 15008   683 20233    66 26358 10947   466  3563 15923 17377 20869 24346  6934  6677  6589 22288 24956 24710 21077 16579 11038  8401  9748 10387  2558  4615  1336  9182  2673 24340 26309  7988  2138 14910  4905  6140 11015 27953  9581  2300  5992 24388  8919  1083 21213  4724 27417  6333 12129  3060 11999   525 23533 16653 14380   114 19016 10656  4054 16136 28507 20020  4701  4009 12189   301 23235 19348 19228 10565 16218 10204 19748 21161  4386 27222 10406  1779 19172 16803  3479  8305  3269 22783 19700  8447 12285 14643 10683 17171 24704 28394  4381 11594 21173 13910 23945  7293 13007 28616  6623 13146 26502  1424 11317 10871 26422  5644  9578 22698 16955 15531 27694 17478 27277 13843 22192 24304 25558 26291 22471  5401 27971  6843 25513 11316 13971   636 22954 15847 25934 28185 18553 27878 20079  8089 14139 15604
 18247  1130  5981 10170 26092 23104 14404 17740 18314 15927 18149 25759 14996 14480 12839 27022  6906 22881  9198 26340  4099 28199  6437 22544 13497   456 12515 21580 22850 24769 21385  4829  5257 15372 15026  5746 18865 14662  1546 27527 22973 13072  5867 22784 23735 19584 11287 20478  9987 28142 10933 16493 25261 17494 25793 18341  3501 24669 19877 15389 14602  5779 24547  1463   967 16575  7862  1510 21969 10284 12908 18908 11720 28601  6997  9504 15659  6372  2665 27152 20000  5753 26364 22090 27805  4948 17873 14493 27801 14621 20153 11460 15884  7730 23986 16070 19370 11405 13081  6668 10271 17634  8019 27490  2197 25418  7909 18495 12443 19504 16992 20567 21222 17487  3718 23679 20305  7028  1088 17590 15703 11777  6661  5452 24371 21977 24017 14236 11750  5472  1602  3939  3530  9013 20420 14450 27125 21207  5199  1816  6470  3114 14517 25313   484  5750 25797 19896  6556  7526  7808 11693  9135  3921  3914 28093 13385 17231  1551 27175  7354   734 25713   558 28560  4329 21770 13957 12176  7233
  3337  7051  9837 17837 20745  9342  9221  2579  1213 16013  4362 24177  6803 13733 28037 25262 22017 26554 22654 18282  4835  3934 27200 17660 19955 11235 25243 21901  9379 20776  9762  2552 26593 26302 23932 13758  5387 18656  1773  4186 16681    60  9126 23989 28319  1620 23631  6147  9420  3468  5613  9286  4150 11298  5595 16143 28848  5742 24847 19650  8338 11121 19053  5712 27896 23265  3993 17364 23197 27701 23317  3985 17263 23656  6409  7220 12860 11662 14434  1411 12024 11861  6135  8813  5106 26981 24273  8078 23174 24341 18522  5376 11841 25601 17117 20754 15668 21073 25006 28661 15989 27610 14833 22753 11862  2015  7082 10839  6123  8516  8124  8762  4588  8785  7748 22154 28884 28631  9438 17507 18938  7247 24116  9793 26759 16855  3523  8924 12131 11115  1085  7011 25118   225 23872 16683  2670  3938 11652 25922 21586 24103  6649 25151 19929  3164 14030 21329 21089 12584 28039   750 19814  8910 24904 18012 15135 19187 21389 22337  8185  2569  9512  4129 21467 14815 24160  2883 16740  6244
  2734 23881 15934  2475  3906 26250  7527  4264 12040  5737  9048  2874 10088 12721     8 11548  9077   899   336 19590 21833 23449 16279  7586 13700 13521  9573  2608 23043 24283 28650 11631  7160 22908   108 21930 22912 16854   670  3651  5380 17459  8029 20645  1906  7607  6029 20514 12414 25722 20590 12115  7375 13826 19685 24385   264 17711 22077 24246  9999 28361  5658  3621  7303 25020 15393 16798 16877  2319 24321 15165  4831 19778 11858 22518 14814 24173 20412  9722 27089 17978  5591 10877 14976  8685 17405  5420 14964  6209 15022  6729 26254  5922 11370 13735 18916  8588 20467 22265  8432 28439 14652 28213 12519 25455 26955 28440 10685 23531 22390 22755 10487  6058 11054 18503 11032 13670  1780  8206  5174 14592 20865 21288 28350  2337  3231 13162 22274 17495  8353 24591  1056 27581 21286 16049  3905 28492 14123  4144 26246 28473 27243 24777  7080 28446  8457 25902  8747 12998 19483  4562 16270 10062  7631 27056 11993  4286  8561 26839 24833 16289  2792 23059  8799  8533 20187  4490 28532 13687
 25613  5495  2693 16264  1155 13459 24969  9225 17755 15096 24176 15410  5603   117  5802 13911   926  9679 12016  7571 24998 10620 24959 23565 28846  6996  6851 14891 21348 11473  4421 28224 22645 24362  4646 14692  2135 15396 21112  3465 20851  5853  7205  7208  2353 21535 17004 27161  9472 25509 24528  3037 27059 24021  2082 21531  7579  1460 26671 19762 25884 11275 11221 17752 19935 21197 23676 21388  1157 12318  5279 11689 16283  9574  6464  9476  3595 17751 25547 21434  6659  6759  6915  8752  4442 20997 18073 11629  9898  9203  6187 13484  1152 19100 20518 19753  3308 13554  4135 17019 27642 15571 18978 20386 14572  7414 16947 14429 15597 12094  6887 15149 15151  4846  8532  4197 17482   847  7855 28383  5551 27338 15621 25424 22311  9835 27008 24327 10951 11721 16599  7119 22541 11549 19932 20586 21314 16315 25708 10502 27916 12660 24569  2031 24651 18297 14751 11012 10603 25697  4120 25180 14508 10128 27385 28384 12109  5312  8935 21945 24610 22117  6497 19619 13572  2704  9503  2788 12942 27936
 11182 16352 28234 27589 26211  8867  5720 23671 28777 20619 18627 21911 22964    47 27427 14785 11761 14023 15505  8509  1346 14874 25537 13566  5512 18394  3369 11601  8250  7564 23507  2150 21844 27462   749 18607   433  6530 22630 28500  5783 19681  5624 10867  3960 26118  7479  8464  8726 16951  2812 14857 11567 14970 23141 28370  1655 13705 12626  8507  8712 13777  3924   219  9582 18957  2172  9615  9665 19990 17291 26083  4876  1970 24840 16308 23426  5797 15987 19123 21275 13035 15728  2712 11819 20133  7563  9250 17312  7752 27023 22974  5141  8321 28730  1048 27496 15591 28674    56 28095 17506 25507  4162 23031 24767 10364  6155  8571 21831  8393  2401 10147 15657 25992 20156 16024 19455 23674 17871  4008 14351 12729  4464 25278  4924  4380 22794 26300 13905  8106 26429 16162   746 19160 19262 17928 17407 21505   717  7191 23087 26157 13135  7857 20171 16045  3194 10895 25003 13659  9798  8267 20041 28898 13244  8200 28662  4505   402 10064 17309 10922 20789 15897 26760 15401 10932 23278  1492
 18461  3557 10390  4929 14883 18267 19470 23450  8504 16611 20114   457 11827 16916  3959  5924 28798   358 21539 24640  2728 24016 17204  3339 27045 13163 19441 10418  1314 11529  1278 12927  1129  7602 16881 19668 10279  3441 14764  6778 22591 15152 14658 12866 13225 25546 26278    51 16819 21007  3053  5284  7592 16871 24477 25778 23675 20592 23853 15994 28729 16508  3230  8054  7829 21002  7251 27078  8879  9767   687  6037 20504 28295 12135 12507 16721 28049 21612  9827  7510 27594 24075 22667 26696 14678 11985  8882 24208  2689 23725 28395 25968 14024   896 18472  9453 17524 21249 17020  9527 19449  8502 20468 16795  8833 17143 18093 17756 21445 20722 21721 11189 25087  4903  2759   359 24668 18255 25150 19837 19786  2698  7422   845  9941 13400 15093  7996 18560  8860  2546 22746  2735  3879  3516 15326 21606 19113  9413 23187 27404 23200   314  2469 16924 15111 28663   436 15534 28310  4769 20516 10182  3736  7773 25638 25496 27555   503 10300  5527  2106 20705 11880 19492 21122 17967 15120 10733
 15520 23052 11571  1855  7858 15914 21796   132 21624  4706 23782 22286 19072 10916 28420 22547  7278 24641 24907 17987 28862 17595  7866 11741 19484  4444 16588 28055  9929 22307 22888  5612 18679 22040 18919 27124 15574 23144 18109 10359 21801 28197 14204 27392  7187 11643 15392 26236 16638 20954   119 26023 23168 21156 21298 21780  1680 15363 15718  9586  7428  4138 22174 19709 20824  3351 11872 18372 28478   594  7608  1182 14999 26684 23836 14185  1093  8893 19309 16933 12886 24100 22531 17391   526 25690 10379 26761  4154  1978  7073  9000  6247  5756  2394 27709 12622   754 20541 22385 16919 13083 27832 25843  4866 21218 12341  7186 24931  8355  1885 15499  6547 18076 21092 25360  5700 23809 15324 20659  7037  4334 15698 10874 24738  4618  4462 22126  3614  2444 21402 15238  6032   106 26587 16796 16514 27651  3648  5961  8378  1615  8542  5622  7576  4185 14900 19212  9986  1640  1844  8737 20105 18052 21351 19561  6081  8945 26369 13535  7288 18575  3421  4676 22027   131  5599 27221 22170  9579
 27689  9206 19848  5896 27182 28435 11344 15768 23797 14694 27031  9902 11051 17027 12582 15300  4229 16411 23508 24633 18046 21340 12374 15908 23780 14625  5373   696  6316 16157 19009 16401 18992 14094 19346 22006   618 15265 19315 23539 15877 12051 18557  5158 12962 17043 18367  8462  3543  5146 19183 17825 24844 13411   584  6415  5517 20812  3907 19257  2007 28107  6259  7040 19238   891 21006  4481 11846 10399 17403 18139 27909 22341 14711 22583 23901 12768 13796  7392 11109   725 11476 24690  4700  6567  7941 28332 15176 22994 15627 11806 26359 19095 22110 17113 26953 20925 26773 20508  2869 13476  7460 12248  8341 19305 20073  3499  6263 18920  5822 16676  3794 11986  1355  8299 16307 21705 26513 16109 17207  5739  2218 19351 25236 15717 22990 18283   973 15368   376 22048 10425 22936 16317  7966 13113  7836 15049 23578 27609 24821 23988  1552 12070 24296  4752 10856  3515 10894  6576 20771 20667  8916   672 21144 25925 15710  3178  8115 22609  3920  3482 25474 16590  1737 20694  2854  3990 24612
  2419  3023 26227  6049 17720  3937  1830  1713 21572  2380 16734  4211  1683 18379  3452 13173  7801 24914  5135 28474 19333 12774 12586  1636 16623 13821 11107 23831 10113 12093  5537 25286  7605 14792  2933  8334  6949  5441 21426 25660  6418 13754 11944 19646 14865  1408  3398  4004 21134 17714 28083 27675 10799 12371 24667 23077  7859  2504 21516  1180 23458  1819  6211 17126 28829 20004  3697  2426 17607 15767  6330   853 10505   153  5076  2764 19051  8499 23792 22229 12010 11397 22260 26424 26705 27127 24728 21928 19641  1234 20028  8904 13928 13548 22342 15172 19577 28759 25201  4921 11271  6361  6156  2636 23963 19688  9721  2107  9394  1989 22023 14022  5933 24857 27286 10554 14688 16911 27622 20384 15131 19873 26500 28817   640 28550  4423 14339 17668 20314   928   143  3767 24195  5302  7490 13870  5070 26897 24996 17545 16206 27525 23950  3730 28005  7890 23624 26206 21620 21713 15113  1618 24992 11719 18996  1139 27579 13231  2392 23170 28289 25353 19004 25730 28583 26307 13293 20606   226
  5185 28602 11464 19078  9890  3842  2534 10828 15082  7254  6338  4957 13039 15145 11528   682 12018 20984 14824 17564  7171 23158  5134 27670 13943 26062 24834 18573  7289  3402 27111 25912 12215 25942 10553 10507  2410  5618 23706  5261 13218 27267  1304 15690 20740 18821 13094  1456  1361  8351  9751  4540  6841 16983  9541 20924 19675   801 14803  1849 17267  6956 27664 25583 26717  3480  9732 10985 28227 18190  5044 13140 11997 23902 17013 12609  5264  4342  4295  2710   126 23096 18108 13668 10737 18058  6726 20338 12177 14742 23514 21181 16428  4238 12593  3754  5358 28041 28678 20938 12380 12252 13356 21356 21755 14116  4062 26567 24934 22743  3333 10622 23505  6027 17719 18684 27960 28291  1572 21813 20285  4301 10115  6521 11126  5928  5182 18136  2182 25919 27614 13530 16122 24552 24562  7963 14140  9390 17150 21203    88 22921  8602 23327  2046  4847 18393 26985  4024 21732 20718 25112 25566 27736 11293 27857  8697  8369 26737 15622  6638 28542 19992  6687  9875 21644 22408 12430  8987 27807
  4867 20047 28873  7294 25383  8921  5249 17903 13746 14638 27788  8091   561  7179 25535  7291 18059 18433  3660 26182  9761  9294  4143 28094 13559 19678  5288 23747 26708 23527  6066  4005  4221 24699 25473 13020 14388  1998 13867 26686  1286  3282 25379  9614 27172 21496  7066 24302 13590  9041  2535 21720   156 23275 13538 27657 26976 25862 27602   439 17372 25550 19367 22847 26033 12003 23672  9717 22149 21025  6510 25617  3994 19304  5404  1708 15803 16129  5039 26900  7756 14224  5103  7017 16164 24686 10091  5686 21625 10689 14085 22387 17991  5854 16057 20912 11766 27225 19710 24877 17869 21185 10634 15069  1322 17093 21728  9167  4602 27247  9244  6592  5979 26880 20337 16840 19558 17650 11503 12439  1271  9937 25171  5422 12339 19225 24785 19731 22441 26353  4206  1190 28735  5334 23422 10194 23006 26354   221 21201 21583 13789 11078 20517 12999  7842 10274    80  3131 12288 14260 13322  8177 13266 11768 22205 25599  1161  7682 13283 27051  8953  7219  3680  1536  5195  5407  7500  5795  6511
 28317 23649 19129 10230 18184 27780 20372 25475 24139  6684 13451 16686 21306 12757 25856 12654 19789 19393 16091 24976 22567 17498 20025  1667 15900  3988 17505  5299   216  8435  8122 11749 27452 26781  1127 27795  1547 25568  4368 16801 10277 28683 24864 11270  8454  1727 15778   782  7136  2796 25025  5770 23525 12770  6072 26939 20769 23340 27484 20390 18370 16507 26669  2505  7433   762 12716  5945 21212  7264 13685  5888 18505 17662  2239 10647 25911  2556 26762  9367 19994 10404 13376 15377 17282 22010 19213  5669 26202 23034 16732 27493 28243 17511 16112 28206 28080 22626  5827  6396 15575 18348 16001 13062   534  7898 24530 15481 19460  3662 26818  3489   455 17381  3958  7930  9633  3033  5586  5923   641  7760  9091 28448  5393 13912 10112 19949  9683  6669 12679  2744  8736  4816 16991 18540   690 18552 25044 12389 24889  2241 23156 23029  5064 10560 13067  1047  1856 17473 12090 16067  8237 15271 23909 22343 12056 27430 15961  3637  7982 10374 14973  1143  8192 17295 17500 16773 28733 25070
 25146 21639  3196  1604 25977  7101  3128 19180 10108 10391  3510 11779 14514 12356  3042  7774 20906 25409  6411 18290 18986 22100 22688  5488 11384 23451 26430  8404 23854   815 19600 21090 24782  4425  1801 11892 27620 16031   776 18324 21946 20563  6550 16849 27044 15031 18122 19612  1370 24634  8313 17833 17453 13012 25828 17561 21709  5109  1094  5214 16587 25543  6371 23310  4889 22552  5882 15190 18782  3237  1720  4363 24145  9765  4715 23832 22991 17396 19103 27465  6326 12417 13835 13515 14566 24874 16823 23700 23931 10804 10987 12270 18084 10909 26912  7843  6287 20496 13790  6226 10092 27618 27781   622 10629 26514 15461 25815 19538 10928 25024  9570 15092 18708 18151 27606  5636  7143 16409  5130 18911  1960  9502  7691  9595 26464  2871 12449  7736 13618  7962  9718  7189 16039 23429 13847  1992 21463 24215  1173 10704 10237 22523  2768 10368 19169 17709 17330  6787  8564  9376  9101 21183 15230 22398 25354 24818 22608  3475  9016  5529 19048 13477 10106 12118 23030 24184 17520  9366 13516
 13634  8932 18138 17797 12096  8875 14186 23394 15683  3575  3338  1730 15175 12136 13916 15965 17329 23772 13192 17083  3110 12027 20212  3460 19734 23681  8989 20268  8146  6010 21020 17119 11554  7511 25293 16238 28771 24855   796 22178 17663 18440  4216 13280  4735   432 22604 23978 15005  4521  7243 12896  6867 18874  9997 27001  4026  2925 18183   104  4443 17087 21488  6697  7541 16646 13738 20488 22606 18886 18208   401 27549 17350 24400 18274 27039 12387 11497 12808 13154 15277 28605 21419  1447 22988 19620 11422 19525 18810  6962 23108 19426 16195 12577 19939   292  6523 21865 24022  3592  7133 24502  9268  3620 14712 27105 11077  3889 16478  1769   270  2141 16571 13378 19500   786  6958  9787 27904 15752 16435 22354  6571   739 28876 25969 10501 16853 26727 13547 17905 17225 13954 23476 14376 18465 11847 16399 22115  8428  4781 27874 27042  8982 18925  3120 28849  2119 22144 18839 13183 18492 11814 14918 18487 15673 14173 24506   718 22889  9958 26853 23811 14922  7087 27103  2747  6331  4674
  8032  9731 25410   963 16208 13853 17706 18232 12784  2275  9826  8383  6640 24895 27932  4848 19834 20246 21717 16533  5083 25739   736 25252 22669  8956  4467  2887 10348 14032  9374  3098 17896 26345  9191  3647 21560  4210 25796 18036 19616 16145 16842 12337 27768  5491 17393  3434 11098 19331  7654 27413   362  8538  7342 12154 23411 12557 24408  5205  3586 25966 26585  3538 15615 20641  7794 19615 15873 27779 23148 19275 13461 20422  9677   202  6667 15164  7817 13085  6908 24276 23254  9212 21365  3204 11596 23946 26651 18299 21296 24328 22649 11199 28048 14612 23715 11076 27544 18569  5956  6455 27754 20889 23995 26272 24224  4061 25589 22254 19901 25544 15162  6269 23316 12971 23295 15028 13456 17538  2760 27729 28274 11040  2772  5365  2232  3439 28774 23004 28444 17845  3251 21322 10930 17304  2973 19533  1378  2573 16077  7973  8562  2246 20203  5181  1256 15429  6391 27793 16297  1474 10739  4857 13669 13180  7942   382 11388  7999 26710 22222  5269 21216 16837 18674   733 25988  5219  2282
  5806 11521 25813 19989  4277 21401 24772  4458 17203 11467  1900  1594 27976 27230  9470 20460  9498 26217  5988 10056 17546   834 10920  6602 18724 16376   307 28144  7994 21857 20653  2560  8480  8964 21730 28501 15062 24307 24811  6538 14133 22757 18369  1478  9635 27972 17726 19071 22556 10153 21991 17624 15181  1698  9030  2699   222 14775  3973  5626 15034  6487  3126  1451 11685  4640  9277 25163 14426  5740 26542 28088 16147 11913  4744 11845 25084  7610 14446   852 22714 10448  8724  7879 25575 20173 23607     7 22281 27478  9235 28810  1422 11042 28363  1592 13630 24293 21703 22502  5336 11834 14528 24099 11266  3107 16975 25093 18275 23260 24896 22363 20474 15566 13717 23402 26357  9360 12088 24479  2522  9459 12195 21681 13804 26952  8545 23654 10670 17914 27411 17949 18415 10506 19244  4933 15758 19368  7481  5381  7024  2570 13021 25052  8175 11289 16449 20423  5674 21347 17899 24464 16476  6912 17686  4571  6064  5191 28688  3882  6879 10843 13929 19517  6219 26749 10116 11605 21066 16035
 10833 13593  3796 28850 12595 23297  2174 22830 22665  4385 25284 28557 12931  4399  9149 17762 18053 17610 24182   211 18899 27377  1652 11101 13902  1829  2238  7569  1658  3816  8703 25950 17540  2148 14081 14977  4232  6606 19134 14838  1749  4655   872  6696 16906 14049 26034  5167  5519  9190 14397 16494 15025 19839 17653  9697 22448  8489 16358 26573   174 17111 27817  6598 14506  6826 25205 15408  5546 19638  6096 21987 22278 27041 27908 24081  3318 24590 15925 22403  4696 25909  8298 24284 10185  5483   481  1977   182 13599 13561  5999 15813  8381 17960 14477 24949 10427 16102 11602 15848  6564 21845  9940 16445 21152  7594 21404 11236 23229 23794  9329 19302 19907 16108 20310 20406  1404  9127 28124 25259 27504 25504 10445 28504  2298  5172 25851 19581 20340 23886 17257  8997 10600 19667 11496   418 28776 25783 21502 12625  9271 24947 11243  3531 27449 23957  8188  5605 17649 17503  2343  2810 22139 11167  7337  6235 27064 26492 23092  2521 24571  5643 15844 24778 16754 17730  8733 12159  7260
  3334  4779  5752  6270  3203 27066 22472 27280 24040 11016 26646  2781 20536  1530   124  7261 21479  8585 15563  4272  7886  1483 28069 25347 14603 22184 17934 12633 28052 28019 16280  7394 19880 16583  2650 17311  7270  5536  9866 23105 23933  6923 25673 26148  3895 11875 21444  8670 13830 17356 28764 24206 27521 18753 12334  1351  6286 16857 16861  1937  5377  1677 19440 15980 16628 10469 28761  8820 18148 18676  3015 23817 22806  8286 13436 15835  2519 23856 21178 24691  8942 20731 15729 18832  9876 16596  4341  5630  5311 20117  2955 19206  5479 28443 25692 14155 28367 21048 16012  1290 10929 13480 24706  4569  2773 12331  8584 13761  1944 12771 23538 28101 11633 12529 19261  8690 14699 26487 26529  6189 14047 25646 21741 24174  5481 24358  8723  6203 14417  7830 27792  4597  9043 23210  4093 15387  1967 18231 13556  1260  5355 18730 19021 22296 18066 18529 13550 25802 11686 18564 17484 26050 15186  1148 23296  4755 21918  8079   267  8539 22724 14594 16664 16592 24647  6044 24744   894  7583  5660
  4758 14776 26548    25  4075  3133 28816  5486 17581 17829 16878 26144 24303 28184 10792  9985  6160  3950  1564  5202 20303 24163 15414 21103 21545 22053 27325 23253  2258  5800 12611 15195 10873 18698 17432 21814 27261 10081 27534 23882 17284 24148 26870  1405  6750 23616 16389 11088 21225   207 23719  8717 24381  3521 28115  3693 20951  6229 26936 17723 14459  1017  3471  3594 24268 16968 22498 10523 12386 11312 19349 14541 15905  7112  3406 13468  4843  4141 25288  3986 18904  9309 18783  4230  7578 27074  1199 28391  9991 15601 26664 11865 21859 21148 22059 25227 28659 28812 11113 19267 12130  8276 21168  3519  8758 18008  2605  1810  3100 22422  9276 14427 21884  1916 18337 10304 10052   107 26431 13591 17314  1995 22632  5116 24155 22818 23486 14318  8274 21282  9490  7163  8217  3175 19144  5733 16962 12408 26611 11247 27014 25355   197 27756 23917 16232 14384 13334 20716 19442  9248  3674   601  6635 23049  6376 27181  9118  5274 19258  2424  9746 10642 24720 10295 19407  2549 21452  7241 11665
  7114 19384 26281  9888  7673 27460 11446 10442  6799 25033 12775  8719 13602 15976  3780 21788 13883  6513 20492  2610  2037 26067 17464  2194 23572  6073   158 17238 27337  2391 17587 18667  6889  1927  7914 10035 21601 25901 21464 14627  2643 15521 23904  3035  1585 15203 10187 13605 27654 18515 26269  1702 16696  3495 22579  2211 23149 19161 19846 23632  9951 15776 27906 24925 26600  1850  4499   459 15639 22839 18842  1522  7175  2529  2733 19325 11725 24203 20333   645 11965 24897 10221 26113 21263  1755 28286  9740 10007   487 12838 16866 16204  1958  5133 25837 16660 20608 28150 18141  7667 23282 25765 11001 22841 15478 25142  3667 24165  8479   578 20014 18421 22525 17757  6236  7468 24943  2970  1961 27291 26571  8335 14151 10967  6796 26394 25382 17605  2703 21629 23397 23844 25649 15155 27574 28079 28581  8357 18404  3747 26351 17197 20577  6897  4192   747  1481 25334 11207 12184   428 20483  1836  7370 16909  7023 12299 28652  1309 24274  8352 20205  1746 10228 21526 17107 10416 12983 26303
   807 22984 19574 17077 19813  3655 14588  9667  4685  3401 24743 16488  7465 24136  6833  5440 28854 26457 19139 17609 13426  5787 18104 22721  6552    81 18439 25386 23536  9662 27079  4680  2956 10422 11852 12482 16316  1168 21688 16735 22169 26835 11169  7534  8195 14056 26027 27108 26472 10789 10730 21182 22691    11 14378 10076 15866 25210  4000 19204 13261 15274 22860  3838  8992 14535 17766 27236  1008  3724 26641 18747  4396  4283  3940 12926 13506 25846   764 20234 28721 18543 14250 10256  6194 12280 12678  4183 28298  4990 22060 16792 25244  4339  5562 25089  9256 24645 26432 20758 19883  2250 20327  5008 19451  7489  3684 14052  9444 19898 11463  4743  8271    76  8835  4970  1638 15246  3050 17075  2775 21139  1158 27300  6776 16706 28834  2143 25449  7199  7893 23898 21030 19217  1986 18598  6745 24324 26655   916 18408 17332 18147 22431 17633 13890 27097  3629 27766 20562  1763 25065 16711  7523 10747 16810 11540 28373 14325 17430 20195 25548 12103 21830  4983 26741 14595 22635  1078 15565
 18368 18103 27347  2940 19105 23977  5607 12314 11677 19249  2593 10033  5719 14772  2286 27432 18956 12752  2483 16010 23518 20670 18235  3430 10885 23192 22598  7802 25173 28160  3424 13562  6380  3342   761 14759 19120  2722  4619 27866 19519 10376 27313  8970  7137 27957  1714  8048 17862 28880 24278 16954  9481 17323  4038 27985  9400 22597 13333 25273 25193  2307 25835  3894 23768 17781 24856 19352  6627 20737  1349  9680  4335 21051  2609 25985 12666 26044 16731  2803 25859 13298 18875  2746 28644   689  6989  3428   707 18578  4403  3900  1109 10335 15790 17532  1794 17279 19423 10199  9258  8536  2266 10625 26919  6297 12296 18830 21484 14143 26794 23796  3074  7685 12761 12246 27722  4775 15276  5125 23274 19841 11050  4416  7317  6159 23471  8102 27905  6688  3365   407 20459 11090 22553 23652 10476 23798 17802 25794  8874 26395  4426 13168 13606 13234 28525 14172  6301  5508 17033 24030  3897 21825 14620 28718 27264  2808 12048 18751 17632  9341 25721 17277 11582 18636 18485 22995 20301 26326
  2415   976  5293 23545 27472  7057 11630  5930 20700 20396 15287 17247 20708  6666 17828 24927  9230 17387  2123  6191 20648 17596  3268 18660  2540  9262 27617  6560  7060  9494 16714 18594 22527 25937  9961 26184  4454  6791  1133  1452 27295  7900 13075 16913 16990  6808  7215 18041 27408  6537 15336 27988  3638  6134  7006 27310 28897  6045 27101  9054   186 10857  4650 20151  4832  6348 12827 21530 13276  2731 26240 20895  9611 18930 15864 21986 28836 25436 16230  5408   721 16231  9663 26258   237 22108 12415 14373 20135  8543   597 12261 15871 13241 19227 10099 19170 13311  7198  9103 25878 26421   937 15532 12460  7158 20999  4273 19411 10746 25628 28467  3659  4513 17280 18703 15951 16815 23493  9713 24397 20260 17774 26718 17988 17003  4880  2544 28628 12862 16948 13616  9090 10162  3041  1350 28537 20743 11458  8657 25184  5245 19237 25480 21206 22035 21518 16037 16074 18296 20960 10775 27012 11960 13842 10812 16469 13217 25411   417  6325 15415  6807  9610 26615 16191  1005 14314 25855 24831
  6944 11280 12364 11929 15156 11754 25679 24888 15561  2144 22046 15114 26518 27223 17094 11654  6481 12668 25539  9526 20145  9023 21806  7961 13609 27238  2692  9671  3598 25080  1942 15441 27401 17420  1554  6516 20932 17272  7423 23733 15044 21935 25792 25269 26766  1835 28805 24220 12565  9540  2864 27835 12974 15795 15109 10842  9196   313  7438 23069 17380 16167  2839 15167  2091 12872 17790  4610 22590  6268 24553 14074  9484 25116 24742  6849  8777 28151 10398 12005  2207 13831  1285 15676  6794  9712 10528 18854  1827 17200 20597 25674 26486 22372 18959 16457 24086 14438 12822  6663  2236  3844 26337  8579 17780 15112 27492 11909  4783 27272 27072 19298  6695 25723 16249 28548  3498 21594 14273 24559 14816 24500  8040 27529  4043  9554 16187 18722 20191  2261 14492 23101 24120 14329  2537 19070  9704  5368 15178  3448  5184 12451  9305  2675 24511 18038 16939 16427 23199  8024 18032 14400  8493  7265 14468 15445 11772 19583  8317  2377 12540  4365  2081  1973 11887 26744  7815 24337 12935  7344
 24197 20661 26384  8086  6472  8130 13732 25042  7620 14705 23198 22655 18733  8501 20497 21751 19652 22298  6181 16957 18092 18928  9219  4819 19300 19064 18681 23683  4059 20484 21497 23413  1577  1800 15617   498 11551 21255  5936 18858  3981  3145 14366 11700 22887 23887 10268  5359 26875  4695 23920 19962  4820 27868 26093  1390  2553 14148 10655 25348 26146  8113  6861 11657 14174 12193 13424 17198 12977 18624 16347 11753 12432 16331 10936 25585 19322  5056 23126  8884  7781 10872 10781 22228 21085  8631 19480  7030 21082 16841 23378  3791  2707  1202 21666 25829 26863 12785 10246  3492 15974 19783   348 10352  3307  5851 12377  1870 20288  7453 16824  1526 18371 27120  7977 28775  3201 13814 20963 14375 13989  9188 24712 13288 16550 19369  2852 13431 24866 22826 17631 21233 17008 15472 10705  2752  4672 18127 24576 10104 19876  4795  5857 27929  1881  1847  1467  8440 22737 19288 24902 14102  1251  1889  2633 11973  3297 27863 14072 20657  9643 21803 10663 27750 28870 20346  4635 27776 27641 20190
 12754   476 26537 24920 13360  4114  1057 24650 12100 24118 12043 25889 15887 15074 18737  2907  4479  9096 23630  6276 12665 28687 12575  2484 13452 25191  7387 17035 22008  6735 19507 22405 17858  8834 14212 12171 12854  5328  3403 10320  4127 14890 16429 21638 28665 18613 13855  9689  4181 13441 19008  2048 28099 14215  9187 21988  4510 10012 17954  9033  3623 15766 18298   643 14061 14661 24750  8645  1851  8662 26336 22670 23228   475  5391 21114 25532 19287 24251 17665 28573  2896 16500 24415  1805  4195 15929 13793   431 16489 21129  1842 15316 23374 13795 11962 11097 14892  1525 10253  4076 12636 15449 16870 24700 25980 14758 18006 20152 19564 27112 21971 21557 16637 18965 14778  2536 11368 27652 23633  1218 27278  6761   714 28433 26769 10451 24705 27591  7641 25718 13904   381  9032 11930  6938 25102 24221  2875 24124 19210    43 24893 13450 23653 22695  2131  7897  6462 17577  1204 20958 23548 26750 12081  4665 11743 14653 16404  4979  7014 12029 26774 26130  4545  9078 27587   804  6175 15350
 25787 25577 26257  6959 27345 11928  3534  8971 10666 13178 22247 13563 11919 15854 17961 20994 19859  4667 26121 26476 22157  8372  2861 25651 17449 28526 21882 20738 12576 14027 21655 23702 10676 22142  9289  8944 11927 18443  6442 25838 11122 25002 10940 26030 16384 26604 10541 12813  8563 11429 20437 19866 25268  4802 18805  4839   952 23591  4526 17249  4863  9226 12217 13347 21957 19635 22379  2527 13064  6596 19738 13660  1770  6747 14360 25131 19793 20955 15166 12699  9738  6127  6749 13978  4630 11818   729 18585 27571  3022 27944 14894 26790 28092 11943 13938 20617 24104 23256  6821  6680  4375 10668 27227  1871 27568  2317 20389 18123   839  4119  3484 11461  8978  2971 20462 20049  7322 26642  8368  8743  4593 25028 12419 18530 13207   299 17499 10970  9850 17552 11403 13290  4556 23840 28853 14412 24533  8076 24234  7775 26771 28434 12143  3405 24059  3451 11746  2912 19332 14931 21724  5430 22530  8490 11817  2050 19013  3469 20461  1293 28195  6569  7417 15863 23542  2476  7301  5444 12643
 28763 11775 25666  4845  2329 15547  1042 27450 11428 21890   627  1494 22648 17466  1225 16744  9099  5309 19474 10198 15294  4658   488 17807 17322 16078 22917 12805 24663  6220 15587 22095  6717  1945 26747  7211  5959  4731 12516 19801    62  5456 15861 20742 12496 25681  4684 11557 24631 21658 10777 13123 16322  2761  6474 27925 25863  1718  8284 26838  6952  7202 22012 27935 26956 13197 18402 14583 16770 18097 11400 18881 24046  7404 19882 25454 24119 22781 20012 10080 24817 19865 19516 13617 27927  5772 20113  5788 18161 26630 28739  1475 12738 19610 24872 25038  1328 17114 19948 23233  4508 15816 14488  8672  7708  4001 11139 28436 19065  8169  8801  7957 10766 18483 25114 26951  2304  3066 13190  9343  3572 25591 14908 18320  9293 12843 13321  4228  5579  8450   259 13964 15306  4689 18831 28285 16756  7950 16200  7913  9896 10602 13753 17184 17056 15913 25686 11162  7285 18587 15403 26249 15141 17242  4837  4810 17749 14762 22434 22214 27656 17022 12155   866 22999  9686  7883 15685 16433 12041
 25545 13417 23322 16253  4414 15077 10047 23008 14732  5702 19744 26917 11379  9312 11620 22437  1294  1269 18644  9385 15799 16903  5721 24329 25406 14189 24509  5035 16627 26918   293   532 23816 22605  6107 20344 27695  6557  5871 10262 19810 10388  5504 23262 24270 14197 28671 15936 28259 19721 28398  5588 10489  6119  1058 12108  7016 10171 21999  7124 10139  5301 12078 25773 22799 11187 12737  4289  3525 18943 28320  9486 21513 27884  2932 10426  1426 15619  3413 10770 13994 10331 12682  9963  7321  9589 15576 21761  2580  3588  3600 18862 17296  3947 26469 28276   390 15612 18511 12980 15219 14407 21446 21318  3422  5758  4028 14168  4661  6686 24853  5819 16212 24082 24801  5522  6755 16310   111  7214 25687 14058 22344 18665 22496 27138  3059 13006 17698 18145  9227 26765  6678 26987 12607  6506   539 25860 22119  5566  9891  8525 22902  8213 10282  2387  9873  5242 23430  8556 27693 25010 21451 26703 25615 25890 18985 25927  8494 17943 14966 21297 25251  7416 23969    85 14310 21854 16148 15323
 10363  4227  4073 13110 11923  6128  6846  1987  1334 12492 28339  6834 18502  9355  4555 15004  1811 17331 27020 28390 10401 22968 18000  1079  2533 22167 23354 26342 27486 23530  9843 12749  8063  2162 15910 11337 20784  1015 20915  8037 11747 15824 15061 17201  9019 12123 15212 18588 17550 25143 23915 24939 10317 13560   633  1877 12751 28563 22243 22508 20351  1427  1884 14324 24570  6162 23109  5201 16223 28633  5830 15085 26199 17674 19140 15002  8497 21567 18602 26616 21166 27937 18682 27374 13341  3873   867 28297 10973 16564 22199  7928 11646 12395 13323  1545  7776 27503 20355  6633 20732   399  8022 10899 14925 13970 15191 24531 20382 19044 20400  7559   193 24652 10568 15196 20568  1845 14940  7625 22235 24543 27381 14229 20493  8649  6423 15773 19278 15679 17180  3228 21272  6625 10066  8275  3425 19960 26609  9542 28655 13364 24564 15969 27772  7587 23024 17504  7508 18550  1237  5967 25221 21607  6855  3028 18444  8709   723 14338  4541  4797 22602 10424 17947  8940 16762 15183 10888 27823
 14623 16531   932 15079 17642 20419  6304  6097  3617   833 20169  9857 12365 23640 28528 16554 21210  3803 20005  4878 22299 26279 12571  5926 15081  9402  9516 15821 24555 18704 27217  9685 15384 18590 14826 13284   904  3996  7252  1040 21058  5276  6541  7734 14906  8031 28564 23713  3751 12272  1924 17116 27997 21611 15319  4915 16537 24617 26649 14121 17932  1496  5555 12818 25481 23613 15811  2814 10690  7878 27659 19119  6503 19303 12119 28887 18374  8837  4224  8009 15590  6588  6024 21843  9742  5122 10566 26873  2551 27871  4729 26688  7305 22183 16237  6431   464 18896  3371 20144 20698 28717 16377  1135  6840  9354  6526 27940 23571 24190 13338 28335 21291  5691  1327 25853 25671 17435 24247  2189  8070 19580 14350  6083 27100  4011 22271 13657 13757 12201 25459 25316 15839 19478 15943 10891  9969  8148  6463  7919  5251 18870 22065 25397 14609  2923 19701 28036  3420  1704 20217 13502 14494  7960 22033 27157  9559 11176 26377 10524  2825 28009  9543 28795 23384 14382 13844  3740 13901 21547
 23351  3103  5118 18029  6631  4535 18277 19094 21654  4629   144 18192 18887 16893 28889  5843  5965 20727 25647  6603  3804  5000 11070 28702  3174  2944 23880 24469  5300  6827   527 19595  6601 16778 20752 20196 15373 14043 25491 25375 23408 22647  8913  8656 10884 28010 11258  1622 14584   283 12809   377  1928 27816 19294 18497  3635 27783   855 18269 21917 18572 15144 28649 26203 13503 24152 13959 14165  4686 28054 16940 20475 21589 28487  4919  9480 26748 19509  7763 27271 19957 19625 10223  7638 21800  3968 15726 22038 14631 15035 15055  6256  4664 26041  7363 27420 26530 23221 27531 11056  3532 26276 20131  6595 23589   889 25907 23251 13510  8339 10785 10330 21151  2668 16463  9637 18239 17767 21046 10834 15244  8178  6460  6984 23226 18173 16785 23227 10556  4728 19759  4364  7535  4612 14813 13066 17769  2727 19431 11802 24133  1367  7876 15810 28272 11946 23152  9408  7408 10764 28883  2433 27928  8220  5903  3560  2771 11232 12850  2994  2917 19737 13665 15427 20531 22452 12028 12378 18559
 13824 23437  9479  2868  8864 12388  8622 19081 26004 24835 10414  4050 12242  7617 22838 24607 14136 27837 19540 14092 25046 22028 13157  9744 25893    34 21459 17796  4010 10251 28651  8204  1854 12986 27495 20501 11173 12234 12787 28556 10715  6121  6315  3725 16259 24232 14719 27897 19264  9560   150 18466  2085 28802 16455  2611 11447  2798 23350  6495 23065 27691  1630  8245 13799 10767 26456 15631 24473  4692  9439 11237  5681 21561 17635  2930 19719 25852 20104 12848 10581 15715 28260 15902 27619  1325  5597 28748  5997 12033 14949 11138 25602 23249 20557 23131 18392 20398 24068  8399  9957  3168   188  4351  4977 18365 10761 18262 20856 14713  2219 19556   964 15308 25964  2326 28731  1433 17582  6118  3505  4158  6762 18909  2592 16080 24851 11292  2664 23161 26117  9672  1317  4371 11972 26590 20125 26288 22195 14435  1962  4039 24560 17701  5680 14904 13388 13613  3462 10084 19549  8832  4691  8857 20215 22347 27913 26872  2206 19791 17622 28192 16736 10969 20006 12763 18418 11382  4620 25141
 17325 12202  4035 24905  2351 26347 13343  5813 11676 27087  1134  4909 27305 26505 10121  4086 27228  8503 17190 13864  9232 10093  8727 16056 28103 13175  6980 21068  7419  4012  8411 26856 24421  3193 14322 10522 27681 19628  1440  9864 15843  9411 10189  4448 16864  4844  1880 22402 17442 18206 27986 27242 22658  1990 23112 14644 28520  3087  3916 21305 19634 28499 23709 14530 27676  6534 21847 10122 19849 25075 28660 17855 19138  2294 14909 17641 23976  1896 23959 19745 15541 16625 15020 10815  3813 14379  9696 24665  7910 19806  8227 23665  8590 19383  1782 14209 23240 20687 21889 18638 16699 13355 18931   268 16088 19241 18406 10078 15370  7256 12226  2203 13683  9435  6756 20660  2739  4763  4785 12683 25883  9497  1379  8626  9676 14231  8050  8925  4860 19088 18654  5906  7947 13051 21689 17157 19362 10212  1643 28326  4818 21799  8168 17972 26280 22616 21569 23691 21462 22646 18027 18478  1255 16729 20827 11623   992 21247 12022  2408  3264 17095 23145   611 14846 11326 24534 12946 23900 11253
  3511 12707  9287 19387 27163 21839  1935 24322  9353 22451  2323 24718 10141 11092  5283 22465 21696  8877  7031  2581 20072   198  7450 14340 24062   327 23698  6223 27212 17512   142 19494 22499 24425 28860 28429 26576 10375  4156  6992 27987  7838 24883  9884  3497  2332 21563  9645 14550 26293 19035 13539  3000 21221  6428 14252  6975 27451 24428  8983 15327  2637  3768  9247 14862 27211 11404 18017 11976  8853 11954 21842 12642  2629   882 22580 24345 25463 13404  4429  4711 17073    29 20052  5790 22207  9524  2117 20236 14346 21149 20991   180 22269 26622 22564  7025 27296 19780 12720 25640 21189 18784  2100 12278   452 28174  4130  7504 12247  7400 13429  8215 22450  3606 28624  2260   542 28608 25825  5055 20902 10474 23707 28470  7154 11621 23285 12249  5786 10235 16750 27281  4172 24600  2988  9131  1059 21478 18824 21482 13836 14994  9089  1653 22106  7150 25492 24659  8521  7967  6737  3370 18807  8692 21177 21995 12587 23403 22611 13059 21632  8890 27798 14768  8458 20486 27799  5761 17787
 20564 26884  3639 25714 26251 27010 22418     3 23851 28098  1561 11347 24505  9238 10939 13256 19108  1445  5860  6152 21562 25115  3487  2628 14578 11369 11251  2824 19289 13952  5776  9988  5874 24422  9598 23803 14484  9200 12311  8038 18845 11455 18417 10130 15018 21774 15279 10889  4520 11174 18843 15638 13656  3109 13167 17458  9412 17525 14083  5617  1019 27861  5875 15646  7249 26499 20481  4390  4400 13084 16641 19458  5839 26229 15577 22348 20765 22504 14863 23805 20141 25736 27122 11988 11914 13305 22573  5218  8234  2659 18584 17735 14539 22353 16152 25754 18284 20067 13053 25357  9753 17273  8166  6154 13691 13998  5026 18913  1521 21056 12002 11609  4131 21125 16234  6725 23372 14159 10640 18951 21400 25788 27848 19715  1609  1203   892 26139  2315 20610 15261 21406 11968 22949 17742  8159   726  5833 25391  7206 27996 13430 25588  4947  4173 18065 20558 26687  3603 27289 27052 19256  4988  7548  9192 22809 26160 27561 27235 13393   730 16085  8855  3691  2514 17718  5523  3913 16369  6296
 22824 14651 14016 24257  1292 10853  7644 24135 28865 27357 10661 12301 22111  9141  5550 24038  1988  8226   286  6479 21128 24097  8361 11353  5524  2941 15804  5764 13834  3612 27894 10860 17151 20045 21523 24457  8678  9441  8790 23388 28515 10686 12454  7688 21863 16050 19976  9119  8020 26031  1081  9474 12717 19429 28784 25606 24076  8759 24921 24512 18803 12846 12448 26089 17982  3607  3006 17123  3096 20923 16345 11613  3811 12478  9791 20023  2914 25068  9295   570 25004  6283 26313  7068 18313  6382 19115 14860 13142 13278 13850 23390 23129 19121  4161 14808 24594 10278  3138 20007 11019  7655 21815  1368 16931  9216  8362  4199   502 26310 12985  6151 20453 27398  4534 11398 27660 18381  1817 26477 20685 22186 26829 12332 13201  7469 10303  7701 23737 10968  7390 15754 16458 17214  3352    65 19196  3729 27643 25842 16093 10356 10036 23510 23785 26014 14543  4088  7166  6859  5455 14127  3354 12282  8017  8309 24567 20274 14080 25434 14050 20307 22768 21460 25225  8107 13917  3643 15562 21366
 25322  7463  4323 18756 21585 15796 22752 12488 11921 24819  6478 15598   859  7744 12076 23115  6580 19503  1508 26807 27875 27560  2542 16944 19631 27287  1923  7307 25073 14015 15711 21760  5099  4946  3076 14004 21835  4757  9217 13472  6771 27869 12232 10176  9771 16850  8595 22725 19255 28720 12719 16832  2601 11217 11598  2729 24188  8173 17333 19807 11717 20602 13346 26506   849  9222 12240 22927 12991 19769 11679 20317 11094 28175 23407 16186 18631 28483  3544 18923 17139  4176 23127   485 24797 19077 22678  7223 16034 10570 25996  6751  9155  4021 14647 14946 10417 19373 23753 20828 26531 22712 25178 13501 22563   769 25731 10648 27306 15017 26087  2793 27849 26482   745 11147 18791  6683 13492  6674 20129  1142 21877 16296 12268  2212   744 11651 18940  4279  5040  3400 22276  9539 12160  7120 27961 24156 27258 22539 27443 10148 19954 16244 10131  1235  1852 27177 18509 16370 22965  2355  8197 28170 15623 22641  6748 24414 17863  2541  9983  1954  6375  2997  1242  3320 18435  2399  1831 20294
 26570   474  2139 26645 19902  5203 10205 25138 26312 28685 15665 17888  9178  4749 24280   364 27076 16782  8126  7242  4714 25669 22237 28749  5259 22097  9532  1775 27941 18416 18221 19101 26244  6133 12165 14399 11164  9163  6657 19557 21656 19945 27389 18177 15057 15310  5092 16752 12936 11904  7424  5147  9658  1401  2199 14041  2851 25439  3075 23406  1624 19756 14895  1806  7772  6002 18618 11482 16367  6727 24572 11313  1089  5421 26028  5987 11348  3756 14518 16171 14794 18193 12612 15516 20404 11434 15554   246 26463  5908 27825  7629  9599 26959  9477 23896 25023  6310 20050 19707 23828 10134 21418  4391 24256  7346 10883  7181 15745 23738  9513 25177 20065 24433 13531 15695 19327 26120 14884 19588  9822 26072 16210  1605 10249  7300 10472 24310 18980 19471 11465 22876 26423 17205  9934  4105 28584 17904  6531 13009 27455 24734  2099  6023  9708  5982  9948 13232 15108 17598  3795  9859  1100  5560 23473 13296 28292 20804 21714 17683  7484 19093  9786 14428 23313  3840 14051 13537  3376 16908
 18170 20893 28847  3217 10562 20797 25881 19518   118 16207  1861  6682 26416 15170 26555  8598 16811 21898 17335 13709  7676 18778 12649  9147 20575  3984    83  9906 13623 17815   823 27273 15544  7995  5632 18815  8446  8849   585 24886 25206 10719 15221 28303  9634 14499 26411  8281 12214   598 15364  8021 18256 25586 26970 12608  2679 16155 10280 11161 22828  4170 11108 18119  5346 16872 24240 10206 12981 14393  9619 15883 28460 11697 22411   101  2949 10029 25531 28587 25241 19622 11811 20226  5757 19661  4406  9257 28122 16923  8481    71   678 27453 12370 22848   535 14141 19341  3699 14807  6499   731  1149 12824  4943  4214  5183 25200   699 16400 23574 25693 21888 26094 25724  6465 20177 17220 21781 11678 23453 13823 12591 17132  7168 26098 13398 24416 23111 23552 22421    42  2145 21420  7573 28445 21617 24217  6201 11714  7678  1760 14503  6017 14723 22221 14046  9980 18734  1383 17970 10267  8018 10515 19988  7122 25443 19034 22929 14641  7519 28567  2149  9050 27583 28645 15201 23939  6812
 26685 24683 23135 23983 26162 27073  6080 26452  3917 25984 13295  9448 16804 10896 14920 15628 28778  4410 14176 12902 23606  9108 15641 26614  3176  9860  3946 12410 19570 15901 26510  1617 14190 18518 21238 16843  8616 23928  6493  7922  3226  6322  5821  7099 12581 23997 14465 24008 24036 13653 17402 14880 26621  1764  4997 21633 19657 21342  5389 26726 13058  8674 11786  6874  3357 13275 12366 25861 28611 22153  6639  3969 28705  9642 28838  4892  8754 12461  1629 25387 28801  6165 25368 21767  6395 12411 25894 14107  8414 21219 15952 26982 24868   479 16890  1366  1449 19254  6414   504  7407 17082 23838 17604 28222  9051  1891  4091  3919 26180 15806 14319 23019 25363 27040 21284 11383  3223 17666 28348 23414 12438  3713 23992  6082 18213 24584  9489 23826  6217 10027  2491  1517 15827  3214 11301  4986  6715 24794 13061  7399  5749 16820  6788 17486   607  9535 26065 22241 22477 11410 19591 20985   676 26882  3288  7672  6655 16577  2302  5186  1473 25478 23237  6933 22485 13395  6015 23207  6967
 27524  8484  7702 17519 26915  4167  8696 20615  1812 27862 14928 24325 18091 19573 27629 17038 23612  1963 18034  2142 18011 28246 26558 12456 14290 15653 24409 14675 27494  1023  3263 10575 25257 22458  1177 14271  8400  3723 27873   413  3979  1162  7267 20772 18901 12779   793  7521 11448 27912  9758  7513 27697 23255 15489   441  7597 12452 28462  3998  3261  4398  3115 13314 14811 26286 22773  5687 25631  2220 11801 12711  4498 27920 11255 26965 23179 15012  4092 17217 16522  3112  9373 22039 10389 16009  5891 21836 15041  2723  4965 15045 22762 15893 27924  6169 26325 14557 16555 17097  1904  5080  7507 25847  5685 18249  8174  2969  5220 11675 12335 16221  4668 17460  4440 13574 16738 22859 25058 21024 22948 11792 11295 22280 15506 27710 10915 10774 10713  3709  3956 13608 10034 17009 20662 28742  4918  2639 18405 11795 15470 19788 24880 20538 17977 15933 17876 13734 26386  3326 20498 22399 13894 11874 18721  6539 18532 21251 20983  1338 15945 17515 23277 18963  7769 12308  5485  7385 27752 27727
 15570 19767  2259  1267 10126  5442 16888 28741   841  9451 24846  1090  1932 27085 25561  5641  3156  9626 20920 16614 11808 24072  8363 18146 14247 14576 20457  8422 10801 22507 10373   236 18675  3404  8384 13756  8066 13715 10569 10438  5803 28533 23039  7063 27048  9120 23609 10143 27844 22392 18634  9128 18750 23923 17750 20394 12765  1034 16274 10786 22327 17826 10765 26560  7633 10400 21127 22356 14112  3283 11996 22961 25670 21879 11438  5464  3362  9729  9944 27499 20431 15819   116  5817 14684 17534  4822 19462  3185  8553 13025 10596 10990 10436 24185 19418  5226 15801 24697 22610 11615 27353  7085 16573 27298 21086 28375 14992 25385   304   316 19434 22193  7600  7195 16802 11231 11843 25775  3927 12068 20883  5944 26874 10813 27348  9403  6222 19626  1196 28789  3274 21869  5068 17191 16472  4436 16341   625 26412  7517 10025 16344 16635  3329 14065 19366 13906 16502 27999  2743 27616  9647 14142 14167 20180  9625 24000  5548 10563 17028 13365 22317 21135 20410  7653 16467 14289 27202 19956
  4759 15652 27744  3221 16767  9593 20313 15733  8635 14755  1544 12495 19647 27921  9224   412  6652 28589  7549  5041 28309  4887  4419 18707 22325 23203 27192 16468  8057  2129  3857  4063 22225   771  9130 19706 28725  7318 27723 27777 26742 10133 10720 21323 18727  1393 18407 19382 12157 12089  2318  9806  6936  9914 24910 17261  2065  7477 14746 13116 18967 23298 25381 28543 20898 19862 22562 15632  3061 28491  7745  7894 18523 19117  9138 18257 27962 10711  8839  8770 19240  5406 18935 11628 27149 24585 13229 14076 12442  1952 10638  7814  7055   795 27196  3728 16553  3733 18983 11688 24432 28308 12047 12267  7924 22877  2480 27123 24779 12948  1745 21886   842 24406 22867  7722  9082  5829  2334  8135 26330 27843 15651 25744 16415 17565  4606  1706 24019 10114  2967 27234  1066 17936 18780  3744 25505 28701 18484 24518 11439 28415 26103 21290 10829 11734 18460  3577  9377   557 12404  9952  8824  2884 18653 23714 25650 20027  2130 28043 11778 22102  6561   668 11338 22120  8182  6525 11787 19166
 15220  9165 27888 28104 15722   608 24228 13773 21184  2846 20058 20232  3157  2012 20429  9164 23134  6177  7277 18164 14984 27889  8915  9823  5541 15375  1192 24311 25384 21951 26966 23710 27184 21242 15301  9858 18222 11225  6693 25032 22384 12537  6802 25366  7329  3148 10510   583   164   575 16953 28669 28514  9338 15192 20134 21422  2094 28508 24314   510 16044  4248  5623 14242 13718 27923  1633 10239  8345   724 18898 25240  8871  2379  2344 22858 22836 18630 18047  5759 26497 15706 23457 11576 27543  2502 21568   215 10514 10313  2042  3622 13177  7784 24755  5281 13541 19918  4361 18717  1381 27239  4641 23284 13282 25654 28712  8374  1946 16480  8591   614  2243 22467  1472  2268 19555 25186 17037 22217 25540 20710 22813 18670 12724  6480 26212 14352 23056 12883 18468 20622  8705 20511 21036  3792  3321  2833 14672 14295 18226 15469  4438 27662  7870 10214 13803 24746 21037 25389 15101 16766 23678   280 15761  2420 12343 18033  4447 20298 28768 25071 17124 11396 16601 28071  5447  1563 14149
 24443  9185  7805 12352 27323 22400 25779 26183 20927 24306 20944 26218  3559  8155 14395 16995  2090 21146  6630  1446 26392  9331 21461  6473 12095 27509 25621  5984 25502   378  4726 11371 15624 23175 26194 15064  1012 13693 24448  7713 11835 19824  3057 26814  8438  1559 21524  8947 21722 13594 16761 18294 28006 26403 24297 26967 21289 26208 11905  3834 13500  7064 17841 19280 16251 22350  6658  6056 24380  1176  9405  2603 11023 26102  1369  7580 10155 12859 26784 11469 22141  6059  7731 12254 19269  5405 11193  9804 10193 18356 27958  5090  5640 10667  1792  3806 11244  3550 21043 17580 18912 17158 15618 27293  6093   858  8793 11185  7770  8348  2992 14158 28114 15102  8183  2109  2588 24735  3936  6094  6636 20676 26378 20876  5423 24991 21958  9427  7039  5696  5339 17084 14064 10934 21490 26413 21145 20447  1296 10821 16378 11394 15607 27410 15635 17104 18742  8312 19654  2576 22361 11512  9836  9425 25476 15142 25226 23703 11518  7545  6779 23114 24161 23701 18958 19295 12144 26216  6232  1252
 13111  7899  6920 10405 13625 10037  6011  1637  6741  8133  2957 15029 21769 21723 11149 19106 15206 22962 10999  2369  3522   276 21694 14063 14330  9917  8090 18174  6551 20600   770 24805 16626  8715 11917 21795 27728 22777  7062   178 22089  2648 21489  3242 26454  2757 21232 22548  1244  5964  5396 16498 20665 19215 19961  1399 20054 27790  2262 22486 28254 16662   884 13839 19547 15213 24986  2449 16688  6872  5048  8041 25905 22952  4941 22146  6362  1911  2714 10499  9825 27963  8854 14945 25060 23602 19151 19510 15892 24222  8937 18601 23474  2702 12812 11606 16201 11488  5450 13219 24476 22215  6964  1529 28562  4583  1448  7980 28100 28693  4352  6241  6087 14478 12619 21097 25979 24581 19747 16220  6422  3517 19018 12876  7207 13416  3323  1249 25440 14054 12426  1761 17306 22127 11376 12197 28586 10921 24018   235 15649  1216 28186 24129 20350 26075 19069  1712 28042  7839    82 28637 26372 23562  5102 17365 24382 21413 14836 20671 23746 24060 26193 22116  4500 25850 20323 19947 19914 19623
 12549  2794  5252 10098 16130 26316 21955 23990 25321 22438 26243 17754   133 15885 14585 18355 22435 16910 10409 25168 13108   546 25211 27830 21392 18701 21546   319 18642 19887  1736  9942 21191 11491 23739 18823  2348 27731  6298 11711  8001   697 14916 16552 20878  7712  6216  2490 12929 11956  1543 15543  8491 14510  9977 21491 18640 24859  6642  4040  7047 14402 21244  8055  1719  4278  1804 14084 12329 15086   681  1914  4411 26823  8704  5211  8016  9012  4465 24592  8908 16920 13047  1365 18281  2255 18175 23868 21980  5459 21674 14198 27764 18702 17260 25216 17918 24260 28480   951 28218 25001 27382 12224  4968 11008  6491 11822  2086 28149 12963 28219 10769 13723 12639 15697  4223  4895 28486 18044 23604 24050  5320  9024  6448 13557 18198 20283 17353  1108 11829 20046 21008 15122 26861  6295 27433 21224 12004  2909 22083 21794 27262 12269  9011 18414 13185 18966  1686  9073 25677 18030 23943 27705    89 12112  2336  3719  1691 18470 17419 23506 21637 13513 20630 10966 17646 11660 10276 25581
 22923 21230  4036  8150  5231  2766  4721 11989 11246 23690  7271 11974 15837 27537 17032 24799 20068 11269 21397  1865 17343  4649 19447   516 19940 23257  1641   826 16236 12216 27577  2036  3690  1953 28060 25457  8603 14306 23381 13340 16530 28558  9396 28785 28797 10200  6611 28869   936 27707 19716 15158 14108  7339 16366 27757 22088 12134 12920  6381 15247 10183 11673  4756  4773 28623  6568  3878  4420 13786 28417 27946 13068  4322 17772 17746   556 25446 19402 23658  7867 20143 26922  9931  7717  9605 21361   521 23998  4212 12325  8720  9879 22216 10167 28331 22252  2755  5910 28302 12672  2694 27115  1374 14734  6837 25371 17875 27173 28261 21543  8638 26106 12373  2791  5043   305 23169  6421 12151 11299 25007  5326 20376 21878 10358 12423  1191 10030 26822 20950  4644 10639 14321 16284 14129 19360 16665 15906 21649  9812 19624  7937 13015 18580 26942 22105 10175  8654 15007  6125 11770 10972 26131  4146 12694  2685  5363 22945 25756 24950  9694 13165 22671 16215  9569 24451  6079  1105 21110
 14695  6902 21500 23899 27572 19026 17789 12811 26913  3911 26788 25394 13953  3793  6581  1283  5693 14283  2447 19032 11796 11653  8478 17712 17667 12466 17283 14743 26660 12641  1493  9760  3078 12074 24677 11612  5744 23472  9145 13575 15756  4515 11003 12793 12170  5645 23319 10508 17040 10061 10753   274 24842  6399 22494 12435 23323 17328 22947 20200 23908 14624 22529 22996  3295 23864 10519 23044 17676 20479 25892 14103 19092  9707  3247  3631 25248 22623 18876 12640  6830  7546 27150 20110 26679  2362 24301 15962 18806  4405 23123 22071 22716    75 27804  5410 14795  3254  9880  8998  3977 20899  7987  1331 22266 21395   513 14617  3063    93  9939 19996 25054 11364   988 21153 10974 12677  3306 23760  6061 14744  2305   691 17301  5919 12277 19056  1153  2937 19214  5904 19930  3533 25274  2248 19207 23948 12120 19892 15807 25609  3734  8350  6594 14291 11057 10238 26860 19076 22732 27880 15947 15066 20679 28313 15517 27877  7720 26968 23482 18486  9994 19937 12196 12969  3884 24649 18776 18762
 10111  5780 20186 12656  3677 15802 19985 28278 14959 12327 21095   172 12186 17542   519 12203 13861 22339 19959 24320 28555 26178  5602  1295  2688 12873  6765  4826 13988 16922  7847 22703 22335 23807 26282  9137  4305 12563 12023 12934 14497 22125  4995  8898 10057 24128 26682 14353 18380 16042 17616 20535   648  8560 18424 14258  4560 18195 23333  1371 12312  8303  4374  4133  3186  5497 19566 15313 11321 18687  6359  2422 19075 10471 25873 21860 26265 10911  5190 10071 13650  7326  7793 10831  6186 18366 22653 19632 28773  8601 26677  9788  4907 27483 17588 15090 22928 28325 19014 18599 13909 15578  2277 26557 14769 25296 25120  1772 16479 20430 27090 20823 21041  6798 11489  1240 17693 16532 10665 19951 14452  2022 20870  7803  6332  5507 12853  7127  4058 12086 20570  2137 25929  8613 26550  7262 11794 25124 18180 25266 11440  4187  5114 21810 14718 17953 20968 21608 11385 19711 11079 23568 27551  1796  9698  9076  3931 21735 28334  7861   388 15954 26804  9584  7210   671 23424 23662 27343 23337
 18507 26434  2061  9431 25432 19823 18204 11158 11213  6520  6507 27053  2196 21480  5570  7689  2738 25698 23628  2301   320 19361 23774  1068  4051 27174 28270 11286 19273 25148  4507 17551  4656  5298 28164 14251 22977 23935 26886  3539 19122 28621  6043 22885 25482 17264 11730 27995 23434 22832  4246 19527  5066 19672  5577 14820  3116 12864  4551   985 23504 11842  3634 27743  9057  7954  5262 16047 13027 13008 22093  3610  7669 13307  8766 20703 11039 28527    94 13781 18351  6931 12079 22248 10529 19038 16863 12726  5061  9263  9359 12355 27344 10844 28176  2621 21708  8058 26883 23585  9567 26553    14 15100 28012 12036 25877 13474 16213 22479 16563 22886  7516 16286 26810 15749 25090 24308 12239  5086 25774 15226 28349  8294 14842 15692  1461  7831  1632 17042 17443  2695 14830  6710 26575 17544 23618  9646  8302  3657 27859  3080  9855 11437 12468 10273  6578 26752  3457  4575 19825  6752 28283 11501  7454  3036 24999  4389  2528  1226 28196 13993 28568 28566  1765 26480 19875 18339  7871  1931
 15143 24423 27194  5951 13159  5240  4581  4042 20791 21465 24894  6321  1470 24670  4693 26674 17613 13837 16701 17984 12133 16830 22277  8606 13415 15168 12297 16030 13087 16089  7939  1232 26271  8738  4213  2842  1147 18757 14086 20971  7585 16539 11436  1121   206 11868  8661    90  3162  6370 11265 12675 15626 26855  9981 27249 11556 14312 27312 24870 19171 19335 22969 13409 18306 27019 16746 22537 25420 21330 12849 21872 16447  4740 10652    87 21758 13252   851 15791 23911 11035   380 21174 27872 20664 22790 25994 13024  7003 17039 22890 23385 12444 23010   880 25465 27553 12715  8962 10307 26508  6085 22138 28766  1682 13255 23331 26868 20093 10369  8883 20846  3682  2132 24940 18741  7971  4688 13017 27930   105 25129 22446 26425  4675 16704  3390  4320 22802 19972 23670 14657 24763  1503 28408 19968 10452 18118 18645   856  3281 12970 11159 22371 16847  1098 15076  9398  4435  3105 19598 21993 22570 17929    20 16008  5804 16363  9932 24791 17208  2430 12020 22907 22196  3396 12287  5331  4378
 12958 20242 22700  1495 22642 12955  4777   572 19805 17146 10908 20218 18690 28842 19513  8628  8695 12471 10138 20439  1938 26494 13681 16566 25014 23620 12403 11758   368 28327 17882  4603  9081  3270 16132 14844  7612  5845 22779 10077  3300  3496 25962  1363 25110 19629  1120  3044   642 24474  3880 21162 13131 20026 23463 17081 23913  6407 18890 26153 16408  6809  7226 28811 12989 17149  8154  9852 27363  1114 19116 12104  7357  8471  4746  5727 22937  6863  7448 24747 11680  3630 27718 24673  5351 16269  8291 15245 26958 20102 12527  3454 25295 26474 16651 15633 14048 16255 13981  3276 21597  7393 25069 20858 25085 20356 12960 11793 12207 22662 28646 14245 18799 21739 16904   497 21578 21669  6090  9922 18826 14979 15286 27637  6105 20476 20126  8624  8630 13505 21832 19840  6077 28155 28530 10957  3244  3208 21528 11145 21517 17819 21912  4015 16203  9651 25534  3671 26001   588 28053 15491 17603 12317  2040 12505 10103  3383   318 18869  6852 10535  6865  3862 26949  9537 19317 24277 14200  6543
 10863  6977  9319 11703 22505 14396  7145 14500 10590 14876  5880  1364 27778 22165 27290 13212 13486   612  8259 21458   201  6089 15194  1206   660  7997  3749 16165 26858 19922  5025 22959  4681 12995 15320 25749  7471 17508  7274 25224  9242 26356 10796 24795   486  8418 14369  6377  7613  7126 21718 20213 22503  8010   194   159 14680 28863 26209 28081  1409 13147  5192 11037 15182  7134 19499 15634 28672 23588 18906 26798 21147 12912  5007  4799  6553 11047  1883 18749 19889 24672 27699 25312 15223 14309 17444  7698 22201 19537  4388  5003 12322 25888  2378  3646 18524   737 26374 19993 20733 21564 22231 15160  4709 15234  8308 17867 12795 25495 18716   693 24096 17254  8342 12503 19895  8420 25999 21948 20917 20003   827 26825  8073 10699 16528 10819 20256 11593 25000 22406    77 12139  7209 23522  9493 17958 24447  4201 28824 17127 14765 18364 17021 25678 21716  6719 10443 20569  3504 25185 17160  5905 19344 14362  5395  5474 17844  2804 26960  8387  4109 14066 22710 24159 14421 17817 28606  7828
  4084 10060 24657 13174 20633 11508 10397  4255 24708  1397  3613  8433 27532 14812  7005 24108 22482 23993 28134  6736 15159  4586 20480  1703  8851  2856 21555 26225 15735   869 20549 26176 28782  4292  5913 23820 12446  9867 11586 21053  2402 27822  5427 24241 26525  7916 21974 15127 15256  3685 28666 18425 23641  6885 17368 25932 21243  8892 23273 15474 11393  7810   543  3364  8392  1717 22589  8151  1832 18852 19347 16135 19578   438 27061 10518 24372 24034 11024 19599 22618  8140 16275  3423 20030  1504 13401 12601 16787    23 17625 23740  1209 23172 28237  4324 19861  1533 12309 21432 16391 12107 22148  7001  3483  5897  2577 21094 25947  8005 20214 28241 18946    27 28132 28090  2112 14075 25637 15341 17874  3190  2376  1332 23415  9933 10396  8365 13171 24664 21868 22967 24824 18894  9492 12182 28187 12531  4017 22213 14622 19198 14237 18787   135 27346 18317 10963 10001 27644  1512 16041 20908  2748 25757 24614 20225  4833  6613  9974  1165  6385 26068 10498 17996  3049 22601  7665  5823 24113
 14409  3976 22814 19146 24776  3440 16615 18111 21078  6907 21738  6660 17907 12162 25917 27593  7038 14070  5022 11735 27241 11499 26867  2985 22540 18718 10169 18614 18243 22480 23570  5239 23903 21826  5931 19475  9691 23001 12520 16559  5236  4087 11591 25021 12703  5792 23193  7201 18169  6782 26301 18018 11911  7926 27526  2358   798  7368 10257 18849  7601 13457  8822  6822 18040 14881 20821 12910  2594 14810 14740 18020  3807 25287  5732 12865  1074 17404 17409 28594 24771 14109 12840 13868 13093 24958 24646  5255 14735 16942 20276 27021  7931 12091 19410 17677  2876 22320 10075  8505 16025  1815  1659 18726 28574  7110 20331  8986 21141  2669  2478  5873 25866 19560 21336 28858   352  5835 25635 12646  3071 18189 22821 15477 24875   278 23037  1436  9283 26185  7398 15420 12422  9893  2234 19535  1360 14416 23110 15036 20036 22659 22981 16290 12279   423  9298  4501 17614 14635 10677 16788 18538  2397  4651 18453 23308 23003 20863 18987 28307 11864 26996  7258  5165 11137 19391 15137 16619  3018
 23301  5398  4019 13582 13499 21702 22761 16390 20369   447  1281 25433  6115 11045 18240 23502 15225 23173  1112 28551  8827   462 17946 13899  1067  2043 16973 27702 20381 28183 19477 11773  6864  4359   408  1497  7927 21202   900 13879  8139  9923 21253 16247 13727  1063 16254 25943 11527 11409 26890 17193  6954 16883 14889  1437 17900  8683  2179  6702 23927 11854 14336 10594 19886 21454 15586 14899 24092 10521  3070 26862  3386   366  9702  8596  4546 16718 11442 18428  1375 17692 22084  2314  8565    48 25880 24814 25183 22250  4271  3375 18265 13983 24915 12598 13000 24373 15636  8803 22805  8474 10657 17182  2421 17965 21121 12928 11197  9045  6274  9254  5692  2466  5528 12187 20933 28392 14823 21493 19067  3574 27564 16772 19193 16621 21587  4768 27117 23398 19666   577 10072 22041 24331 24913 19286 14057  7147  7445 14914 28020 26455 24453   483  9003  3810 26972 18400 28745 28407 15916 13164 22550  8205 28438 12427 12424 20720 21665 27418 25096 22032 24908  9280 14783  5104 12635 12568 11759
 13986 10552  5036 13699 21346 10555 20714 25370 13317   604 21595 22076  2975 20629 22340  5505 15485 26579  1171 26577 14716 14554  4811 23639 11970 16182 25904 11617  4589 24115 27860 21154  7618  3108 12823 23557 19630 23705  7221   489  7896 26637  1623  5400 25945 19080 28087 25746 18477  5846 14527  7904 26085  4100  9046  6890  3313 15366  6224 28852  9310 13643 22220 16448 28281 18304  6819  9538 10709  7483 26906 16052  6069 10428  9756 19454 16189 26159 15921  1843 13313 20228 18070 21021  2882 12651  8755 26851  5291 27118  6443 27368 19553 20378 16040  6435 14944  4991  5801 21519   493 18225 14599  8147  9296 10918 26191 20163 28596 20604 26797  8804 26479 18513 25596 26401 25896  2164 27485 24226  8402 21355 10937 22130 26578  3407  3696  3267  6457  7478 10085  8191 15670 23488 21118 24450 16051   779  3536 22428 16845 23858  5581  1601  4537  2686 12830 14169  1280 24336  1150 28456  4760 17103 24843 15610 12106 17441   340 18921 15139 18961 26754  8000 13817   531  7128  1642  7603  1860
  8515 26896 15451 18310 22816  2708 11701 13331 26589  8691  9895 11260  5101 12512 14923 25642 24333 11920 25776 17437 22627 16999  8701  2899 19680  1275 20847 17192  2016  5126  7075  9901 24459 28466  2021 28719 11408 26605 27025 15417 13958 10039  4643  2058  8373 28780 26607  9382 20628 19054 13443 24522 16886  6893  3073 10847 23773  6366  1287 21052 24391 10233  1313 25658 25086  7086   970 23338 28347 10881 11407 22031 17848 12911  8580 21782  8607  9842  1743 18024 21345 27791 20522 24360 26190  8710  7304 26864 17959 27114 12465  9452 27104 11756 11522  6665 17410 10371  5722 28232 10601 12891 22308 19006  3019 24213  3122 12603 25758  9996  7872 22776  9460 24335 13204 20115 13860 24788 12463 12198 19459 14170  9146  2127  4394  8895  4233 23438  9536 12566 24574 15891   677 28371  7418  4052 15083 14354 15056  3537 23264 25380  3721  7502  2762 22891 13491 19565 16190 21698  2062 19686 27522  7111  3817 23137  1550  4251 20254 21556  4951 15299  5847  7327  4585 11878  7821  3347 18205 25485
 25965  8027 21783 10671  9139  2385 26234 23891  8693 28293 13667 25276 18312  5237 16416 24091 12857 10495 10140 23389 24488 19645 27668  3753 13898 12756 10567  6785 28001  5816  4237 18251 15805 27028 11152  9553 25668 17700 26387  1035 22901  6718   915  4152 10743  1329  3903 23501  8459 24138 15645 19482 27725 21979 10209 22233  4393 28126  7907 28411  3253 21101  6305 18651  5820 16979 26458 16027 24121 21140  3569  9056  7315 21215 18949 23906  7117 11181  9020 24418  8463 20686 15704 17346  9333  2931 24376 20359  9517 20388  3142  6153   948 24142 12190 10290  6101 25099 12486 16980  2297   322  5366 26237 26061 12706 21532 23734 19997 24556 26238  8861 18658 24630  8663   437  8888 21331 12631  5074 23599 21160 18266 12766 22261 11857  4897 27865 12259 14982 22879 13478 21171 10887 10127 17690 15058 16379 27340  8322  2494  4882  3272 14866 17221  3054   846 23582 16256  2047   121  7718  6476 25327 25305 15713 14941 10124  9007 16278  6355  2153 14601  4188  5436  5983 18207 21816 18098 18498
 27070 25043  5084  2642 27721 17178 25814 18437 18605 25772  6336 15851 25639 11381 27275  6643   655 12052  4433  8589  7229 16926 27469 11157  9585 27084  5679 10559   708  9616 15984  5531 25626  5280 28724 19618 24070 13097 22151 15708  9107  9978  2836 19200 26024 13545 13798 27625 20395 20354  9393 28866 12351 26568 19290 21981  9421 14156 23162 16602  8437 26147 17174 12887  9253 26801 14784 18224 17006 26164  9008 23693 15973 24942 14028 28208 26859  1402 22074  9285  9509 16101  6138  6329 16492 16061 25562 20059  7452 17106  4262 24002 20820 21499  5305   732  5748 18504 28382   422   470 24953  7599 11351  9943  3350 17919 12659 10201 19476  7522 26304 15734 18968  6403 11900  4180 15964 13169 16338  9202    72 12776 24157 22257   961 17485 17891  8809  1106 28570  5254 23480  7109  3535 13896  6713 20900 14875 13420  3783 28428 14526 12346 17275 14639 14196 10631  6264 28130 14648 23224 24525  6257 12121 28135 15643  1113  3836 13438  2345  4164   712 27360   700 22892  1976  2497  9803  2600
   291 14924   777 28143 15740 18648 21379 23907  8067 10242  2968  2185 15342   454 22021 28121 20403  6766  4240 22709  6946 21710 27501 13195 13931  9594 28793  8623  9726 15605 27071 23073  5703 22690 14018  3027  2713  4678 22414 20332 28171  7395 23883 10370  9040 24122 23556 11433 14445 22061 20669  9315 11049 16464 28833  6213 10309 18891 19551 13914 10327 27738 22378 10791 24370 13689 25369 24629  3029  6529  6022 16119  2110  1505 16607   579 12394 27542  8995 22634  3664   621 12630 13869   885 25111 11555  1859 22345  9437 28152 18516 23810 18692    99 28807   212 11300  7557 11517 23371 16749  5781  4804 23311 15205 12447 26772  2847 19087  1485 24638  1498  8984  3965 20078 14091  2564 27422  8979  9877 28716 17708  3708 16332 25015 11713 26438 13794 18620 15825 25871 16839  6903  4994 22407 14045 10897 17558  1939  9947  5509 19323 12875 19089  9223  9462  3379 26921 25564 27674 19340  4136 10870 18447  4622 27109 22492   461  2515  8469 17408 18622 23140 20515 23119 13268  7078 19784 20599
 19358 22764 18112 21023 26894 23159  6546 15608 18219  6095 28035 27459 20142  8906  3820  9487 25801 26099  3989  6641 13086  3450 28580 24279 13601 24299 19468 16319  3090  2285 28217  3877 13048 27000 27431 15938 17216  9422 20788 27669 27037 15266 25633 19491 17416 19683  9661 26391  1723  4080 28305  2324 22287  1573 12072 27645  3182 17925 17827 18991  4013 17294 23956 16439 27713  5593  2453 14175 11306  5403  9213 19336 21605 11577 25005 26657  1628  9282 12500 16065  5170 19763 27648 17414  3663  3445  8751    67 14818 14060  8961  6430 11668  8946  1926 23220   639  9776 17808 13200 26597 20571 13852 20273  4657 27810  4960 24990 23567 24938 11330  2403  3002 12266  5446 16844  9397 18713  9193 13160 25750  8819 25493   969 21522  8530 13607 18399  6048 11201  7757  5932 22905  6862  9199 27188 23537 14877  4536  1582  4431 13524  7539  5248 15693 25804  2291 14840 21784 10018  9984  7161  5179 23286 16004 20996  4203 12522 15751 15838 22364 13337 22873  5150 12321 20258 16658 21548  2649 14331
 14114 26758 24609 23657 22801 24946  6212 21016 10192  7330 15725  2056 17025  2916 25895 18841 22401 10463 20595 18942  9597   897 16826 28156  1731 27193  7234  2754 20061  5496  2427  8716 18330 11310 18683 24703  4874 13880   145 10695  6607 10942 20644 14613  4975 18673 10533  2327 14739 16196 25082 13730  7071 17209  4906 25395 20625  4412  8769 11296 11636 27733 20781  7637  7335 28529  6577 15351 23314  7768  5449  3289 21697 11211 16833  5414  2872  3181  9770  8734 24484  7528 21776  9430  2780 22164 13339 20449 11284 28799  8552 16972 18229  3599 10158 26879 12175 26181  4331 19031 24674 22256 23724 22582 19720 19339 15013 28223 22565 26980 17994 27159 21187  5060 24420 25189 18071  7675  4568 23496  2858   927  5567  8239 10305 24514 12844  5762  7067  6490  3581  8203  4605 14423 18311 13819 27384  3742  1297 26714 10043 22569  5557  9557 10995  1430 28737 19796 20250 28040 20405  3789 20965 10434 23180 13511 26511 23085 24684 14284  9432  3443  8371 19469  3363  1818 11029 28831 22593 21670
  9603  4125  1833  3642  1151 16561  7225 12145  2859 23332   785 17318 10118 24387  9306  3853 25508 11484 10367 28690  2059   218  7148 23960 19025  3238  7232 12831 14968 18941 10433  3964 20796 23664 16969 12580 16417 25217 11510   615  7711 21975 26125 22845  9790 17568 19130  3673 15599 21000  3874 26151 24596  9566 12416 20618 25569 28892 10618 19399 17422  5777 18398  5861  6091  1465 21380 28056  2295 18562  5568 23386 10343 28875 12061 23879 22506  1457 18157   787  1568 17480 20537 22155 12469 14401 10197   784  7741 16716 18988 14182  4123 17902 27370   913  4885 28617   494  4307  2561 22897 15552 17555 10312  2335 11514 18099 19268 13692 21155 25684  4549  3236 21753 27775  9975 14737  4208 24749  5729 24709 19168 18005 14868 21337  2555 28455  1103 26128 24582  4480 19562 15132 19356  1671 20529 20967  9745  5699 26054  6130 19541 18767 28531 24446 28539  5372 21474 17893  2827 10694 27973 25920 21010  1312 17135 11813  5204 16017  6038 24781 24639 20199 23475 19375  8931  1321 27726 26715
  9849  3864  1097  4311 23885 26961  8612 14377 26812  5073  8455  6185 22419 23692 12320 17813 24529 12063  6810 16258 24881  7116   241 24929  9979 27284 19544  4196 12035 18096 12168 22638  3141 11991 15648  9773 23238 22863 21554  8811 11560 24003 27091  6092 27232 11916 20525 20094  4261 16952 10793 11307   514 28013  7090 27006 21485  7687 25061 27891 15119 26509  6844 15904 11536 20922 15527  3942  4778 19696  2436  4037 25361 18253  6053  5671 11908  9170 12790   938 28424 13435 21985 22840  2591 11391   954 28642  9053  6670 19208  9949  4355 17289 14791 18663 28077  2412  7657   195 28311  5016 15721  8845 20655 28163 24495 21820 21469  3626 25320 27406   568  6691 12167 17721 21881  1128  2683  3848 14582 26559 19299 20981 21009 23940  1489 27054  6054 28615 28792   995 28603 15376 16932 23036 27984    37  6454  7079 23358   581  5705  1359 16733  7820 11726 24716  7811 12567 25810 20995 10572 19853    54  7704 15422 21982 11034 22388  9894 22245 19636  1077  3316 19211 11580 20085  4770 16118
  5710 14304 23204  5815 17864 28679 27845  7376  3330 24309 28431 12110  2903  4048 22177 16007  9865 25664 10000  6573 16188 14847  7065 20656   451 13258  3576 12690 20279 12490 26473  1897 22118  3184  7851  6617 24937 10218 28454 21126  7543 10163 10681  7969 21065 14079  7777 16997 27631  8260  7697 19000 15148 22958 26124 15490  7204  8928 23806 22767 24326 11941 16288  2205 26789 24286 12396  5148  3136 16266 16618 23731 13527 17281 16581 24250 15629 27856  7536  7170 20204  9404 13782  6271  6384  9759 20928 23895 21341 16589 12919 17428 27352 12218  6126 17427 19359 18228  7558 25954   250   789 27820 24095  6709 15926 14537 16545 18510 22920 23605  6900 15278 15942 20596 21442  7212 27720 18124 22715 17355 10776 20579  6050 27297 23566 17696   332 23996 16557  5638 16222 11346 10432  9838  6675    33  5348 22631  2647 20975  5232  7616 28226 24167 10049 18153 10757 24150 28166 12627  2487 10393 14841  3410  7314  7639 18375 15378 27075 19917  6587 12599  7231 11075   443  6006  7758  5253  2075
 27814 20160 16268 18661  5629 26881  4424 19334  6302 14854  5412 21892  3654  4517 22851 15878 25100 24906 14033 25963 26519  4275 27855 27931 27692  7906 11498  2463 21734  1531 17637 20817 14448  6149  4573 26332 20532  8830 16184 12697 18279 20083 16764 22942 23336  2428  4791  3584 11544   831 11184 25412 14385 10750  1444   649 18836  4147  6282  5735 15539  4366 27950 12556  2666 26551 25063 10611 26245  3416 18102 27947 24726 14368  6350 27724  1558 17360 26443 26192 28703   719   773 12957 15343  2093 16018 20647 25401 16173 20446  7742  2366 28169 15227 20175 17950 10283  8666  3152  4949 20146 23083 15815 16098 19606 15823  2745  8609  4357 20368 17140  5378  6615 23973 13873  5769  4976 22188  5152 23889  6351 26964 13677 20945  8283 21227 26114 24093  5067 24292  2165 15051  7027 28547 27011 10493 17629  8891  3207 10457 22585  3277 25390  3198  3081 20485 19679 17724 15394 19293 18811 26824 14547 20455  2052 24820  3997 11248 23847 22827  7333  1488  1455 10444 28257   501  9735 11375  4142
 12323 10055 16543 10041  1575   306 28118  8620 25281  8600 11625 24643 24978 22055 23742 28426  8280 20543 17944  8749 27911 16964 25415 22370 21414 20613  8186 18259 13825 21743   220 14012  6136 13423  5730  2953  4344 27956 14561 24583 23629 18016  3235 28450 20162  3705 17452  2587 22086 23848  5081  3859 16405 10585   914 12000 24196   810 20413 23893  1188 13096 17007  9904 14017  8668 25733 15235 22466 28827  7227 12172  4745 25913 23321  1612  5856  2464 18633 25720 15510 21262 15664 14939   860 10718  9308  7295 15459 16491 14411  1065  3265 17169  3007 15537  6585  1569  7020 28314    28   720  1520 11616 18902 26255 13003  7239 18577 15788  4096  8049  5021   183 26654  5539 18671 17938 22899 18900 24166 25079  1583   406 26448 13631 18711 24243 22697 26620 17773 12511 15259  4179  1784  7881 11165 27308 19481 15990 17966 21280  8325 24849 21142 23442  4077  9317 17541 19909 18576 25578 22002 20147 22244  2660 18508  2547  9655 25974 23405    69 27833 20654  2863  4496 26071 24266  7297 11736
  2357 24985 20353 10344 20875 27364 19653  9954 28089  3847 22938 28498  3188 15932  7104 17895  6036 28202  4459 21660 21683    13  8324 10542 26928  7968  2787  1102 15065 13422  5175 13600 15361  5552 27811 17741 16326 13136  2493 12816 16769   975  5287 17078 10534 11282  9833 10211 23185 10944  9711  6146 28886 11855 23002  1084 23855 11064  8586 22930  6199 10459  3779  2961 19995  1738  2151 18937  4989 26681 12705  2790  4824  9844 20987  8954  6311 25939 12916 17594  4631  9900 25512 13032 24085  8549  4291 14869  8285 19736 18715 11401 15920 15136 15508 26652 22079 13270 18325 25821  1839  8699 23492 22491 11870  4340 26805 18621 19010 10475  3876  5468 27968 18883  1948 13240 20296 11105 24994 28791 20477 13014 26582  8774   329 15348  3411 26308 26930 28316  5465 27989 23288 27205 14531 15154 27294  9455  4489   903 18427  1172 23420   559 22054 18600 24765  8684  6548 18593 22692 20253  8385 19490  3137 11850 16670 26974 23608 28755  1126 22970 24486 12211 20120 24644  4642  7275 23380   357
 28315 15620 28268  1905  2272  4873  7000 20582 21099 19984 10800 15764 15829  3353 11151  5765 17253 11230 16277  3945 17811  6612 16156 28825  5914 27538 20136  6876 17765 21677 28273 21109 27013 17250 28747 10315 21435 14855  2434 22861 12547 20680    64  4803 18438 28698  8208 16073  2169  3097  3512 16880 14466 16674 13357 15959  8210  8295 11425 11134  5909 13124 25827 21362 18735 17799 20760 24852  5360 21248 10614  7097 13791 21616  5370 10827 22870 15529  2008 20427 11456 14985   365  4356 28609 21257 17418  2960 24615 27246 16033  2709  1535 14937 17521   590  4702 27977 26262  6021 25367 20469 11531  4032  9606 20799 28153 28419  9897 17321 21317 20107 18897 17979 19163 26201  3378 15468 14130 21764 14686 12728  1095  3150 11559  3291 12781  1999 14619 10820 16354 22297  5611 10412 11691 24736 20172  9236 15439 17163  1421 17450 18666 24211  1514 24183 17134  7403  5943 16511  8282  1071  8323  2006 13382 25982 22551 23281 25655  3380 23326  5598 17926 19568 19743 24043 10809 20702  1469 14960
 18349 12909 22056  5532 23833  1406 26451 14160  9752 26836 25234 14282 19673 19912  2481  1789 28059  6856 21634  9291 24202  4353 25667 15432 22722  2926 22232  3856  2662 25427 23478 10762  6065 11659 14296 18319  5207   434 27599  3941 27198 18759  5639 20936 19329  4367 12810 18237  8415 26186 27719  1499  8452 17286 20352  6008  3387  3058 23716 16128 28007 20076 11399 22807   255 10135 16897 11603 12015  7091  6388 13470 12597  9428 20868 19141 23615 27386 18187  9100 27562  7813 28068 21427 12972 14347 23026  7341  3473 21733 16294 11951 27854  4577 10646 25285 20139 12855  2253 22249 14522 22568 21045  1837  7309  8619  1061  4053 13148   768  5646  4850  7349 15602 13285  6255 27102 16799 13046  9330 19978 15723 18261 23154  7520 16584  9068  2115  7324 25800  1000 17415  5342 18775 13481 14912 17219 24625 27143  5480 26837 28673 28630 12691  8467  6337 22510 28695  2160 15446 16597 20819 21998 11632 21950  4257  4432  2064 16645  8798  2240 14106 17036  8795  5667 14392 24395 15264 25165 21229