  38458  30096  54655  92654 107272  53799  76295 119103 111683  20478  90603  30527  37007  43136  51981  83330 118425   2216  65909 102887  86317  78652  43367  99610  75748 116214    330 109153  35361  18321  29759  35901   6433  26199  29978  35567 108649  23011  37177 110487  80414  23841  79891  56155  81102   7134  15203  93089  59761  64442 121090 108736  64556 104878  60595  70921   9346  26257  88813  68595  89738  26202  25687  92765  11893 102860  87011  46246  46590  79725  68448 112323  59567  63067  82773  90944   9465  65216  85714  75880  41066  42607  29351  78675  35082 110471  55059 107135  77389  65384  22419  84519   6581   6771  25553   6449  48750  74915  60472  69821 101817  10294  70084  94188  65464  14634  53967  84480  89813  95950   2757  51348  10710  82485  73513  90030 117498  47823 118928  24563  70018 118191  23090  87758 101325  76508   6746 106101  62214  47560  37211 113454   4738  11932  71092  12522  50297 101640  68492  76553  24440  19857  84508  27792 110473    197  64827  43614  45960  15801  37770  45247  30582  30053  67475  65818  36636  45881 121363  73639  53679  59697    467   2763  87582 103049  38731   9826  90510 115424  85475 111314   4628  90169  28183  40020  38825  10407  54401  87206  48848  93677  59183  61009  78165  22389  69207   9492  22427  23269 112619  74373  23606 113343  71667 116809  39820 119556 111388  60768 108019 105751  53048 112214  33242  18264  46495  73754  95940  37267  82963  20998 121350  21299   9662  75929  22146  49171  66809  90061  69955  79154  17256  21094  41506 116411   9235 115159  59073  37591  14334  26241  26366 115671  94813 106919  99160  86427 104420  87016  67500  35201  44370 109143  68188 120463   1306 122381  15503   4313  40360   8654  12028   8301  81473  14348  54242  85744  17060 113572  86484  18568   6788  66144  93024   2836  14609  74326  67282  76881  84974  49564  16943  80796  76803  75012  96978  63673   4551  40629  37289  87130 117835  47125  58398  89111 102166  27530  25853  79641  93782  54656  89342 110349  41677 101624 113599 108293  92509  72124  71695  48968  68355  70753 102836  63903  12926 101639  34389  81549  49449 109897  54505  42861  65477 121599  15950  50443 120250  31926  27603  85024  18132  46195  69642  11724  21456  82696  51949 117799  53279 118403  22813  53419 110118  71073  69168   2134 104429  33232  38160  62747  99581  70112 112271  14347   1297  80117  40372 109940
  30169  35058  62306  42323  77020  89347  81278  45959  63276  88583  71938 116245 121209  93796  36480  82330 116520 112021   3954  74256  74354  44246  99808  29088  53209  10824  75567  17080 108135  54488  93507  38570  65293   6934 111464  60238 107422  80164  54936 100670  20861  41141 121187 106504  90611  54276  76367  89271  31098  38319  30408  86743  81044 115876 111053  58139  57521 108571  98611  82625  95561  77697  80972  29663  33121  24833  76172   6766  21746  48106 121235   6009  72955  86935  57447  39864  92374 107361  72898  76151  80727  66707 104109  45642  47511  18011  44294  93516 101783  76015  26866  55513  97425  34734 100968  84134  25084  21942  37229   3790  96215  60920  89179  81641  61499  29699  13865  72967    108  21713  31649  43179  99682  11048  74670  21665  69192  78701  81863 109393  60378  76223  22045  61730  16380  14307 107432  18991  74152 122020  55767  67100  17085 101770 102163  56568  69633   6137 110639  88559  54284  67073  25766  24334  67860  63085 107352  59657  69394  52739  15486  64608  91594 106050  90737  53806  34466  78718  20365  42102 120229   5609  64551  15272  10476  55472  84329    202  96596  66365 101383  15246  68251  17597   6518  31951 115229  66090  43769  91492  59882  95208  13017  73014  75881  65340  32773  98197 115975  85220  44278  23486  22758  87711  41382 111531  69329  67078  87737  95837  78662  35311  84949 112120  62842  62854  85809  29134  36758 100910 108760  83225   8047  30738  19946  45097  59050 112809 100917  14451  36870  20317  88170  41192  98751 114773  46721  58428 112329  37003  20488 108269  54779  46251 116772  27957  47782  97987  99318 100549  95259 104358  68440  88875    264 110794 116107  34524   8136  86142   6651  82953 113424   1307  22230  26828  92135  81098   8411  28430  54927  58037  17291   8418  85654  87789  44684  21630  55013  40948  82764 104217  91330  75816  97386  24871  55638   1211 116051  21776  19465  55308  82310  13025  96933  55573  11656  91809  47047  86186  54178  13686  35446  75196  68371 113049 105018   1691  75937  43524  89277 114880  44902  72145  59740  38884  41139  40489  31369 105664 112959  93154  40517 103012  55807    385  75411  58629  40658  57002  48934  55041  73461  46997   8794    465  89601 104909 107653   5180  79468  20888  23608 113717  11352  16461  97671  76176  42909   6070  43215  42939    104  63020   2039  84165  14617  26007   7615  80435
  12115  80838  79816 106237 101535  95515  51748  89060   9230  88387  65873  70268 119526   4611 104895  20598   4423 105712  31076 121945   6316  36317  71826 114719 112718  20243   3569  74550  74107  45450 108618 107415  62918  51477 117042  49319  40285 103405  50406  72614  74832    968 119209 104407  10282  59144  49606  72563  27878     74 120728  45953   7415 120741 100623 121492 111495 103896  17457  71184  97685 122386  40681 108389  46735  59762  26909 121641  59035 109462  73419  29340  44364   5536  28783  72476  11472 104451  24201   8651  97782  57456  67979  32110  39472  57081  85603  47765   2468  56308  65513  58230  80548 105915  26446 113921     79 113305  68151  68518  57285  26880 111581  21484 116369  92171    993 113839  15663  37569  30157  81490  88018  72063  98276  52146  48439  39050  24620  61657  25876  13609  18595  84975  84516   5929 118773  84612 104772 105359  30215  53548  30529 100843  12961 115208  93585  30176  47864  62104  85484  24033  32304 102153  89351  74583  48557 115226 100657   1495  24238  97000  36799  22700 114569 120272  26418  35748  44416 120790  74070  65203  42173  85785 116032  80063  91805  64361 117904  78336  32660   1788 104821 120807 121127   5307  21312  39219  11919  58121  99835  28821  46062  88690  14604 103534  44967  20574  11202  74479  69713  95296  29943 105854  88899  29438 118784  20054  92890  30875  51200  53322   3221  51665   2852  58702  56553  82760  21020  14004 122348  57713 119941  35959    580  89930 112063  21184   8590 114144  32928   4154  98736 108035 102297  42874  80002  57471  95736  88522  59429  17960   4857  30719    569  52066  29025  88218   2956  15660   9387 120866  44343  49371  30126   1126  57330  55329 119530  47692  37475  97915   3053  69739  66807  67912 116968 109066  21735 102029  55882  70991   2404  12947  16472  98987    792  47661  90945  29305   2573  57773  49494  33794 112618  35591  16255 117853  85374  20559  32294  68730  86566   7043 103594 103408  16913  67331  17390 117532 118466   2318  93554    592  10262  92974  78412 107030  10540  99189  83375 105457 114117   4032  86748 106548 103548  66558  70085  56856   1046  55363  51228  94814  85749  42614 119168  40196 102257   6946 103417  39921  90119  58955  50311  25433 100725 106745  39374 111246  94211  56081  11764  97190  37792  47531   7618  22209  74455   8013  32490   6125  44446 104855   6257 107449  87768  80641  21252 111789
 111337  60322 107807  36427  60081  83790  10563  11122  47618  66826  46890  25116  67420  58855 113591   9168  20927  53544  51210  95585  54669  47157 105104  58686  86308  12357  34830  61923 105017 101418  92836  24003  44487   1423  94594  82511  37188  40572  98347   3666  56974 109107  89881  42440 116403  91993 119332  93172 101133  22535  48612  60797  35296  50793  43022  31433  78867  42968  85194  67417  26117  51154  98372 100650  77391 122377  52140  59706  88341  95783  22305  49010  48272  33542   4009  74321  25752  71920 101437 121095  65800 100860   9560  13183  27302  83184  85021  95386  53841  80860   3242 109450  59470  92096  92289  87643  25323   4494  18545   6883  48443  91391  91782  41274  92032 119367   3942  25407  53310  84252  39707   7945  26776  51677  72345  95652  18086 116529 120215 100098  96499  97025  25267  20096  41743 117176  22084  78617  36738  57611    643  41121  79452   6216  26675 115473 115192  40126  20444  22858 112485 108172 102085   3594  29075  24536  92410   7498  40919   1604  65766  72587  66284  39145  61689 114966  92590  48981   3777 109086   9479  50784  71366  28203  15220   2174  85803  58990   8893  18968  21297  24896  16514  95114  83648  60923  94051  39870  13666  15045  16972  36368  57075  35385  39045  46575  86535  57184 111655  45233  71148  78516  52668 100319  40533 112746  45817 110362  33207  32806  64144  22082  97031 121661  42986 109892  15937  83256  69961 110676 102655  13191   8245 116995  72372  94432  83988  63114  26713 112788  77047 120095  63252 120914  22713 121758  24066  78192 112750 117606  65297  73884  96349  33469 114217  14132 102176  99253   5116   4516  18015  98336  41820   7624  87014  68185  90665  79776   6526   2539  83908 117847   5845  58777 100778  33439  22210   7962  38590 105904  74071  23033  78166  22178  49579  22753  91104 113225    861  36969 101373 114578  80845  28393  21344  69457  96088  91922  90265 118131  80762  68633  53640  73028  18292  79546  73364  21838  28690  48161  76345  26078   2054  96894  38771  93188 103637  64262  85324  75592  87145 120539 119102  10938 100151  43411   2287 103104 106022  11539  31987 102723  89709  64331  10815  76485   2932  66028  92672  42304  97230 113594  38282  37830 107429 102269 113973  28569  10102  17548  62449  76480  69832   6594  64498  58356  78040  95646  86292  43145  21766  71602  14484  39782  14901  23309 116041  68829 122022 111064
  62055   2201  64671  44043  13723   9281  48352  89048  21765  57765 112332  36983  86365  30218  15776  95781  26416  98164  83487  25008  68846  81408  35799  34860 103162  10030  21924  76186  52249 101691  39446  88054   1881  21282 101041  75819 117809 118065 102698  55015 107453  23012 104871  31077 104151  30256  34509  63325  48637 112612  98038 112020  22359  10803  58138 102706  65090  25032 118827  93226   1549  34111 112261  58867  42169  84521  68903 101971  79515  90002  38483  57417 111130  80946   9264  50562  99368  41306   4278  66103  43282  87723   1621 104224   7059   1820  76517  39323 111648  95207  58628   4151  73722  72685  83329  72550  34619  58547  60009  68659  51944  82803 113228 119252  21700  27200 115394  41152  73273  48561  99166  12030  11052  44291   2827 113928  37394  13871  48950  40549  62674  90624   4910  84024  19828 113357  82172  89801  96791  75735  97541  41039  37471  54421  29251  37798  45628  70695 103875 112174   7978  11064  13647  38159  25173  12397  35825  57586  12999  47914  15516  43978 105063  26054  97182  45986  61192  48219  69470     53  55676  55696  20049  79510  82121  20406  96203  47935  60000  36673  68643 100738  47986  34780  85028  41902 110311  64581  24969   6522   6947  30905 115046  87240  50699  73287 116846 102648  89904  49053 107918  88640 112938  31128  75377  52747  47613 119147  17385  63272   8132  18487  48930  34581  53744 110760 100782  78335  95119  91293 105806  47155  73799  60980 110967 100715  44454 107035 100903 103616  56810   9093  99000 108245  48291  12355  70823  95128  60328  21114 120657  98190  28008 114582  81612  78700   1606  89072  48348  40526  99583  65975 112698  70473  47561  44054  67351   2805 101404  58900  46338  34942 114525  17897  52521  36821 106261  64205  54030  73063  15961  39228  71683  93022  19742  99497  92440  37884  63123  34225  52423 113930  91792 115139  83701  64933  46823  69886 120737   9822  42669 108972  55912   4262 112426  46306   5314  93931   2906  97684  86409  41483  11328  51077  54135  53700  65952  96669  64300  23027 103842  13698  26746 107903   2086  63601   8921 112637 115362  48383 111491  59126  73506  32509  25583  29320  89045 111000  88488  56599  52994   8608 121156 113677  39752 112622  56031   4133  68514  46597  23631  98841   7814  15531   5256  94628   2458 103212  99968  25706  83861  29166  20059  49551  72169 108656  53732  92039  46012  90326
 100338  21647 114590  63811  55819 113769  27799  93353  21773  35102  13737  74599   2300  52254  34070  52976  86016 103251  62781  47015  79486 112874  48980  99293  90572  46100  39182  15156  46871  11701  19393 117423   4300   4006  36060  96179  50130  21851  46283  47424  43150  48503 101185  62275  42161  82081  91886  85675   2843   1699  61591  66471  97896  69995  27839  24792  98535  16961  90679 119185   6410  32611  57111  41606  96336  29296  63749   8899 104047  54445  13885   7050  77211  41487  14509  25730 117625 105980  52053  21648  27542  79720 117696  66326  23029 106157  34361  13915  42626  36025  77544  77660  12672  90548  95067 101451  38093  75892  10848  76419  92826 109859  58550  98998  79653  83634 117928   5165  98893  67638 106279  54737  54705 112978  62553  87328  91289  28440  10839  94078  64867 104038  68018  51025  91067  31460 100090  86725  38086  96157   5017 115894  39654   5430  26035  41831  84279 101075  21479  39555 105514  90663  87312  30981 103382  65278  72538  58780 108040  27617 120230  33384  17091 101629  76638  44147  27829  11875  51120 118382 117158  59678 107510 118059  69170  11261  35539 122076  78628   9466  20318   2339  59345  21072  85542 103695   3701  48305  59129  14541  51512  66356 107949  29139  35001  89567 114256  88111  71060  59425  93367 114178   7617  64475  77535  24938  94671    818 107369 100270  55454   9320 111745  85687  64591  43973  97513  12128  47345  55714 116580  26422  38081  86328  68815 120068 122288  35138  50069    266 100572  97949 106414  24060 109820  33746  66245  42178  34808  64732  33485   6534  75846  71933  13491  23849  91345  62754  62529  69360  44817  80195  14508 118427 119150  81810  55286  93180  68924  57030  21035  75098  69866 106784   9151   9427  79772  42045  40309 102298  71650  67493  72055 116394  75674  21534  57545  26940  58579  99672  26170  57092  47146   7467  90174  13717  87725 120534  83118 108829 113004  60727  15221  27102  83519  22539  43930  42643  14145  74579 115245  88720 107769  94936  56429  28307   6618  68902  54774  89163  53978  65829 104640  47949    493  19773  83400  11101  19308  61172 121720  40601  25345  60513  76805  50328  12828  49227  88679  66846  43824  75233   9760  58217  38699  66077  31308  75152  34513 116091 104324 121919  21405 108069  54541  54747   1973 105377  30530 116256  55135  93845  63459  22697  70087 117211  54166  64832  37787  38166
  41217  98786  75953  33408  48111  13252 114783  68895  98818 109753  38725   4450   1842  40230  19535  81331  93272  85544  61538   6583  74907  15994  52277 106110  44924 100497  84123  97299  73156 119995  16751  50974  56040  23010  46519  67971 104510 107076  95422  75643  87783  51585  61454  36191  58796  39753  18076 122220  46924  22122  64648  96712  47172  84418  63775  43872 111708  80268  25408  68245  89887  50547  77162  83003 119913  16008  99736  48578  22770  93982  37322  64968 107434  94904  49975 106272  54717  15058  41126  76344  83602  75338   2183  86824  97196  69685  39447  14587  32804  29609  42617  43703  37248  75218  53497  86981  24381  50382 101928  20793   4077  12898  23536 112012  27291  36047 105720 116850  48778  60828  76214  54002 102881  42778  67041  98640  10704  63780  19667  21375  45074 107071 117336 111547 103618  85721  93771  17628  28195  81221  30368    700 108469 110087 102660  44475  60182   8378  61248  67665  13489  29290  66622  23103   4084 112584  17658  86551   1811  48963  61432  22462  42373 107804  45324  65633 107765 121681  18716  80184  67359  23999 114500  33246  92680  26314  97082   1609  74166  62608  88006  89421  35468  17175  88859  63120  33843 109848  10699  48986  61496  25254  98853  84239  68042  35839  25180  12567  34478  99213 120834  17892  22185  62498  11188  39463  56191  54796  73607 118952 109323  31272  98776  75423  68038 120711  96999  82080  87147  32388  13726  74412  76209  37274 118602  14596 103124   9223  36361  24510  10618  36711  53769 100521  65471    540  56338  32414  15215  63300 112518  89882   9744  20844  95778  70076  32094  79877   4879 107767  38550  75351  14592   6278  10918   2265  52558  91238 109250  60491  48775  29964 119717  21092  51528  78308  90623  77195   1679  69631  36311  91532  87493  26220  20057  83805  94486  19253  28266   2122  93847  27137  86281  60973  15081  76193  16111  82874  50065  94175  95176 112859  82987 101632  10295  60613 100251  24750 103322  86422  95817  84425  86126 105383  68908  52724  74645  45492 103294 114031  84101 115972  95904  95454  58047  49373  21391  93086  91750  63281  11154  35731  17171  17726  57408  73726 107580  55904  24222 104899 106808  95239  99435  92023  59958  28723  85925 103113  99949  53779  82400  45999  85385  32239  60428  61714  84235  26615  72940  94992  18353 108861  22705  59088  23625  89712  57078  27954  63500  33133
  71006  27469  18724  73609  87443  50647 118040  97712 100433  98337 104088  15265  84779  26165  47050  55047 107648  42984  32778  80687  13794  96817  21316 103728  68948   5769  41928  95655 100192  90415  41026  76520  24874  89444 111987  78004 101763  50598  96287 122136  96243 120103  19638  38548  20419  66824  65186    459  29709  51649  37072  45656  67142  20621  70483  32770  33519  35403  91558  30686  54077 102495  44801  30957  95898  97610  74981  82427  42667  62069  53042  59245  23176 103927  67369  12638   9297  11486  53379 112219  99521  83092 114296  12019   9558  90439   1670   8898  80808   9016  76262  57690  92737  22487  72720  80454  18133  80072  66758 108423  56794  47018  32920  62981  96486 113690  85148  97358  73562  99999  81862  10248  16903 112564  10434  33754  78009  20284    468   4143  92693  99106 108462  99274  83921  85584  34852 119511  43650 112553 101734  12877  51074  17689  62874  43303  88180  98282  90395  37365  69445  17992  91648  34991 100026  15290  96334 113111  68293  44366  25777  61743   5424  80900   9198  87390  64294  10073  41607 105036  68157  50186  64623  36143  63111 109876  79618  45836  69980 111674   1692   6657   8456  79732  39953  73232  14708  80059 116171   9167 108719  92447  80843 117038  14990  12694 107300  47724  14101    551  42915 117617  95908  98502  15391  37155  72636  28013 122467  80376  65910  65164  90380  99828  86999 117299  85545   3828  65024 122157 118503  76113  22301  25405  76423  55327  91034   3362  38088   3171  12051  92947  88636  68760  52504  54637  62610  44918  57208  69332  23079  44520  94742  72054  53674   8048  46182  95668  46145 111915 118856 103130  38971  60330  98614  13146  10991  14013  81297 104087 107065   3006   7257  70523   3471 115847  10455  26479  78510  57055   6197  86691 119086  36901  90664  17415  23344  87926  50227  42217  71880  82410  79688  29042  84156  14096  25578  56754  59829 117833  42534  27705 111881 114647 109249  89603  15658  93860  65932   1726   9993  83553  40914 102170  52753  18665  78936  71527  94327 105115  91763   1194  80693   8750  69582 114899  64749   9632  78672 114568  23998 119354  22752  77038  65175   2098  67658     20  46902  48808  98306   2059  94513  84188  30850  98828  79385  13502 115732 108148  52902  49621  23094  96154  56688  67459  38359  45306  80101 114715  95726  54811  61212  22043   6971  43371  57016  69237   3946  96878
  45973  49021 113465  43870  19026    859  91143  23346 122154  32732  89908   2621  61860   1736  85145  77136  83613  38934    970  53924 100819  96090  90886  27479  44656  50453  28224  91178  28251  36478  30674 112554  76047  80247  91550  20903  42631  80775  18923 101764  21275   7894   1764  11615 106571   3481  92794  59254  74664  93972   8684  86890  88389  49664 117245  82348  16303  32460  41437  97648  22100   6525  47918   6217  74467  87831  63729  83101  22268  34113  56819  76237  89150 118070  27163   5700  32102 104971 119202   6479  84220  90870  25551  90143  91764 107916  61059 122332  74644  32877   7622  86273  58089 112315  75861  19257  84567  93684  46227  42494  31174  61976  36573 109342  14585 101610  57926  67862  51288  34266  85007  34217 110748  75010  37128  65431  26370  65660  73948  57509 105875  57413 121382  50317 117073  71098  33663  33534  97904  59209   1053   8758 122444   1088 100755  46415 110486  35505 120632  44316  57405    987  49696  75498  90778  55343  31140 115867  70927  74865  70002  93423  64015  47654  84710  49176  97519  51091  77087   5313  54112  41895  76637  63355  88801  33894  96735 111496  96819  41392  52990  26969  77051  16647 116559  15372  36562  77671  15044  33458  19826 111653 109104  40983  83167  71088  78281   7750   7777  44813  80840  80664   1085  30167  89823  50248  22854  47533  29169  94122   9343  85438  97632  53813 100624  64779  81961  67755 118758 119133  96134  79289  57889  71603  28503  38150  67230  85652  12724  85166  13323  26778  80616 106966  73655   3811  43248  39731 120924 115224 109701  68419  47188  40688  53112  91069  91617  77529  80932  81419  22329  85929  77440  81252  70178 101191  42714  80903   1022   5325 121851  25575  53599  71273 106439 118380   7558   1142 104362  78293  75182  38926  68609  10801 107316   1871 120961  20132  97848  22874 106814  11479 119310   8352  72527  92507  47529  44018  39189  37760  56145  78070 119220  35931 109091  59460    922 100593   3807  27892  77135  54211  68805  34971  46605  36753  17698   2788  68272  59910   8807  36180  64274 115859  85030  74133  92939  58297 101499  76192  60911  75088 111874  73330  76301  51030 113185  99878  63088  76863  22916 103931  69434 105877  90891  67655  17794  17364  41393  84341   1722  89924  10604  83392  31155  74848  77746  29982   8460  27532  29143  86749  57731  17147 119627 114398  31089  32150 103257  80351
  51010   5347  41633  98186  24526  67171  13514  77976  28624 108970 112098  75649  35391  54944  50685  85488 121805  28549  57024  22075  57065  83592  22806  21612  13231  95470  18852  52745  77929  84866  62262  42613  40882  48233 111242  63691  44037 116921  30442 100437  48141  65225  67139  50380 106227   2132   1099 111616  18720  86757  31152   5405  31883 115026  23870  24823   5198   7164  25027  99733 107250  51424  78766  14139  79192   3955  81449 110542 121173  35431  33593    828  13606  10310  54301  80095  94701  79892   2507 113894  43941  45859 110086  15249  24998  38929  88147 108530 114112  27851 110666 112068  54156  96140  23457 112795  87645  10364 119542  19724  88437  45865  93980 110366  68196 109082  23589  61900 122290  45941  65211 114511  36125   1240  95598 111025   8000  62552   2011  61272 115576  61083  75318   5936  77730 119897  68926  67205  18101  79339  61924  97559  26135  59722   3199  32826  21568 120858  72583 109053  78592  33651  82068 103007  55514  81664  29176 111759  41448  29451 112285  43284  47296  11713  90562  89560   3758 104325  30232  74812  12192 102122  39415  27457  27464 104445  68767  29948  74331  47585   7828 100274  41237  47301  80367  70194  53214  15759 109465  49950  77592  28746  84304  84461  88414  22926  98972  12408 113114   9075   2814  36521 115312  40365  43427  59499 113290  15600  41866  49873  55785  68997  19239  12282  96929 106529  79589  72611  30631  88808  97455   2446  78475  24388  83839  97147  46242  42934  63595  19565  90960 121139  95942  74873  94480  55314  52100 102224  99049  13966  77032  81953  35584  17677 111102 110646  19767  95748  12883  94947 104925  35612  50100  31817 117348  48874  13251  15637  68883  63444 105370  69045  11993  48450  67799  93287  34765  43530  43715 112567  75864  64437 109238  29416  99541  45895  43677  95857  73900  60467  61892  99250  72429 114443  81827  67400  58118  83228  94061  68319  89097  38268  93274  79802  44615  35841  57303 121185 121565  22725  63801  20711  14774  40310  58067  62465  34936  18150  15548 105014 110048  26406  65874 100826  15087   1090  94498  91534 111559 113364  32347  74384  18729  69814 115673 118883  38116  54778   5922  44825  32355 100925  86408  72291  57254  58850  33221  15254  94758  24976  26697  62946  17399 122330  23433 109358  71089  70424  16950   6411  40472  85471  78561   8340  56011  18575 100534 122449  49386  77399
  55010  55584  26852  85521  58771  12581  40419 111977  31627  98454  65897  58526  15090  87188 108021  27170 118632  40645  84713 121165 118479  24116  13978  27191 102228  44926  74671   7670  87788  12851   2351 100034  39088  18059  79310  95168  63424   2293  41276  82616  46413  64979 114838  46764  53146 119282  55204 107576  79186  87589 103752  38619  47310  55399  39588  28774  69081  22797  53321 109010  12570  52421  55183  64765  89079  57999  26218 104255 106305  72560  95195  30758   9083  61555  90432  81868 118241 100317  58079  86364  16357  38901  10615  87435   1218  74761   3029  12363  66859  26896   1092 113584  48738  85196 109552  61500  58018   6693  96044  96785  10466  93591  53083  74015  77117  60304 119581  94704  76800 115942 101501   8325 110905 101842  68034 106761  62464  10154  12309  61394  78319  20854  50687  47433  35002  49466   7061  33817  49714  23881 121697  65422 120519   6813  26898  32590  13148   8372  71908  78757  28883  67221  34233  24666  10097  83043  99586  27973  41898  80949  41497  44482  89453  23428  61728  65460  99560  93689  57424  88950  14671  16397   1072 118924  47127  78149 110478  33228   9764  34346  40822  25102  82826  71723  99542  27289  18786  94650  86546  96572  33158  24428  85830   8815  97225  49389  36633 118745  77065  37877 102102  53126  76938  68387  29332  91736  59944  27133   8443  14346  99133  46624  30419  35952  74952  50709 105715   1635 110654  96574  95911  50469  73049 106491  29970  59392  24872  83364  89418  65791  78157  10435  15601  70639  64605 119422  57339  21688  34923   2442  62681  74740  54610 114118  27888  41533  35655 111015  25292 118314  52748  56077  96444 120683  75804 104953  52542  60006 108609  47881 115636  59986  56723 113155  15691  12831   9173  42854 110314   7740  52607  27236 115197 105937  69625 107825  17294  92429  14278  94905 111733  79023  67007   2941  49339  49079  54152  25448 104983 117324  79909  79145  85770 105947  51958 114788  80897 120791  71911  12300  51410  85722  60526  33767  61959  64394 102987  92689  24936  53915  98667  96656 108092  54520  90802  92505  79350  44917  25060 102893  68228  91315  60946   6073  95434  21774  64931  72743  41986  25949     44  12278  63052  98681  11873  69100  66386  43852  53047   7830  82685  28857  67243 108915  94794 107756  88706  42071  74774  99826  69255  26825  39940  57204  35255  32512  62348  47143  75442  33609
  67600 106321  76988   4209  71171 115453 121046   4064  95978  33777 122443 121437  70799  25418  24520    162  16975  64134  82017  66364  96691  46901  90405  26294  60363 117878 117197   6825  82095 108470  77451  63547  28510  20842  19979 101291  56251  32416 108619   2878  84452  84058  48216  87653  48262 101370  80706   5844   3616  77713 120989  51089  49980 101966  98861  59619  46303  68343 110236 113638  94435 114602   7819  58750  96195  47447  50879 112148 122059  45584  85944  81590 114016   7463  70124  67035 108727  22904  98294 119287  45378  80756 112816  39383  14762  13367  37262   4107  53607  24849  11337  99396 108166  14335   2831  89989  38795 119764  14350 116641  60900  39672   7464   4461  82084  11396  87379 118772  94128  19435  56765  18612  99395  43678  67703   3203 121966   5661  96222 110145 120249  20607  62259 103730  51790 116507  25512  83660  97069  92650  34799  26203  14206  47498  56479 105028  19523  39691  67023  70414   5612  36599  29431 100171  44753  61606   8711  78146  26529  77289  51687  18131  87249  86991 119590  72722  35859  32357 119272  82759  51472 109638  39931  24485 116337  26139  53573  59477   2631   9190  17208  14759  18109  59915  47895  77302 118438  50217  49162  64797  81291  47703 122280  33682  67102  80511  93242 103362  66095  18293  26237  82053  47738  92480  77846  87695  24656  48809 108367  71083  31043  78367  59199    315  19032  17652  88752  64035 102302 108909  47263  43933 108193   9325  75760  27622  90953  25024  55551  16074    754  40817  90582   8990  24843 119473  76145 121111  64625  16689  46854   2743  81013  71824  46171  23300  80029  37905  55678  31490  43101  66848  35348  44333  56944  34249  28829  94893  89664  30082  31559  62067 121326  31119  45169  17098  94255  35969  72631  96583   8312   1554 118418 117930  81179  75375  12354 117839  63907  17495  70892 105561  91004  54963 113151  15171  81949  44700  83616  82024  62707 111884   7904  77130   1927 114279  59806 112505 106713  15558   3256  23987  62589  42140  35384  49584  83089  11219  46527  52821  72361  74971  83022  57423  31755  81744  48845  85153  70015  66705  81577   6855  93218  29222  70567  19469  31112  64275  94396  73121 118083  46121  43390 120271 111925  60810  15649 114079    268  37404 118044  11960  61145 122128  78522  61428  95330  81789  44793  10714  34434  92473  73403  15857  75547  94603  36624  97073  27962  82742
  27910  95210  55171  86946  23303  35401  31524  25983  39977  57717   6943  53060  42868  93441 103655  66286   5174   2010  69556  69776  66821  86830  63193 115540  40864  35200  31583  92536  60346 108217  37710  74823  48525  53558  51951  58241  13488   9243   8993  53766  11036  51016  55224 103615 101787  63391 104079  56542  52103  97121   3346  87395  12695  82347  15872  41230  29204  83194 107547 116991  96622  61888  60950 102968  70986 104685   9455   4563  73872  79513  93786 119686 113264 108662  23653 102478  37593  77622  48544  66290  84129  60150 122308  57217  17075  58553  31401  77674  82394  36590  15883 119371  65222  17554  19309  88361  21143  74176  18526  39094  68061  55780  46557 100574  93863 103766  47568  97191  52783 106905  37142  33414   2289  63356  12740 109525  35237  56678  92903  99125  23727  14360   4397 103335  90362  13843  22994  62483  99425  65867  97981  96269  52376  55402  66070  97165  46855 100147  16263 115315  81050  85796 110032  73956  31444  60952  23202  93225  94288 113257 120234  99877  35787  68437  24758 111569  69471  30353  12870  58126  23515  54816  53025  98505  84565  37559  17890  59065  58024  18058  93743  80107 105577 106926  55000  32794  23164  26228 109995  92844   9974  93590  23814  51734  31742  54964  77458  11047  13707 112301 115256 105335 110875   5177   4517  32824  49093  58518  74837  29528  10691  19491  40473  35323  61874  61112   5316 108638  44674  17352  66641  33683  52986 116827  18203  98737  33222 106159  97352  63899  23913  25416 111617   9205  22440  33862  30978  11722  99834  50611   9107  26553  62904   2243  12302  70236  62624  74442  64563 120976   7763  10384 102015  25669  29392   3336  45546 102252   2276  58256 107858  32831 117569  99257 104749  38510 109246   9072  56190  33667  43001 110966  23594  87821 117786  30088  43165  14073  26649  85570  86526  97361  81114  93755  64580 103373  44111 106112  19952  88093  93428  32693 120865 114006  62499  63610  34057 103214  98977  94025 119623 107223  25696  90868  64568  73898  97470 110652  89123  21870  88722  38703  96809 113623  29975 121279  70238  38009  79654  70340  85112  26120  50199  95057  84324  83865  37285  80284  70032  20060  29509  39273  17238   3259  12262  42094  39256  66237  75808  38587  79168  81074 119064  47089  52349  65396  57341  23439  83667  95013  31722 118815  32528  85641 111948  14886 108238  23902 107873  56463
  81274  51548  38358  55248  82229  52080  79831  26508  39795  95947   3024  61656  26590    354  61700  67397  50847  27449  94230  78919  49427  26552 105623  30140  12384  39176  58504  47757  69759 112893  89935  54840 105744  51566  68608  21175 121788 116110  39173  85237   9385  36668  23395  54525  56277  49106  12924  75371   3473  23454 113056 115961  58044  64782 118767  23948 113933 112316  10074  68556  94385  27866   5077  24671  92021 117275 110338  25763  31690   2478 104033 114232  73519  53808  28318 119723   9734  45974 103536 116799  29866  49289   7063  18028  70833  87865 120488  97323   2666  90916 115820  52188  74674  12239  60960   5277  92482 117043  19934  50521  20802 116843  68587  37759   9536  74973  70343  77679  41185  23183  48658  15229 105620  69908  55118  18369  29838  31340  86944 118254  43382  35928  40221  14362 108541  70387  80205 107467  34695  89682 112474  72131  14942   3184  87849  19745  94378  52932  14130  77129   2135  79545  53238 111338  75802 118628  28519  11165  71822  36860  90461  63661  96460  13479  35497 101931  13611  59366  18138  10974  72400  53369  22573  37979  29322  55069  58179  59316  87774 117458 101268  69339 100198  86379  97801   2162  97296  39954  18597  88587  56280  59759  63574  65303  26359  63105  52217 115838  77456  97184  23630  22748  72455  90987   1598  64210  46565  42571   6394  25998  33854  16699  69947  78532 108370  45031  67970 115112  57074   7854  60369 115103 105942  90323 119880   9070   5610  65589  92845  94048  95179  33037 111615  82807 100745  82434  32073  16129  31834 102370 106169 108545  48365  53024  17872  38598 113904  23318  89005  16851  25352  60566  30814  88698  83135  28282  54708  55223   9426  12178  65030   6915  65095  48620  89865  32642  64655  62933  69071 108521 111199  68269    950  30639  19882   7111  92833  78181  66766  41953    955 109130  72140  61488 114822 111215  35769  61097  75621 101162  96790  26113  96101  38588  44931 105823   5115  79306  72513  14450 116900  56079  57053  73329  90526  21458  55914 119264  28727  75898 117181 102280   8546   9029    271  76021  94573  16866  10882  90549 100611 106851  74144  77977  31227  63887  48424  78494 103185 104177  71156  86253  10777  41593 112328  46070  55428  51062 119373 110223  57578  75086  94259  63653  74816 120329  65123 104162 106645  10255  59518  20596  16688   3522  85457 110172  16795  92153 121649 100978
  87595  89294  63165  83599  32586  41043  73674  11368 106625  82477  31477  68765  49567   2370  29418  47152 104743  57223  19454  63660  89272   3139  38523 103351  29543  99455  74068  64290  66678  87707 103551 103473  54223  59170  81680  38272  23219  94763  62455  67738  85602  39433  98539 113325  68134  65456  95427  77254  69618   6347 116702   2821  88365  15700  66319   7482  18503  61445 116614  46442  21549   6981  99228  82443  30093  76103  31385  32467  62920  34701  13139  93906   1816  12483  24610  36086  91448  23235  85161 105045  60644 110400 114664    176  98390  73584  35993  75320  27015   4544  10232  41187  23885  61308  39890  37301  16330  97101  79068  17369  27347 108806  64340  87579 100046  46874  49057  67367 114785  85550  65314 107502  62336  62217  33477 104154  70609 103355  80968  67925  74057  97186  20840   4228   6104  40982    204  26962  94792  37046  78186  81503  62300  15954  64791  75309  79414  89525  39138  88791 104687 103880  78021  38905  19727  90930  30302  88151  40197 107652  46253  30246  87670 103396  17579  37483  45454  41592 100361  35635  63981 110735  33511  26924  56223 111598  14410  95927  44322  71609  66776  54729  19503 110114 110361 106556 115966  58306   4891  13158  85896  75409  40578 100000  69088  90230  13432  76406  67392  19647  52848 109853  53153  36908   6498  42306  88736  48932  64643  46111  87646  77760 108107   2490 115338  62324  41446  49738  86319  30869  55858  68212 122316  83439   6408  30369  83150  41934  49099  54102  40318  80213 109765   9138 104641  76266  84373  28637  11965  30422  52439  45842  23059 105788  23626  98284 120349  14859  80311  96784 114953  27865  74613 112825   3400  39927  50200  19695  68558 122011 113564 113870  54197  89042  60453  78982  72162 110247   8412 115480  42429  33001  40032  80097  30975  41476  68549  50329  66560  78161 104028  28462  78481 102794  68463  76766  24104  99307  29610 119650  12986  89936  67774  65946  14743  25425  99370  70971  67932 115270  17606  43459   1817  18850 114498  94608 104579 100669  45538  17126  38706  22275 101471  43674  34420  50231  84083  18638 114459  43771  68830  50044 112210  47220  87804  15870  40791  61328  15890  94620  32713  29871 115176  10368  95084  76818   3369 113353 100831  19889 114478  51498   2644  59789  51256 104171  91597 100365  33629 105791  61557 100214  96062  10867  20681  43991  63275  20104  51043  62760
 113091  93675  55368  71074  69268  20000 104993 119055  89683  44290 100818 119669  48714  62345  66615  61354  61936  87736  74712 114745  96831 106554  85043  13477  98891  45375  71278  67253  38204  94423  93809  79346  48058  87540  14912  45066  82873  75286  43721   1566  59459 108437  99057  93137  49765  25693  64357 104910  49073  28133  57891   9578  49559  83668 109075  35054  84126  37163  69858  81733  16536 117413  78542  15266  95878 115789  14790  58497  29727 108211  85213  77872  45887  85710 106115  90434 104097  20220 107303   2099  36453  56813 118920 115223  92734 113370  58364  19116  39857  22844   2111  10567  64382    797  35440  77204  62081  74728  52907  33999 112685  68943  32056  91974  18534  49739  17044  51953  92134  35806  27704  10744  45438  56890  81382  85728 113637  53331   9688  38071  75043  80829  22255 115169 107962  95988  99076  13328   4781  69622  43421  25311 113583 111878  93785  44532  76521 116868 112985  31431  35030  27725  33958  65719  44209 114781 111645  80730  48802   1559  30990 100063   8950  75296  71498  18965  11146  14175  32478  39828  86074   5414  47190  44233  87261 115303  16980  73887  77173   4696  58043 102771 103426  84398  40167  44354  85297  37752  83310  85967 100628 105235  52184  66415  81713  87115  93398   8119  38318 100518   8014  25569 116294  36990  57750  51640  28545 109511  71446  42881  35842  28959  57793 109991  28893  20322   5296  97140  68271  68024 101652  80970  89382  49065  30671  80136  63396  96022  34578  96294  68935  60508 101601  14771  72236  72242 108742  20108  45574  69648 100366  12816   2036  73302  14837  58008  94426   3552  99570  29152   5903 113195  60055   8258  61033  46707  25308  97145 116313  68541  87756  92433  41804 112834   7330   4343  70294  64115  47111   9105  21171  88349 121024  14635  31986  37461  85518  99121   9285   5030  51903 112507 117145  85401   2589  45802  47847  29701  20295  82954  17719 121938  20608  93793 119054  70715  54873  81213 115261  89610  73685  94249  25333  10353  77438  73117 101733   7656  71205  24756  26477 111851  94209  15491  13512  55409   8642  39101  52448  43934  57132  53055  43992  30241  42046  52302  71980  67045 118233    917 104378  34656   6161   4775  82577  45746  71663 107954  14973  29644  58203  67793 114086  35777  91501  59978  61301  85433  13264  54949  70055  95919  28092  82301  10491  72159 109171  60988   2443  91227
  34255  75572  27201  57374  39232  86581  21466  56142  39665 117431  51232  78790  88861 117137  34718 108704  63662  79028  63081  20812  91301  55979  80627  14195 113087  76933  59898  13360 114465  67022  65108  33550  65078   6133  70910  16152  18284  40313  66027  97200  64964  73863  46592  77731    545  56604  59457  33430  26900  55386  60160  88016  80104 102142  48591 101198  91299  61003  24042 113862  14944  35462  49756  38858  76701 103718  41244     26  76363   4878  39526  58818  26829  59983 102958  27609 111248   3127  19256 121885  25612  70602    371  85328 121500  27123  18272 112667  80904  50747  96858  94959  77523 101803   4359  68983  85873  79209  48312  53161 113521  50436  72638 101512  16841  49087  27039  56708  49663  95550   5481  24967 104710  31677  34068 109854  13638  57145  78261  28908  18819  51688 100848  76539  50600 101849  59813  48771 107535  36039  85802  23345 100672  70869  20889  43797  82447  15832  60184  11304  47975 111804  90698  80836  62855 104018  19229  92375 102232  71227  38504 118587   1650 119967 121653  47830  37478  85642  79315 119089  96905  41124  92240  61285  59230  68342  90895  26834  51257  73111   3875  37144 104958  88169  35653   5033   1049  71864  87990  60165 119813  67460  47880  48797  38920 101158  60031 110063  33412 104644 121818  85743   6360 121889  60219  74218  18868  16037  36413 105958  45564   6121  46684  42171  29190  27358  26957  62528  11611   9646 121748 116169  34737 114608   8757  59383  84607 121628   8735 112422  86180  46538  29673  71744   2424  81039 110427  43473  99960  87746  52438  16590  13459  35371  39663 101536  62717 105613  78955 116891  62216  59061  86539  84943  53387  78671 116754  87507  99832  13428  78974  32482  58748  35955  88023  65034  27585  56162  58479  74382 116984  94636   6113  33088  60695  13179  61199 117993  69762  55751 113901  98278 102150  34749 107913  55304  31052   5353  39369 103625  77927  41459   2655   9520  86607 114265  17319  13213 112696  85838  66019  64553  20690  62235  97367  28924   2156  94271 122410  26395  96612  80950  79547  48268  12819 118842   5554  66802  86716  69771  56781  36091 118522  18130  24335  39174  99465  11977  75415   4072  23110  82444  73922  90546  32609 100105  79573 103960  94067 118899  29909  93730  54730  26098  48351 104914  64311  38243  67869  64013  21655  57835  58490  27271  64647   4714   6259  74634  24565   8579
  16266  39853  90443  63805  79576  51059  99182  38110  32365  71674  14648 114264   6995    146  57107 122259  52548  42851  66324  63418  60180  14734  88695  35994   4110  48032  16801  36734  85228 115411  89170 108138  46549   1991  87426   5760  63482  66484  93232 119101  39008 101060  91393  44369  97463  37749  13456  94237  41383  89744  24962   2697 118101  58682  96476  43711  33196 102025 120141 101186   7990 101371  60310  90099  47611  29370  23836  55403  77918  54103  68098  15088  78120  83013  66582  60440  12191 101072  53044  89828  16572  47747  76371  21825  53453  38047  11970  68486  22840  58993  43585   5269  30406  62929 113117  25436  84394  17818  80969  89590   7292 102470  39272  96674 111190 103727 100426  79282  80168  33509  66275  25497  57210  55736   1492  57433 103568  59648  80789   2129  26520  94987  39250  52948  22249  60053 120402 107070  22601  56527  68407  88545 111278  83054  96907 116817 118944 104813 121140  99032  62592  96411 121183  53520  85773  28888  97917  21381  40241 102606  75789  43470 110081  48887  80040  53188 109301  21091  14186  34647 118176   2854  62667  97227  50501  60041  75558  99369  67447 120337 113001  50324  96682  24261  53716   3268 108062   9202  49769 105795  15448 117812   4434 103846  77991  18593  78830 104915  83050  79887  38049  73888  55249  55442  30755  95498  53528  71432  14458  34144  84011  46390 107820   8170   5733 115269  98326   7846   6658  43211   3979  61827  60423  17805  95729  13043  42253   7582   7249  65617   3595  87429  93751  44832  62740  16124  26410  21751  13461  51280  70817  69970  97452  96331  46946  39652  70526  41624  32796  50624  26919 105373  93529  94805  31528 118686   1968  47769  76909  66445 118046  50680  10593 118023  15384  43224  31455   4273  86701  85774  28918  85737  14142  40546  68367  48139  55940   4315  17166 114820  28291 111560  54998  88851  53080  71879  36687   6126  84793 106887  92627  77143   1939 122163 107920  39742 117858  97841  46514  72754  55130  40149  54741  15115   7572  36069  36336  49128  29091  91483 102359 120164  73342  34404 122460  35570  12823  93439  66744   4038  97114  61705  30306  80498   9833 119291  76471  36116  83499  86044  42803  32039  32709   1139 116255  95888  22965 104917  91767 113201  72144  98133  66483  83639  48904  27581  57261  96930 105276  96408  85430  36215  27874  78505  65675  55333 119457  69754  82543  28017
  17129  62900  45660  58658  22649   3121  68178  66857  75317  84458  25499 111530   4485 108998 114025  56327  74899 102496  73813  86042 113478 103004  56585   1444  24051 116242  97012  30014  93914  35064  21482 110946  83073 105218  79878  63016  45423 103857  12632  76598  53343 106281  77710 115835  97124  95695  95765   3438 112022  13384  45185 117735  32483  38881  62321  24706 109561  23516  70638  83474 102728  63582  62913  46435  82994 119816   8583  61925  21775  90871  90166  83160  59315  29185  68254 114198  29558  23325 115890   5676  46853  60014 101488  28942  93560  71489 105431 113657   7950  73717  91654  59069  78053 108273  79713  12352  80020   9606  17335  59136 120145   2571  55601 106173 116382  74178  28286  52847 116876  88327  14014 119691  66949 119284  83414  14406  30571  67188 113676  48897  87087  92660   1540  21779  21971  62988  38406  23288  68396  86202  81062  58097  88222   8178  31605  45435  70885 109691   7657  53162  19065  58437 103901  93746  23532  38046 108679  27212  32377   3166  20500  39600  43019  19669  72848  93593  19185   5587  75659 103215  93671  19601  22673 114209  32647  77845 107009  36280 104113  86321  27300 116692  46228  24828  66595 121448  13567  89320   5407  90788  73690  30678 109463 110293  53460 110823  31556  43519  68706  52893  26221  92193  15237 119612  20254  21159  41785  33782  22147  66769  89690  66074  39492  94575  85664  45531  38235  39275  56741 122372  90676  15952  51870 118408  40445  36723  76337  66995  40964 109345  58106  98782  45107 101921  64640  62158  11145  66248 120760  28241  72736  23458   9126  20940  72947  32584   2604  82405  63229  11477  61654  71758 119193 121042 106827  35097  99540  82028  60217  10395   6633  52611  84137  69963  68402  14388  57939  27379  12881  71946  69491  25913  83379 110112  83455  86179 114081  32700  96168  72627  43013  52832  72927  18836   5950  69403  67534  28261  43467  18517  26712   2824  92711  81569  65210 115522  25256  46814  36318  21123  47786  68793  86979  50563  23240 112392  17067  27709  19776  66600  10654  86195  69205 120532  14394   4994 102965  93849   7640 113503 116029  94081  66808 105816  75878  61610  91876 112990  45877  36272  29898  35883  71141  62509 117064  28541  71445  28335   7388  10211   8366  95420  74648  81211  24810  43337 115978   1207   6118  88823  57510  48417  39037 107005  38139  16822 103145  19131 114593  89223
  80486  29560 115360  21062  53004  77825  46701  12771  11291 109385  92714  30802  54554  65393  71411 117592   2617  87245 103632  67082  44800 100920  24249  93118 101660  73462  23231 109669 115340 109837  20522  30988  76199   6839  86192  20765  53298 104676  44472  96464  39936  66546  82255 100385  13767  62473 121687  28370  45978  60694  19370  19949  13185  12285 116683  17460  21599  74125  31550  39069  55908   6340 115161  82218  18697   2859  79669  14155  19321  92305  46503  58937  38593  92520  23301  39190  44703   7633  27500  36211  97690  44004  74640  12451  88884  17418 103806  50161  60414  69199  14819 111801   8068  68301   6163  12415  65881  38147  36938   8739  11945  18200  56586  68265  33977  50281 117294  83264  75266   2017  68521  90134  38442  99126  34738 114367  33851  76604  25366  74381  73880   7078   6580  19947  45796    123 117689  58406  48855  71959  94739  52444  21453  27562  49246  59679 115125  20209  88784  83371   5195   1231 103151  97784  83034  40691 101200 107038 106465  56453  50670  60086 102090  35521  98104  55846  51046  98876  17904  75668  94674  43549  18509  79204 116787  52110  78720  29542  40431  75448 103750  58790  86378 101217   8467  33155 100204  19004  85651  18681  86508  43842  10774  53019  69942 115201  37333  41999  98338  79107  52752  71574 107698  27524  68994  70151  79757  66307  98379   6179  58775  32583  45072 109507  74626  34086 110935  50462  82861 110867  86001 118400   4951  72477  95395  10818  84586 108205  47298  51380 108885  83822   6200  60656  43082  68822  90153  60787 112562  11350 113816 105192  97962  60084  87855  73268  36485  52466  84677  38544  22225  13519  89468  16642  69151   3119  14183  57451 110690  54326   9652  42906  65399  67448  64105  88134  91877  80481 114856  47651  95205  61816 112183  80685  76952  57566  35533  91027   9449  59306  23671   1493 112490 106841  46889 114119 102048  31529  48448 110310  64667 113730 109986 102775  84546  90774 104077 121560  66292 102963  37139  37924  78699  83258  24185   6323  43970  43947  84734  40869   4914   4836  69454  51372  77911 118748 109216 120774  35890  53241  65086  30542  89693  75214 105042  74604  23968 121456  77780  68724  26977  42121  30772  69420  25191   4808  90146  38265  89793  10478  13370  25157   2875  82385 120226  69083  97269 120736  86693 102979  20736  58226 100947  14210   4130 119075 116151  61175  84667  22466
   2412  23521 114958  18019 122431 116808   8886  68766  43879 102797  85585  93478 117424  42457  21725  46955  10950  45950  36105  38001  15177  58363  68147  18881 118965  10428  56005  86511 100119  53052  74369  62887  12196  64946 111954 117113 111682  96311  32878  11646  34257  17054   1118  90181  66549   3094   7356  39842    378  98759   3435  71335  70908  63748 113419   5935  65287  60541  95248  57628  11080  12670  66051   8229  56584  13319  19369  32381 121215   4861  73095  99578 120870  30371  23129  29349 102545   7636 113512  13538  53104  75743  84298  47717  32465   5716   3294  33598  15066  24838  88321  15193  86301 115836  34756  94907  12591 101479  68171  49304   8833  90227  98083  28346  26132  62970  62566  52440 111597  70328  73919  26770  84705 113413   1042   1442  46697  99885  20239  38210 121519 116282 114630  84891  69732  38791  15011  74989    713 117962  68920  81705 107861  90600  82495   7371  63161  54277  68786  78806 115968   8593  27182  61755   3215   4426  49324  77424  73824  68139  23706  63490 103109 111729  68413 112025  92184  95807    477  13363  54374   5537  64096  70537 116963 101064 104669  98265  24865 107063 100953  50702 116494 109350  88773  89720  86708 102744  29144  95820   7486  77837  87040  79860  79418  44975 106023  12344 101659 118106  13730 118738 102349 118455 100573  14902  61077  60596  78175 109428 112827  77118  19593  39882  37230   9750  62017  30935  41207  84315 102178  80228 119977  80319  89208  38343   9145  82611  35801  27895 110889  42615 113779  51752  66133  68090  55082   7253  22905  11555  91945  15556  13509  52494  81273 108705  39826  28171  39290  23786  89025  31396  50312  30690  66460 121106  48475 102019  66288  79812   4263  42174  45174  69979   3549  18551  69089  57089  60770  41438 109964  83108  97785  95413  98205  71567  70272  46504  39639  38008  57582  77040  11847 113061  59540  65375  39063  80551  89073  61805  27944  52054  71873  76973  74566   6331  67056 105673 109083 115555 120421  75724 101594  63847 107037  85001 103469  40761   8043  44675 104007 112589   3284   5439  17643 116558  52599  54281 119842  76332 105888   3534  56938  79195  22453  54591 116011  68493 112121 111213  25825  16159 116587  87170  72830  43775  14622  57189  28584  16359  71747   5905 105321  73707  71869  84232  83288  29541 115155  59333  22106  16150  94152 115879  16709  20147  85762  15286  15116   6231
 109441  75986  64342  85206  93968   2360 105245  98550  71954   6066  25285  38830  91396  22099  53659  15769  67612  19079  34758  41698   3881  88534 122346  71111  47557 120231  74222  28816 100543  54415  69902  49746  15559 107764  99971  37834  91172  96985  99677  51729  81290  89121  56211 112204  20247 104635  25092 115954  57191 118725  43250  56461  39692  18089 120064  57655  65973  11846 100490  60805  16565  43313  36378 102578  29896   4746  20817 112450  98553  22633  57526  53225  44161  12534  68167   4592  17222  48937  38949  92085  76010 110470  84224  38257  85797  13352  14545  76460  41065   8707 101687  10820  41348  72833  49989 102863 101840   8587 102408  98414  98245    851  89509   5272  67437  99140 112115  17633    115  75074  69998  81311  96529  82708 102767  80091  16297  57316  47437  91576  63730  31493  54798  29380  25238 119817  94368 117516  77931  83315  13218  23279  50098  18119  84467  48382  65759  16045  97768  94740  29384  42850  56389 100370  54657  76725  29841   2209  73559  92399  76515  42970 107260   8927  97251   9616  79572 107023  85035 109146  14800 106026  28676 120484 106337  63738  85990  70894  72607 118683 122189  38062  28069  23573  99095 107182 102438  30068  37421 108911  45620  73143 103924   1470  85278 110397  84501   1974  18340  99995  54947  33417  43866  78915  15576  85556  63484  34486  78210  85713 112476  45697  95730  26114  64341  54597  98311  87185   5172 112806  80827  14551  26809  36893 103306  78811   2119  50708   3606  77619  70114  31022    390  48891 113967 103492  87814  46254  69291  58918  78385  38191  72457  87976    620 115672  81773  95599  83333 103325  17508  54313  18739  63491  21603  57273  63022  55508  64919  36596  70825  18259  51826  82097   8531  10151 110208  42007  68700  43485  65381  10670 110681  74219  13209  77463  41640  86768  16660  25399  26180  90107 105690  65695  46949  22867  62642  17265  20971  47510  84746  39204 116965   9686  41020  62169 121770  73591  20109  74365  76142   9130 101105  97629 117301 113475  35656  52273  31681  35939  96177  27915 113964  31500  30619 119783  17361  30595 101144   4166  63515 107811  39637 105727  82852 119615 105488 105863  40584  75832  27402  19446  93882  67419    846  54171  69179  82545  61214  10298  55231  61856  67927  95621  32489  74847  90476  25204  67797  73252  23785   1175  84948  68353   4362  52263  53023 107768   6442  76230
  23478  73864  40547 101210  11514  94595  58095  77585  75753 119886  58896   6124  52955  44344  12121  96792   5580  40316  54920   7476 111230  66100  75082  17793 110868  33619  29551  28778   8440  33363 108962  48076  70230 115470  69551  95887 113263  14039  46560  29803  61537 118833   2499  77470  94523   7389 121205 117214  92396 113083  38283   1386  23195  85835   9597  40974 101997  80782  90770 107024  47268 113954  88194  10642  72620 100303   3478   6764  45401  26510  12564  34422  11463  45259 121053 109982  88631  72343  96963  58366  81677  81703 101353  14430  68289  89489  32977  97919  64987  64477  44038  24404  52459  13858  70043  91790  70011  49367 113846  81794   9639  55845  44649  12895  60924  53845  77631  35912  75154  17803 106341 122027 118678  93073  90397 116583 104105  54544  87917  79867 116077  80464  51212 108922  75699  52689   5378   8054  17191  64654  42962  57389   1120  63931  34861 108493  49782  39528  20438 108871  44980 112086 113489  56189  44720 117877  62984  46313  63245   8845  20222 113710  27159  59977 104460  68708  12939  63825  94889 104382  68569 110787  78088  87908  51481  22455  93915    581  28244 115870  19444 109068   6968   5061 112241  79614 105248  17834 105093  69557 118966  62287  52726 117668 109080  81494  15885  75079    434  27578  80088  56816  39847 102618    801  99503  33528  74968  17731  85975  78555 104180  16826  90222  50798  93213  89821 111125  26580  55389  43172  84018  47653  65458  62289  70653   5175  46023  17245  65427  11374  74716   6103 114313  94621   9913  77395  48633  66827  72970  49934  69879   1800  55990 121751  32502  45717 112723   7553  67787  31312  27105  84429  50787  56565  23125  18589  56968  10636  69516   6557 105116   8270  49447 118742 121427  75926   2055  82402  37469  43626  18609 111457  84074  99972  55330  49615 117002  82133  27732 105275  40697  72723  91887 102255  86275  63182  79491  12169   6021  94302  38264  97763  33000  22793  70153  97388  16670  19037  91109  90601  25815  67798  76748  50848  38129  68359  42210  62115  30807  79630  61087  84553  19145   6911  50166  28377  57344  56417  79905  77314  77865  44971  48917  54551  27623 119201  92784 109042  70841 109378  81367  86671  67182  43655   9567 105472 112644 112343 115993 105891  92834  87351  33638  10603  11951  69915  28016  34918  13116  37531  19188 105497  54094  36503  70225   9882  29611  53723   4632
  80753  94647  99191  26586  14876   4185  71809  39417  83137  59635   4889   6167  41343 111815  94508  43653  69695  89495  42932  80546  81454 117551  88163  30261 115081  12847  10632  56760  58673  84963  68671  31142  22949  21261  94391  43972  41880 104822  40795  11037  52403  72297  53306  95738  56444  28848 113679   7996  86339  55163   8828 118586  48659  73027  53535  45280  36059  90826  39604  22554  41852  98902 112238  32344 104189  85608  10110  76522  66441  25226  41830   5591   6039  65239  60403  57348  41918  96840  48624 113501  43464  13904    926  82412  55604   9110  90565 101719  79319  18467  35815  74869  45975 116756  10956 103965  97283  98400  59038 112399  40296  12863  58701   8515  87097  49032  55253  72042  79323  34747  62637  27203  97602 100634  97378  30112  82156 111900 112521  18578  21687  51171  57376  27037  57590 107632  21538  76635  85908  80584  64194  23678  50080  83714  67145  84062  45905  11852 108543  50715  20260   8356  22262 115439 103693  31512  30386 103882  12317  75403  48823  98507  75463  87959 109386  80173  71400 109155  15308  84274  38783    479  25467  23375 108665  89654  65737 113157 105419  73386  34127  34777  94546  96692  22119  59980  54454  73102 115992  49431  41428 109109  67090  80628 113097  71916 121377  87002  51576  82763  86467  59248 102566   2324  45582  81167 115661  23140  91050 117553  74244  98324  86010  14209  33807 111517   5076    166  10685   6378  79549  60557 110925 104209  82627 115316  49859  91733  98263   3378  38137   3813 101798  13471  73555   7022  49528  13175  68144  92028  62351  17739  80047 119898  76700  97734  65978  15399  19193   1280 109433 112933  22467  70883  80396  53340  11002  66385  10523 108761  42958 120041  17020 115194  12114   9802  24972   8604  56408  52133 106758  62789  24166  56034 113395  17522  41285  88648  66767 108651 115403  23949 107239  10188   9733  90083  31557  58509  55491  54335  95634  41745   8065   7435  29146  42941 111056  21856  91191  65908 107011 122335   8327  59787 104448  35282   5585  53706 109913  24702  88486  12800  56257 103439  91194  26954  95161    331  10811  38169  52869  50805  22760  58612  41505 102259 112060 109349  84552  31067  77889 101270  32760  87035  54375 119719 100697  34658 115313  88634  39781  14922 106687  73782  97152   2071  56918  10610  82011 102484  48150  45976 113803  50858  62229  25458  28468  81277  99417  98919
  82782 103085  48033 113640  20181  23354   3737  28840  49678  60820  36915  96253  54887  43034  43974  37894  94086  24753  46425  76690  79090 110628  47353  46007 115168  15947 115705 109840  21558  39183  10526  94786  56311  41571  54988  87531 104513  73947    169 110031  60445  94203  24120  53336 101636  42919  89699  38902  99512  63442  88269  43107 108203  27096  93649  60054  20519  87159  90410  61041  76735 117805  61368  91542 115580 114406  38418  23108  36108 104099  75681 105686 109205  87928  41750 107047   5615     65  47890  63998   3302  53303  98821  46952  28689  35268   3398  59537  84483  86567  53999  38657  30207  32167 107831  50839  80356 105350  20412  52742  28836  34682  47648 101621  95111 102845  39938  84788  48717  65341 116275  77346  97573  27523  27620  53637   3485 115566  97116  83040  98213  49535 118689  61527   6480    629  39035  55861 101981  48030  28316  72395  73072  45790 107472 114454 100827 110190  94389   9092   7387  76577  94733  48549  68093   7992  62360  22841  73318 111211  51121  81994  35407  53404  69302 101984 109881  53022 114775   8402  94471  33476  56932  25342  15471  57850  20489  48757  87667 121842  46796  39711  67867  74227  16831  36567  83233  28036  52758  87652  46229  59231  83094  54495 115333  58557  41868  86775 122397   4190    207  39925  96346  95805    372  32106 111157  24207  67679  39337 105713  51708  65765  47173  76864  72435  29648  29366  23232  43192  87957  89875 119568  61571  24371   4732  97705  61311  19275  74554  23260  59044  23887  65025 118514 117447  51990  46544  73425  43445  74198  85396  70997    473  70992  17715  62354  84072 112897  51406  40292  94811  95199  74012  96601  40711  64258  74157  82821 100473  71153  29397 103560  63309   3974  80419   6993 112888  47197  74307  52857  78317   1158  50416  74797  51402   2554  76947  98932  39300  73451  47120  39280  74508  77742 108981  55180   5358  13144 111118  60700  88344  59193    578  62491  89553   7533  42328 102683 118189 118288   9621  77835  25082  12049  22463  69191  43689  84741 107219 102121  29218   5043  82222  64401  73216   3557   8328  94009 118277  33491  96740   4894  33381  69347  28489  77331  92790 107828  71531  66879  73406   3244 105545 111513 118037  39556  51787  82936  21318  17084  91586  98829  70323  10754  58617  11980   9791  83362  30504  50421   6593  12781 122298  59261   2950 116344  32909  53860  16162
 105828  19929  83304  94940   5871 104978 118938 120600   6095  24125  17491  62748  36486  14559  97343  27573  92270  29588  64658  64847  77430 121498 112165  47387  78787  55534  21646  17249  29155  41611  41728  30540  45147  63431  66877  93029  82932  82494 103336  78024  77320  51056  47646  34527  35833  18894  32821   9428 109118  94668  61678  80186  43900  88152  57380 115812  66784   6890  57279  84310  69609  32978  13884  88603  39777  86940  79851  51604   5483  89963  12463  70494 113396  86844  25513  19644  53976 114700  56271  38167  20154  45958    337  56048  50633 117849 117457 109911  51646  44003   8839  69640  70783  26338  64024   9176  78427  16840  59900  51849  77264 103658  48221  46851  73659  80494  38890 117241  40820  38122   7631  58171  45405  59356  87772  66302 117392  97411  64334 116819   6531  73489  11702  34517 122216  67081  39480  23893  54879  85333 104444 117420  37737  48713  82919  86337    344  83105  69707  62333  17039  95007  35607  51812  41531   6189  37629  53130  14331  41783  80440  63941  52647  42098  21897  80122 112092  77345  33069  90892   5383  35849  71510  74292 116115 108517  94747  53097 105146  60628 102770  38153 117935  94102  81464 110272  41565   3982  54448  12562  35595  83977  89383  71521 115130  92895  42011  49045  15772   8483   5454  46646  82480 100566  19786  46354  13741  22338  45893  76064  83638  51982  14198  86968 106308  87449  32842 100585  24660  82445  34595 109041 104869 115010   3142  60511  32838  23634  95424  42327   7052 111629  79656  95545  39897  81420  73904  82836  18547   4546  47332  71891  69327 116813  65559 100112  57837  27278  96835  91699  52934 111543 111305 115959  28563 110928  65245 114736  57402    668  21877  24813  22418  52586 120511  92489  81214  19025  86226  77055  55811  80126 117523  56323  16747  39683  25029 122112   1426  33154  57993  18394  97009  65137  64536  72545  44424   3596  86942   6436  23574  64173  75303 104331  99400  76191  49230 105551   1305 116680  26752 118690  67363  35586  55385 114436 107742  25289  25210  69494 105111  54795  92807  28686  32858 100318  22591  61697   8744  64373  96981 113041   5304 101835  55391   9407  26582  25631  15595  73120  27979  46044  26091  41273 119481   4591  16370  38294  13084  73098 113707 102400  56058  85860 117550 118057  52457 119079   6435  59496 100033  18033 119051  90997  22988  43056 101539  83923 117161  14224
   4633   8632  51492  32238  33057  89662  69852  74850  93015 103083  54553 114372  92029  64345  18508  58640  71871   2942  86993  14370  70463  38608  72115  25136  60241 100769 121501 114245  73354 110405  99946  77147  12106 120515  53129  41602  38331  44843  95670  61581  66410  36941  94124 121615  67201  21349   5686  30432 105630  92045  88480  74957  64828 101031  88091 112172  11999 116389  81923  54758  85426  32859  26605  66247  39081  58959 108917  70326  38152   7938  13058  57489  50740  60220  86077  28159  62257  38869  89217 120253  25685   2603   6335  98049  76972  42414  61190   4690  24396  44782  63172  39077  61037 116302  13872  56682  76628  69705  23213  21929  92040  24973 120070  39632 103195  52939  36681  57149  51913  75070  72577  97058  56779  36675  39419  57041  67654  34159  25337  44359  44352 102023  27896  32417  53866  38959   7149  19304  98063  60646    325  63857  27942  56006   3952 118229  40463  87769  90653  87496  89916  42358  65192  43238  47904 106825  83059  86881  97130  33217  32061  77990  38925  57098  24795  71282  73687  71117  44106 118780  11335  59288  51824  69672  76870  97889 109470  85225 111169  15640  12253 112500  74941   8933 120926  61008 122144  88013  60168  67914  52778  13261  23811 106697  91890    642  37879  10242  40597  91498 100048  80668  77138 101092  80849   7675 113718  75407  77575  45900  14818 100005  89389  33584  46372  48701  89260  23977  60917  11367  73476  59602  64786  35136  88308  18433 114539  96035  46888  79410  84874  16519  69007  83208  21969  19231  52547  87550  32708  17874  30583  52714  21589 113415 119839  26210  50342  52953  20896  50718  63478  18475  30723 112934  70749  28843 121452  72021  22172 113476 107589  41037 111886  33240  23085  47878  72918  12887  99230   3255 117373 121352  49709  58759  47221 117769  71557  93348   2701   5460 119514  69733  69399  73801  14421 114674  30963  84060  55814  46438  70368  79533   4136  40509  22716  13814  83052  51134  97185  15583 105615  63496  50948   1226  45416  67225  20704  15979  98779  40336  77995  99887  73404   3151  72867   1254  48018   6716 107827  51283 104744  60001  93297 109656 107692  45160  21709  99437  27225 109805   1327  98561  79109  88918 100360  50978  58147 112030    566  46668  52388 113979  74158  42682  86839  12057 121485  37384 101808  22842 110968 120356 100969 112249  45051  89722  57236  86108  13770  24253
  46140  47005  38201  99013 109480  15310  76451  16609 121162  21493 118270  68442  52282  32911 115295  21284  54704  60134  87387  83626  77481  91244  49575  15036  73586   6610  89470  69747  72530 104314   2642  81417  14166  23071   6623  19688  35783  70536  68168  26131  56196  54592  69552   4685  27686  90757  50844  46347  42192  15026 115007  17197  38188  64317  10953 115810  20526  23156  33796 106515  93249  91021  48295  16474   6275  20095  71122  54849  56165  94064  38835  90366  79390  67728  98479 108454  45145  95257  23882  19405 116798  34332  39358  78346  32857  79626  37416  33954  26437   5193  16149   6986  40261 119129   9705  38815  23319 110837 106003  83328 122104  35796  33906   1580 101114 111494 104911 109427   7276  77074 100136 120365 117662  58733  20625 120642  95476  83594  18347  78286  39806   1890  54093  55367  15435  91996  71133  58760  87407  57581  42501  11272  92764  50179  42392  84598  25459  35321 111093 119616  23683  19639 108378 114447  68390  67346  11140 116355  78801  24709  62048 110393  19901  69315  28670   8752  64321   6288  82868  95691  64846  24486  95891  91309  21190  36498   7101  73230  74090  59643 116833  18859  43023  74724  44697 112089  87991  63548  28901  61563  71925   5926 107879  73756  28963  86595  20379 118808  63000  68291  75217 112751 104389   1167 102936  66903  55958  90723  16746  53116  63886  92154  50270  66741  36625  15538   6588  48178  47755 113020  21058  89687 117827  83290 107688  41218  52493  51501 107775  52734   8181 104884  16513 105456  46783 114804 111060  65495  94577 114414  43761   4639  75140  38758  44513  97049  53102  65762 107201 110192  89913  83831  13982 100097  88173   5786  74522    896  44097  53666  32560    876  98297 122208 116490  27740   3904  43636 111757 101952  62526 104793  39832  37873  80348  81570  25235  10971  62264  67262 118076  75928 109271  30120  11571   5621  42044  29385  35968 103509  89085  95594 119364  58198  11608 105704  34188  50650  61804   3723  15281  25620 116149  14040  44627  40904  91014  62292  94100  84556  71164  73828 121689 106781  80393  44263  25419  73669   6424  86909  21248 107109  35269  96108  65987  67982  99481  25039 118701 116413  62032  86386  85995   9702 115682  21132  89401  64023  92731  23373  60223    265  69239  13650   6251  92479  66918  74075  32284  47781  48873  72644  37621  27101 117344  83466  79407  33307  89550 117459
  47927    339  34376  49722  30652 109545 118182  48456  11804 118638  22767 108790  17802  81801  94797  33337  15550 104520  84727  87773  96624  86128  82999 101415 105048  11469  40952 113021 112754  33346  88707  93362 101173  60604    360  49831  25714  28144  99893 111271     28  63261  24443   7085  54601  11342   8125  64963 109560  82802  41135 121122  43874  75202 119233 105389  39350  12350  60385  29359  90072  75280  19585   4482  12265  79899  70482  12208  83166   6481  66687  40093 111350  97484  92147  40603  82119  28946  55615  87683  33493  21183  20796 103788 101844  45114  36975  39972  43208  58164 104292  69061  84219  91056  95672   7465  64557  37249  65673  38817  48354  15175  39161  14847  13320 118482 111322   2421  66798  49754  22704  86481  97097  43603  10665 109311  63632  90530  91235  25903  50754  61513 114730  87974  85039  98004  86117  49741  82439  48493  98953  88618  70405  96279  32348 108424  80402  33090  34977 114196  12382  28294  26208 110587  91864  62714  72944  94357  95475   3926  72199  86464  42355  84640  10747  53295  63585  32254  80210  30952  58267  38053  35751  31575 118791  20753  49180 115494  36774  32515  58170  54905  45326  71455  90485  94479  84066   4457  22546 118615  52684  33966  26680  27293  48078  60107  13952  26604  77989  73430 120131  92166 113526  93741  91613  82993   2188  34607  34506  79583  37583  31520 112548  98373  80915  10565 111070 113423  16974  69989  82285    686  53113  92644  45729 100754   7259 119960  41067 103061  83931  58595  57487  60199   9623  10360  43840 117182  15868    432  92565  16761  68939  55560 112930  67727  89309  28052  12197  25056 106886 122086   6992  50531  50021  48193 119099  22142  49213   6204 111506  59573   5159  76002 118108 113517  88383  30511   7104  65114  67698  23338   3379     73  45216  38290  90104  63378  97236  43392  61373  64484  96173  47259 117429  53319 112064  36610  67514 119645 110088  88462  63894  94189  65005 110562   4372  94874  98662 116155  29499 113302  90363  27864  25370    100  19205 102406  91335  50943  68264   4427  84030  65378   2593 113196  39719 103147   6811  69904 115297  87472  13669  30722  54572  42889  61025  38151  99359  38035  65604   2263  69493  18932  20242  72860  68800  54858  75887  83681 109662   1719  33148   9381  80139  79199  43236  31737  72721  27348  42987  48197  41645  80921 119053  80741  81400  85748 105732 111171
  33695  76919  56088  31417  59592 115590  12401  11536  89604  48951  30518 102737 112070  20815 116693  77279 100011  24971  88145  36389  72771  85907  50459 112278  36149  43099  78937 119228  66274  57044  84395  56966  47926  65152  66653  88490  94348  41631  56319  16618  12964  54539 105695  36871 106866  44448  13464  66881  10439  84303  70642  57550  22832  59941  95930  67949  73347  40087  12652  33067  34609  85248  65235  94881  42445  56105  36740 115206  84652   3531  32891  38279  48173  46581  91935  11028  60934  70834 112499  47264  59855  26613  84389  57382 110552  18274 113546  96070  53623  26333  57445  69512  13680  57295  71197  83217  94196  10062 104834  51299  56894   1610  58434  16081  17008  99856  31577  63832  18431  35014  98608  45086  53465  55338  14072  13117  39361  63162   4276 111378  73869  89259 117403  23105   2847  52670  57549  33865 121672   4076 117765  22934  47398  93631  18209  93887 112417  83178  85535  27743  68685  99829 105129 110424  15466  92212 111192  13083   7842  73971 110594  30143  71436  65223  74887   5393 113811 122353 107305  95770  35758 117814  31521 103457  91825  21326  98407  13373 120341 105932  54150 116096 106671 103035  54761  35368 109654 103252  94392  60689   8494  77813 120360  13529  64890  14830  13894   4858  62890  93374  29668  80813  38709  81356  48201  78872  98656   9486  49286  84441   3624  53180  50510  17405  61972  74939  65771  65682 100257  38612  97143   6093  99914  80595  38481 101913  62846  11137  58944  17946  41378  22360  21259  31695  96115 105522  91087  65011 116783  61516  73053 115036  85790  20670 100673  52383  24952  39576  63207  85468  52171  16415   7545  58863  99248  36652   3822  24306  44440  76922  55783  60021 105776 106190 118228  87694  84411  21262  46501   6304  81028  96227 116408  92189  96056   2109  50006  75728  13104   3987 111541  26772  22666  40556  35330  79476  17895  10611  84125  46170  84360  94332  81851  76398  93050 102947  18567  97638  83644  70676  57003 101226  28863   9899  84526 105238    827  30041  46555  94183  60161  68181  88904   1002  95547  78802  60061 108912  12899  38453  77234 115006  82934  51633  41586  21392  82216  44061  62579  99447  54663  57317  49365  66895  60994  66452  62197  42688  35093  33049  83840  91946 118340 104424  68945  50580  18793  72585  10115  90844  54414  32644  80082  31407  35667  71668   3444   7087 120051  56638
  51628 117866   5904  88380  58749  65180  19996  78265  28814  43007  39859   4963 121811  17699 108357 121504  63558  40635  88310  91598  59197  67476 108161  87270 104179  22391   5461  19408  79673  74450   4103 107204  92916  21659  17537  24785  47493  32666  42704 115818 111073 120307  76745  26889  98825  53581  33631  99347  65018  11003  54748  45981   9399  54430  60983   5186  25749 107867  64197  32884 109317 117075  24778  31161  31747  14931  75851 104343 104098  78713  35017  95583  17441  69193 119601  79473  57862 104000  13069  45414  72817 105983   9808  12198  99666  92422  92139   1880  64751  63814  96603  59684  49609   9593 116642  26371  33875  46120  77925  97892  11838  98774  34678  49223  81877  65274  62619 108934  47249  63656  95520 110906 115048  90519 105132  63948  29059 121121  14675  82032 103787  69427 119708  93550  80365  20868  87617  32974  58604  28196  35275  79458  83340  56084  89872  20617 120224  57076 108839  39286 100368  93335  77326  94542 107470  51993  59807  98606  61620  33495  85453   3028  79148   5259  11527   6666 104163  39963  42076  86460  45010  66746    751  70176  95437  10511 116592  91195  27832  20064 113621   3098 115685 113122  11575  82546  62901  91224  14446  80077   6356 113089  73251 117098     76  44479  46690  91268  20741  49417 110822  63060  46572  87024   3774  82603 105731  86428  55500 118781  82399  71703 102426  92094  87323  14377  89054  40652  28869  77139  26293  44326  80988  24837  18462  50399  88570  55818  46087  47444  14483  54698  95033  85920  17520  23804  33034 113613  34082  74771  51522 101161  14496  59468  96683  26214  39400  80802  20325  44968  62531  94654  56997  39478  58569  38118  57762   5746  51742  33119 116910  19980 121733 116501  36054  40199    704  60019 111955  58221  46483  32903  46202   6427  46491  46008  64171  34439 106200   7543 121726  97188  36474  54682  96428  87404   1202  44849  72231 111161  24215  76376  73360  95439 106984  61642  60121  33931 119263  21525  28046  74585  21830  18494  29151 119073   6056  18025  67151  45332  76614 111176 108966 110531  15520 102726   3266  16749  48685 122237  94898  14003  35838 118352  93018  94236   8242  95566  35426  90573  33597  41436 111208  86605  70904  57415  35236  18730  75525  23434  81530  76255 119906  57955  56681 122379   2152  22032  37891  23975  67670  33026  30643  30663  60861  33753  49144  67148  53031  25349
  30677  64906   1908  34073  92078  49854 120013 115937 103876  31878  55870  59937  32163   9189  12766  52828  44128 112863  11806  13511   8322  93341 117981  38832  42598  95002   7347  89776   4449  99127  38822 116966 120778  80152  88705  56667  40677  53013  62586  89386  82264  53688  15511  58594  23081  27340 111372 101801 110845 109055  91223  13057 111856  14553  67146  33295  14869  44543  47555  18866 121403  89758 116661  81663 120240  13217  13313  79329  17057  58418  29239  86660 108648  92317  48638  71894  39521  51227  88671 119124  68347   1027  70732 102274 111695  88443  26463 104717  47443 111974  75478  41419  36494  89034  70651  24633  48159  64400  86565  35480 109543  18046 112563  88567   1976 106201  84169 108894  30162   2181  86814 116893  45612  58391  93865  56232  20543  85906  37651  93414  87248 118492  65502  57877  44276  23805  51698 113826  29995  16374  96899   1501  12130  66625  82621  91787  88806  44806  60252 113253  99896 102487  40892  45920  36832  77970  22900  74477 121019  71151   7051 105935  62604 102620  83980  74372 112069  29407 119349 109896  80153  54914  79996  88295  18003  41467  68305   3754  15874  27779  58120  40630  92510 110555  64954  25851  90633  72185  99730  11415  91066   8397   2398  67667  92668  55789  62128  16659  32321  20989  26609 117613  37795  32332  81943  96818 120837  32655  23926 114813  50782  87878 109878  88280  85991  95456  91031 105076  10758  32324  47119  74580 102073 111267   9664  53594  29656  23886  69845  35513 119298  88786  55054  41054 113154  29417  97974  23430  72447  62990  41908  18702  83002  49497  43669 112664  95706  99707  90264  54304  19962  59583  89400 110659  92006  88003 120490  18988  58093   1884  21540  15827  22129  17767  93637  18002  53380  51608  19600  85523  39757 103804  45585  55536 107468  82730 118031  92222  87043   1977  84368  26537  72030  70391  82129  26980  66024  71611  12908  14998  89424  47535  97832  13215  16412  43381  23091    161 112226  33086  42949  79470  97802  51842  19464  23459  56366  87935  92814  39507  37290   1697  38274  13722  96440  87355  35349  64309  49888  89674  51357  17125  45143 104136  72134  14120 104340   8521  69802  47843  98529  29449  22496  38887  53459  34262 112184  71154  10163  88362  18943   3514  95387  31020  95968  68864  34410 108944   9589  87375  20767   6485  13550  68130  38948  35158  78279 120385  40605  53534
  79611  44256  85370  26245  90027  63407  30094  17395  75257   5365  16395  64005  21754 110700  17521  39172  19319  39799  22862  94925   8659 107591  55659  48168 118608  14904  99137  45343  29119  21290  73205 120266  38915  80728  82980 115093  54532  26016  33220 118302  51830  96500  33209 113012  25087  97061  34283  47175  53885  59399   2909   9868  68723  18630 103309 107370 109496  92250  55995   8406 105219  19653  80810  74524 110457 102200  69867  96144  20604  12741  93502  41892  87463  48678 116778  68925 114439 101296 119241 114925  68012  92962  59467  38968 103603   9918  78868  74351  77721   2828  61717  94404  54664  75321  27408  93776   1040   1248  79550  23383  76920  35897  55467  61749  29761  28934  26467  93870 114600  19628 121155  31386  70787  16318  78782   5754  36548  65273 106203 106161 109952  92106  89331  59758  32576 112252    193 119611 121467  62902  30320 104039  53546  14720  39933   9436   5056  63479  25680  60756  53472  54582  70070  45884  59862  21884  89096   1855   9881  98202 108935 112899  88971  47386  72907  83136  95966  20026 119136  39284  87674  27048  65429  60607  95853  87238  62802  90528  64465  27173  27257  47496 115337 117708    885 114521  18407  49814  69139  13630  89824 102239  29516  42762 102867 118474  28668  68239  26412  36137  42333   2889 112337  77306  42415  84600  35917  16907 108017  79518  25895  98095  44899  87605   1936  30145  15437  63581  65634  72980 115866  72007  85760 114722  39158  62319  83263  27671  66372  69079 108231  65639  66856  81691   5925   7818  78037  83276  45095 118817   2268 100984  11837   2247  10374 112381  44124  64911 110529 118648  35443  43517  55993  81225  10601  46603  16839  32488  95629   7002  80480  76380  77717  81076  15271  89600  39699  77738  54407  39626  75976  43791  96739  17970   8732  98599  81900  29334  79541  78594  91321  72590  92472  22679  82113  36822  17549 109351  80722  40387  21743    608  64638  38689  11400 102422  30682   8853 120114   6985 114887   1335  63925  14280  25480  31985  73763  99816  17393  85889  14595  59877   2523 102791  80200 121134  95901  60652  87777  93470  60974  62316  60493  30247  21601  35283  75322  10489  33588  82265  29345  98429  81952 118705  90231  84885   4068 121940  65187  39545  28229  61529  17000  99508  36741 111408  73761  74985 111431  79029 117638  45192  53923  84914 111849  77189  99172 114237  22688  25179
  20312 103089  62986  36506  73479 112001  77133  23828   6585  11182  59300 119979  97286 113570  78644  96917  72535 120174  97232 111382  93856  25927   8082  50971 102215  57743  23601  16734   3705  20650  87414  23958  61774  52235  66840  88793   4990  33321   1805  88176 101884  59561  12650  72552  38296  30903  35199  19172  70069  33627  93706  43039  58545  76710  56547  64303  53137  18614  79598   6743 122311  84031  54676  64673  78029  20992  65977  23369  46866 114703  12456    721  74180  73923  84976  75527  86734  65059  88607  53425  82232  74729  83057  83528  58908 119296  12758  64936 100512  46406 117486  33416  56661  79085  31912   4723  59142  80886  21362  89182 120228  95768  38429  92905 103761   6087  49847  60284   5948  50504  15474  64428  48240  68751 110629   6306  50939  16252  27318  27442  86739  99330  90935  99994 108259  70221  76679 108390 119400  27329   7623  79862 110861 109723 111923  23763 116053  16441  52321  96201  24479 106042   5328  12270  86213   8342  67770  24644  99853  60764   1229   9161  68009  86740   6737  56325  86616  35676  76479 112131   1689 121239  14232  36316  17174  30334  64319  36712  57631  26708  64417  34341  18883  44576  46918  65133 104068  92643  12996 110072  80681  81520  34879  58725  99739  44798 114961 104618  19681 116352  68365  34227  26554  25565  69896   1113 100498   8427  20947  64247  84540  74469   3504 104375 119988  77637  82150  88386 116105  12132  97619   5139 112260  37101 120267    298  65742  53977 105022  85812   3996   7379 114497 114692  85781  69598  11761  57062    842 112137  85383 100570  99546  22740  27414  97381 102609  43154  89732  52153  56281  36981 108561  40831 104400   6508 108039  34864  63100  27822  98712  79512  66497  53579 120424  34243  61437  61802 112050  18600  52038  14523  53898  46827  54775  20664  81436  62703  54863 105832  47309  90707  92914  54250   6801  25997  13059  31150  87427   9383  97794  58608  55526  44425  14046 108989 117725 104521  80629  13081  75197  91436  15834  28809  59153  82414 105884  91811  29768   5930  66681 105298  64231  38538  68674  95541  16849  44279 100629  86494 105543    122 112954  52883  19379  68900  49393  93243  29747  45399  43160 101505  93699 103470  95884  39703  39477  91635   1013  61877  52040 109050   7995  93440 103460  70096 100109  75076  66763  27938  48449 106670  49375  13296  61436  89428  60383  21664  99128  12544
  63292 112073  70057 103577  40539  56806  16953  21138  31442  71265  69986  98727  48388  26568   5001  77755 115633  13093  57058  16168 111249 100186  22603  90211  40738  90438  71863  84337  22577  43438 111612 118401   8426  61440 110860  80533  19489  10399  32201  75820  92206  22872 107987 105951  87077  73680  33972  97905  24696  49900  42663  75487  97647 107413  19022  91514  98130 109194  85261 118321  58042  85982  29752  77410  58560  80520  55728  23862  47270  18654  98933  42042  30394 100704  28325  37550  43404  66419   2899   4896  21389   5667  76280  15205  90160 100776 110004 121351  30191  31659 100701  12133  13937  97857  23102  70446  50917  62885  11267  70657 114945  24796  89625  51574  88691 108309  47563  78573  25103  26918  71820 119718 107597 107943  42827  57984  81452  32984  71968  68511  34245  29526 120596  98724  69116  85815  82615  47785  78863 111978 111871 119630 103897  45486 109376  57535  22151  28148  81872  80349  93619  54160  40424 113462  65462 105665   1081  81573  96975  70611  17292  90634  97157  78348  63403  73022  72661  54700  50772 122300  21376  96355  33490  17985 100952  40714 100589 120782  94554 118097 101078  84428  13786  77851  40785  79495  90157  53108  78142  55087  44033 115481  22260 111359   6961  77779  65302  85742  65665  26184  11495  12909  61014  51175  63990  40097  25365  35205  24333  87102 122096  84790   1928  44829  88510  49777 102855  92870 115520 110126  54273  26810  67804  37778   6183  96701  49870  52540  10021  48785  20333  21966 102064  30226   4187  78299  25444 117978  87836  35156 109780  35703  26970 110089  49102  47454  95145  64878  23449   8687   8581  44373  56092  17917  20103  86410 106180 111579  68591  78235 112857  45177 107927  14758  59327 101074  19789  11321  70068   4666 115730  37490   1710  78382  25562  44785   4657  16500 112993  86477  47109  12412  60246  10536 120902  83784  26638  82137  52587  17785  28677  14319  53373  65763  21342  29691 120432  94035 116165 111141  12096  35579  33177  92281  36071  93981  14678  88593  14591 121991  94257  39766  27767    898  20784  62363  14905 109119  13113  66499  54069 103229  15457  11462  33093  81373   8864  27443  42679 115074  74424  50514  29657  17339  97050  49100  60152  40946 116189  97686  80752  45719  47566   5675 106646  93487  39098  17041  50038  32088 105119 114089    734 119420   3226 118123  52671  89029  83798  12620
  13021  26346  39175  34176 116986  50817     47  86272  80515 113502  93113 106045  34048  45298   5545  42684  21795 107001  57255 120597  49904 120830  84764  48112  61981 102908  50516   4677  79723  28669  84035 105191  24876  18585 109558  58110 103909  93067  76039  41083 116034  57635  38225 114434  55860  86894  77418 107339  25303 103410  68707  51321  45140 116396 101082  37355 117268  36337 106246 111348   2100  61483  85336  31729  88543  69298  95357  38261  27325   3743 109930   9309  41114  65215  82857  51230  73288  30532  86009  39710  29111  28488  67820  59487  43917  14581  84449  65281 121863  48379  32044  91708  26850  12906 114260  92745  41466  48362  31205  50458  80035 114699  12368  90381  45474 115695  53783   5766 110028  10907 119250  91734  34207 115339   8403 103678  56359  13604  97736 118145  40516  84511   3496  40856  69215  99159  91637   4773  74509  65613  60823  19061  41463  68534  44614  76494  58365 115934 108600  54479  58022  94958  23754  67137   4813  31514  37783  48640  70344  97357  39649  55757   1367   6305  37303  31877  92202  59222  44439  35341  35004   1339  86732  22687  16657  78206  40180  18693 110573  62165  83267 105355  10417  43686  75771  42099  99324  58723  13857  14024  98351  94279   5229  70026  65955  69276  75985  91603  82693  34779  16805  96084 105072  40254  31710  85329  59783 110959  26361  15653  91728 108617  83295 121810  64742   9231  51358  68142  69752  57959  30695  19751  43299  81318  19066  39503  29008   3241  92629  49790  49955  88069  32022  61600 104426 112350 109998  29036   2367  99267  12402  38242  79371  50413  50235  42817 114893 114332  51731  49733  65277  89332 111270  58402  43681  16750  68606  75042  78123  60802  85354  62978  72660 120269  27564  67577  38789  36688 121712  19861  86677  18725  93616  98586  51828 122453  25879   8213  43503  70789  22940   5493  55019  65027  82897  75069  37912 115989  23304  34784   4475 104432  93076  49303   6752  54990 119381  46080  81514   6141  63783  72645  32243  42281  92853 120394   6626  64208  89423  35124  74754  92945  33064  73293 104072 103600  42572  96216  38677  47476  20013  54885  72733   1403  22509  44234  99418  79682 111847 120422  15777 116327  56016  76296  41227  55383  97198  11336  15850 104768  45889  62882  84714 102339  65994  46031  39834  34839  87644 103580   3717  11901 107967 104254 116141  30898  18760  19541  74929 113223
  29924  24821  87279 113600  52576   5777  66426  14474  91341 101974  61640  19737  33300  27448 103559  17722   7349 116081  43444  19597 111540  47905  48149 114483 114620  90004 112466  19499  66432  81112  61523  42450  85491  19330  24270  40132  69841  10146  73421 105361 106805 116618  42027  87954   8203  61286  49167  92118  84732  40751  17316  60949 110611  13714   1446  45544  85598  57412  82340  55683  13505  85775  37900  34122  77052  33426  11092 109315 106692  25428 116936  20116  88323  81014  30741  47776  29928 113497  45944 101972  54787  27693  88022  14303  82695  40200   6255  93652 118378  47787  79181  95612 117824  15879  63556  53356  41327  52741 111367  89057  73533  98327  40884  16694  86048  98796  71997  44938  60717  90135  36683  12037  34145  43968  34163  21191 116503   7018  23015  45156  78484  58886  10009 109007  16075 111610 121981 100894 108667 108445 104980  77636  35699 119930  92589  72411  21144  30485  46996 100401  27812  30212 119873  96155  56240  78359  56021  12577   2438  95700  23342  26942 113108  41923 106209  54719  95573  21595  95104  15317  27800  16595    160  54476  54871  39066  28972  86602  19075  56849  60387  29149 109471  84836  63517 103477  48856 116810 105325  35333 114965  77994  71428  29574  47516  65781  11476  59081  53390 107285  83726  81307  40045  55923  51203    843  70646  12127  97968  39466  42737  82002  94590  14498  44949  64501  23743 100082  80663 110358 113449 101147  90240 122399  12869  48452  68748  88388   7965  89826  33113  26930  94785  29492 109984  82772  88037  58151  50138  97430  84282  71671  14276  10994 106256 110828  69828  54846  67271  90575  12108  27368  39802 121699  70378 108797  47990  38423  79540  44335 107559  71785  40574 106797  17293  37168  40194 118973 118282  49330  20580  54096  27320  31081   8120 113130  19377  66948 120700   9629  36457  65556  25705  17984  64686  40368  30852  71044  41524  43709  82602  46357 100809  62836   3147  50952 103219  76655  53338  11130  95497  18756  44155  98258 108965 117056  43166  72796  30039  44164  26703  73643  16462  33606 102295  89451 108141 107841  31439  23177 112724  69082  74411  95757 102175  95732  16082 115945  65366  84005  48731  47096  17024  22634  70300  32496  64187  10482  70584  72148 101470  42761  31584 113990   8761  19701 109176 119290  30950  10912  32307  76382  28858  12406  43919 118986  78194  25759  67592  74924
  72813 119060  95653  42209  73485    518  66447 111908  65199 118885  49607  16646  24915  84635  44028  45987 101352  89297 112452   1110   6944  43183  37678  64662  46161   6553  37646  87891 103415  70705  63551  78819 113518  11905  13078  31049  80413 114939  86767  34392  67036  45373 107181  71381  20798  25112 115501 107217  55705 119299  17529  13574 104626    771   7412 105498  65425 112994  28644  29525  32214  43882    435  97526  34201 120766  84089 102877 105510  38944  67836 105255  16580  96118 113017 104941  93461  75633  87539 106128  35178  93405  29356  89187 120244  75002   8648  63209 118210  86772 114043  15509 120897  19941  59713  27857 115495  76155  97509  47953  55578  37399  48468  37796  93989  26722  59569  20244  65036  72930  38960  57150  17389  59286  58683  91392  53515 113408  43494  19650  15440  71665  36546  23245 106469  69186  70502   7497 115137  66468 122071 101070  19169  40094  35258  74563  89348  40787  56990  20523  77888  37236  39269  59614  47909   4898  28791  57490  91938  47164  11935  92074  83278  24403  25479  43237  98220 112175  59653   6177 110438   4410 121942  39444  74933   3944  64095   8553  81692   4214 105427 115299   1223   9109  14966  95507  37214  69899  46060  36174  76121  77382  16838   1125  41265  71833   7934  94986  28654 112135  36724  30413  95468  89078  30912  64435  83725  35381   6533 118910  80466 111691  29897  55093  27797  20610  64339  38909  97328   4959  12647  69558  41001 111638  22488  84759   2978 107866  39495  15155  30900 122175 120333  22975 118344  18840  58938   2796  35778   6403  52562  37926  11845    597  34463  96751  93091  99280   1552  27783 102361 113818  33422  71470 122396  77856  64982  38557  42870 117750  55190   3262  33963 108383  98416 106780 114889  97106  21308   5019   3772 118281   7747  25199  98266   2841  58793  52119  11053  79256  71582  33893  46118  19686  53363  29876  63367  87430  58301 102446  64162  18377  37013  72261  89711  23983  65773 116885  39249  11245 109722  87402  64019  81517  55264  47562  49060  87626 111824  32248  20442  96556  50109  74866 111223  56449  93230  60997  83243 104559 116310  82943  49512 105340  50721  45844 113331   3553  62487  59543 120621   3030   9461  21948  84512  46324  50818  17605 116240 108483   9004 104868  87633  28253  61545 115448 104787 102705  42028 116192  88573 115747  98540  92882  20805  64229  81349  33061  81389 121021
  26879  39018 115454   2938    787 114185 104485  48218  18496  61405  18613  24542  32331  66626  36936  85009  84302  80914  77791  47282  71917  26083  18554  18163  90091    847 116690  54668  93189 111016  79227  95069  84154  98002  56749  62693  28796 105862  81257  34015  38992  19088 106937  58758  93256 101216  26730  71018  70730 105326  64852  28345     67   1382   1887 119705   9356  12918  75219 115329 118115  62804  62477  70538  48715 107606  55632  10708  73061   9049  21866 114901   4745   4980  85866  15387 108195  13458  18127  11839   7892  14179  27932 116021  51032  32176  20484 115089  62492 101007 104714  11074  80327 108075  19339  75932   8071 120322 106235 112208 113856  37889  17844  58822   5801 102123 100249  76846  61584  61951  84218 106898  24342  91481  34874  33170  80555   4788  58178  11681  17856   7166  54295  61323  80542  14306  79691  62029  34450  94865 111258 110881  84647  18780  95711  36783  35331  21167  90589  89966 102139  48210  29508  92152  44237  31873 117141  85412  54480  96725  27913 118366  95177 110512   3748  38101  63623  72634  98461  68258 121089  27264  15639  45713  97628  65400 113162  99935  82289 108444 108990  25377   7500   6514  86670  79665  50269  18825  90908   5812  55849  68597  99607  50034 118749 106916  67372  94269 104418  61425   1814  71177   8802  60637 107905  60010  78318  24228   8222  43243  61249  22331  71482  72954 116239  65251 118573  28706  55170  98142 116024  36320  23268  17555  45831   8879  56896  80675 110348 103359 113445  58607  19407  78061 114544 116764   7522  51890 120146  83990  11963  81173  83718  43731  42267 110519  27386  11994  58795  37403   7264 110692  87521  99194  58496  96378  45196   4409  12474 119802  57919  56445  56229 107896  88901  15398  34488  50429  15050  72555 118051  20425  70728  98520  89341  36472  83420  90619  75719  37612  43094  90627  29074 111681  38954  29293  61840  18366 106315  33864 122083  50751 119831  45275   3088  12095  70593  63189  87989  28748 110085  35605  17266  98921 102034   7357  12301  64454  28845  47473  35077  70304   4495  10889  90668  20233  30672 100145  19176 104940  18746  69213  31101  36263  90941  95450  11556  95174  86444  87326  18794  29096  62407  42754  29958 121578  35249   4379  49064  88576  27907 104924 109608  42840  12976 118465 101648  81969  78136  24993  35846  59904  85373 103108  44944  95662 119091  60890 110215  74022
 107889  11918  18067  43317  92199  89494  45417  81496  17999  79188  43817  21224   8850 117167  15517 108391  52250  18491  97744   2670  50259  68218 105246  18262  89791  68893  94582   2432   9659  94618 113557 111576  22092  72273  46472  65132  69567 116035  80124  93278  27970 109036  43116  55919 110454 116201  96430  94358  70189 118753 102138   8650  10983  74167  89851  50433 110423  23229 114947  34402 116526  94074  88124  57531  15946  26939  60023  31368  90758  82051  91973 106875  50257   2851 112876  66891  34608  32017   7314  18536 112122  86103  38793  40595  18157  12501 111425 110598  10370  58162  39040   2079  25253  61459 117325  93880  11593  94516  15665  77215  73217  18258  65845   4369 119533  48889 116062  27390  55936  83289 113581  18297 118649  40005  56954 109617  45236  83846  88785  42512 119656  30117 113673 114836  45121  64983 120967  57409  23133  13250  29358  91982  66987 119531  12240  55588  37396  81015  17110 104385   5729  72459  54192  44311   9615  62159 100031  41342  79420  63173 101412  18528  44432  74732   6770 108785  51603  67792  24925  14207  58431 100711  95787  33728 114827  91659 116786  58747  76362   8917  75472  55433  90303  19334   2676   4552  89923  49137 121537  66786  82646  19645 107552  66162  78962  55546  74803 116276  52961  26252  95949  64942  17660  68704  60435  44402  76812  71828  34124   5474  23308 107443 120296 120899  75095  94099 107103  24543 114362  54489  34208 118003  14041  49533 107087  51398 110339  82393  10293  90678 118165  74602  72338 118512  73184 119177  40341   7089  84633  40129  36947  33312  22125  84530  29450  66634   8399  48273  76122  93620  57026  83284  41259  17019  17151  22219 115571  33625  71963  26009   3434  70978  57345  40730  46656  40072  41452  65286  96242  12827    772  13407 115708  57843   9883  44338 102755  17586  38555  75385   5937  84985  83690  34248   5541  15798  15261 116399  55680  96605  73237  54189   7922  89769  64885  22229  27948  74023  33700  31973  85437  79657 102727  76127  22336  11972  46824  89714 116538  52260  93044   6252  46658 105128  22097 103879  46369  77803 114625  63064  64707   6013  24216  52417  37649 101465  80960  49638  61416  54865  74021 120785  90369   5757 106081  37556 116485  78347 109434  94639   9182  86848  49558  27904  57781   8157  13658   2467 115783 113285 102293  77767 108440  10827  26870   9956  41823  88328   7130  64620
 106333  93147  36937  85008  99336  95432  52287  67224  73757   2566  58353  16389  48444  25741   6799  48389  63063  53733  60616 120547  52831  99193  28403  87155  59933  96219  22438 108079  98137  10057  16086  67794  96010  13195   8911 120275 119283 111251 111943  86880  71219  48368  76789  12063  40156  53922 117444   6699  52037  24423   2008 111946  71275  42449  78056  37348 100293 109972  79767  57953  39086 121604  24394  29614 114709  50144 101307  93656  83014 107348  69588  95905  15219  92879  16791 119992  25165 116875  88856  56386  66226   2976 113160  91683  39481  85427   7840  61157  58870  93691  91642  44229  19534  61221  25859 113036  75591   1585  74506   1877  22765  88469  13851  26603  27232  32547  34050   7343 110318 106257   7748  28348  56448 102778  85099   8459  47923  33011   8080  21240  46478  91096  80684  75635  17116  25359  33769  51055  98262  79929  82666  29219 102354  71536 118024  19092  32138  65690  52732   3567  53862  85376  87186   3219  39324  79530  44882  17372 115422  40553 118626  42434 107555  62501  95910  57176  77414   5927  15837  91743  66973 120879 102831  30927  47726 104059  55044   1970  57996  40650  71272  61764  26756  36874  20961 109905  50112   6516  48630 109792  57082 116763   4309  82522  34642  17374  44589  58565  86710  52305  56472  85955  96135  26489  86864  95051  12044  57548 119218  32934 120743  18111  56724 113398  46681  61795 110917  41720  96545  96171 111545  65501  85647  71408  98483 102344 110855   1015  33164  16458  81866 100095  23721  35041  33387 105208  10067 106283  11224  42752  25492  68146 110205  54962 111335   6535  97839 103033  98140   5668   3855 113558  26891  92411  87213  43323  19392 107822  40418  79830  64746  68978  12011  29828 114634 108929 113304 106490  50072  39315   8052  93363  22755     43   7912 120553  15239  91466  58634 109642 118218  89105  89225    374  69680  79926 111497  64285  11930  69843  68628   4875  90047  12320 117051   6600  79026  78086   1360  72464  62818  76519 117869  84729  52252  47251  39067  79839  13004 114831  31937  54007   8589  89861  74777  22214  19111   3128  93800  58326  89181 120363   5817  33018  44317 114304  37595  14017 116548  28258  90470  82240  60626  22620  32613  67985 111269 121345  24893  68292   7805  53988   6980  35646  37342  75913  13953 116317  93770  54638 108569  97118  19063  71558  11821  28551  77100 100114  93195  32580
  36998  88481  14623  46245 107728  64213  25691  81507   7208   4067 109366  39560  99451  44047  84237 107016 100885  32849  77555  95461  77956  65270  26378  54745  79429  94244 111172  37576  16806  89398  93459  69130 115625  90504  38108  87055   6345  83279  15535    605  62377  75690  33905  43909 102160   4222  14197 109173  96608   2136  57616  44645  64490 108077  35788  85621  81471  77484 105880  92168  82152   8870  80894  89886 115974  43024  81133  62349  38305  35550 120935 113342  59938  17069  36623  40759  40332  13383  78218 122094  94248 109636  79890  31522  82700   2009  39537  41620 103722  77274  41791 102156  41333 122142  58003  63734  20738  56355 104552  79106  92638  53761  55723  56391  92663 120862  67548  66911  24005 113006   7761  58063  57732  12065  44310  69202 107607  92378  60297  85335  73561  44951  21347  13542  50877  92782  68110  66619  72367  23089  84004 122252  68610 109002  71713  91036  70065  29960  34337  92948  54507 100021  13962  39160  85085  36802  97350  16995  95442  35320 102059  88225  28827  19500  59203    609  16193  73468 108302  19657  89132  77545  63889  98460  95637  96184  95323 103936  45305  34699  78571  11630  20433  78360  99693   6191  19144  85068 116552  11305   8695  36342  68103   4199  19516  95523 120035  19760  87272  55027 108870   2611  46598  32827 100828  30576 119919  57314  74427  80060 115809  55645   5440  58621  60064  20553   7414  51483  63698  83850  70634   6192  74004  28186 117843  47644   3852 103433  90596  16770  56247  91843 113110  91692  21040  37772  75143  88614  60475 111553  26204  79254  38292   5233  29123  65197  61400  81886  30893  64708  13553  37120  93182  77907  85546  96892  47628  27027  89240  50981  93990 109005  24039  58806  18350  10053 104494  13665  73521 111369  80788  20481    353 116063  33122  45426  55777  52228  21097  49979  26322  70677  32194  12338  88670  12468  39386  45047   8115 108840 107928  83407  61108  17161   3411  24471  38299  68312  31578 104727  64503  72202  47713  95596  66180  34627 100456  77048  16396 115134  75613  21968  39329 115287  35421 117105  26689 109381  64853  19436  19553 103235 120995 109339  66378  11627  16578   6850  69994  46671  61747  13127 109197  52244  91356  50397  66506  12223  91882  22135 100025  82190 108478  86753  76430  42408  22929  56574  95501  65104  70628 100527   3377  67892  26094 110351  55038  48751  70837   7268
  37849  51114  24221  75854  96730 111054  38811  49793 112446  13334  70056 113320 113198  58494   8501  28812   6396  25999  17584   3299  34536 112358  23505  55480 108369  11423  66994 117282 111942  91149  58342   9000  70059  91991  44375  30391  68190  14900 112514  36467 100016  28879  45270  20023  57567  67773  53196  68121   5036  50121  53907  31997 104308  71607  83306  99789  11840  85973  24995 106018  95202  50360 121221  74575  82123  94555  43663  69396 102158  79250   5908  26191  95661 109019  24562 101279  66876  27223 107826  30732  30216  36902  18814  21492  19158  56186  96807  37339  52393 101559  99631 104032 118627  81209  67678  56398  31538    615  21626 111935  14537  57886  12549   6440  78386  21459    140  95862  89511  79464 115854  96276  37594 115794  69778   3936 103800  89016    187  44776   9694  96721  37437  61040  16776  72314   7097  32120   9477 119470  32566 104506  87857  27540  76807  30688  47352  38332 109760  79534  72572  53242  61869  47978  81566 106317  65843  69877  33205  62706  23285  18947  53441  42116  94597  85230  71585  33501 118723  41626  78463  88689  36222  10973  46982  45398  46482  90859 100071  43940  96979  72050  55153  15985  93336  87483  29910 101264  11240  17639  16272  30179  77018  26032  57425  11560  11942  75343  78098   9074  53564 119474  79693 118616  85047  37831  67786  36587  13163  95062  44954  71439 110634  74109  22010  50896  82466  67284  96362   8597   3853 109288 116847  15585  10041  46811  30181  29474  78877  90269  51879   1452 105455  88732  10327  44823  18565 113227     25  60045  89164 105360   9351  32235  42405 115842 121114  13050  89100  91175  28465  60318 108399  89565  18644  92066  19378  50103 102520  24790 106612  17966 122376  83224  12864 108552  69371  45766  50197  20445  40956 111424  88662  95875  85580  83934  47678 111806  26723  51740 103739  71123  19347  45639  26768  33526  54106  25958  61931  97925   4873 100869  41412  74912  68451 121692 108187   7768  42564  88748  45162  12381  48261  47727  74003  96698 104566 102682    634  17239  23746 112802  87020  53222 106847 106941 104366  37444   5472   9948  12434  30689  46919  85389  43639 121343  96021   7462 117840  53057  66920 118882  28575  79162 107577  52610  65989 121850 118294 113062  59134  90638   2810  83259 116148 112156 120716  29342  56985  82959  18135 114894  53231  55490  45763  18335 111140 115860  78760  42953
  73466 113270  18736  25586 104784  20355  17086  70880 119543  32525  83941  71093   8329  25877 120423  61846  14468  84296  67376  74449  41724 102592  90276   4531  93769  92157  25538  65904  42079  39271 117528  59859  70968  43616 111476  20824  33480  90775  71483  69129   2718 115591   6470  49671  29629  12383  69840  80992  84158  93372 102697  64298 102319  91590  59530 116353  35034  65033  25064   2081 118640  53021  15018  83481  69954 110579   5934  73890  47196  19252  62655  81714  26516  35033  32565   7806  46719  36366 110233  31829  48817  18381  99713   8762    777   2006 118439   6370  88028   4329  16476  61245 116539  82833  14566  60809  79368  13534   6476 116103  29854  89638  82582  82020 114140  78605  93921  21340  63026  85207 120455  71565  62770   3842 103263  17403 119411  51569 102115  61101  63786 109340 105779 119406  55611  17209  88959  58135  12629 109183   2060  43511 105061 109038 112199  45501  27810  73986  31399  57496 120106  79869  72810  53376  61200  56506  82847  83268  18468 105957  66677  44201 113716  81648 110248 105636 120020  30208  96265  59768  75636  12460  19762 103968  78352  61683  24497  47351  15540  27860   7303  43607  78733  92462  26737  99382  54552  56562  12405  72506  57294  62872  97207 122180  46825  79990  58551  11948  25880  31516  98708  50272  14267  24982 119343 101630  40216  29642 105183  21049  83530  31082  50315  78751  23600  69184  28402  48705  70006 111103  54012  79475  78014  94053  37980  80045  23619 109515  86603 115427  33546  88882 101831  16238  30084  33128  85869  21736  15443  48102  36479 101254  53745  43818  42511  15224 102047 111406  75040  26521 107049  43836   6723  40543 106438  82865  14312  82052  87977 104421  45040  26219  79326  35068  63076  96957 105098   5215  84956  65383  46600  34809  18158 120425  22529  85833   4942  13739  68577  61275  51609  45108  29045  80602  15364  97764  70764  30333 122196  58988  69086  20348  20421  57100 101242 113313  26481  47453   4225  41763  12772  66893  52816 118914  12372  57561 121397  36132 114393 116131  22170  11613  97471  47276  33775 100882  57009  37438  93599 100388  60348  58460 117013 115670   6384 104066 105328  61377  31868  56977  41292   5263  27125  15338 118440   6169  85666  64880  62099  83571  34423  60693  25635  43837  16281  41906 107184 107256 114924  44099  92887  91676  84423 116522  93745  44390  45689  43298  46126  33639
 120372  42156  30230  62837 105367  55569  59310  13748  61864  65136  40440  99494  60038  79959 115196   3911  38337  52363  74452  49587 105499  44493  35744  42649 105083  50250  17893  81254  60289  28101  24106  62389  17442   1789  62230   9911  30650 103310  81565  52127  93969  55456  85172  25595  30045  79976  65213  48213  65510  33233  66904  11286  13870  78943   9301 103155 117761  92266  55395  94980   7847  90806 117160  98009  44385  72163 110294 110466 116669  13242 101949 101104  59667  33380 105385  97775  97161  12886  55471   7246  52791  29363 117699 108961  31491  57029 104307  75930 100470 119322  98544  73119  38764  10661  14401  43810  59919 121305  17225 119518  98816 116452  64165  62271  87557   5577  92564  77651  41941  58330  92090  39918  72593  42297  81529  65022  85753  12664  31362   4976  93803  19643  91545  19966  98991 104563  97852  61912  75557 108230  94252 121980  16636   2124  95423  58974  35495  80112  12032  71007  17709   7301   6621 110261   9678  32597 117926   9280  87078 104353 119242   5999  17045  80316  68472  63860 117136  31989   6120  84742  18143  80673  94167   3342  32477 108703 115289  93900  58815  92965  22763  54679 104167  22762  90045  70687  58264 121572  48044  25291  83542   3637  81295  24664  96381 113383  71134   8150  58941  19224  15138  59049  79700  91745  20107  51180  12470  75092  24336 100036  30282 110196   6898   9811  58820  20926  23181  50997  71079 106480  37927 111623  91099  82175  36223  27760  63329  78084  87843  57443  58074  75224  76478   7721  15739  29365  71469  45551   4527  10311 115901  34522  19050   9960   2285  18737  85750  43104  64305  78105  54696  99908  29533  94270 100067  56208  23056  60309  38796  47022  83380  44604  44891  43472  99797  74943   1946  19955 104580  16079   3337  20916  93518  81460  11084  55202  56617  36657 115496  26148  67042  46468  66621  44719 115800  62106 104825 117862  62687  21654  47636 121141 120873  94656 114176 104300 114164  48068  41535  91849  15993  32820  48392  11710  73616  63884 112388  64421  89191 108219   4731 117686   6927 101967  89960 115582  53990  83709  62153  46553  64599  78109  72921  83700  91349  73920 119362  98894 110402  19651  65825  82558 122427  30195  89189  68499  38864  63870  10590  13022  46618  90991  37251  72604  96054  40122  43770   6037  51054  70432  40985  13969  67522  63992  53110  48070  54343  95384  28762  21905
   2317  61565  95739  90129 101516 103862  48336  35761  80985   7600  88199  71268  93842  61355  78442  77483  17577 110989 105369  58831 113086  56978  29820 117446 118161  44953  60818 103638  56291  46566  86359  38819  34020  47250  74983  83844  95211  92308  31866  42426  91313  90042   2380  83270 122041  31996 121175  35498  27664  23910  33345 106066  47916  49047  10509 118141  82459  11186 115062  88167  53256 113177  87386   9950   2029  92653  58338  48278   2004 108324 119425  25774  15002  48554  13879  38472  87110 107058  63080  53410  48756  22707  49066  70072   8271  74726  72508 119405  20101 115784 103499   2025  74756 105211  76597  79879 116395 109977 122098  96514   4886  45860  83770 121550  41909  53157  14805  39136   6519  98883   5243   4065 102124   1419  10959 116944 103824  30673  66069  49464  60580  43969  46756  53891 113525  57073  49730  67508 107773  90322  93557  52637  43336 113044  72326  10258 106607  82279  75647  88762  49641  21854   7967 112406 113887  42801  91868  33856   2640   6214  14085  51325 100513  89091  68917  28685  72520 102993 102419  49712  24594   9332  49470  11953  44989  58119  70355  26429  74868  70659 117823  22056  69527  41710  89392  91285  91338  76110  81256  97137  15450  67421  45418 122472 111533 100539 114615  12601  17408  97496  90584  28428  34182  35985  40575  15701  50569  65450  69288  92426 111520  41362 115235  50835  95196  33262   5224  92907  31268  32815  17850  92062   5515  14600 112179  48519  19707  20019  51839  21233  54567  10671  51621   5714  18977  69221  46908  56512 112676  79419  94548 118042  53903  95486 120703  39490  15444  22445  70120  89527  78188  73150 117232 108305   7718 103276  95048  57293  37060  90212  93808  67653  45779   6854  77315  88597  35649  77594  25307  52269  42852  26564  89778  98653  20893  48155 101538  39181  78230  13167   6999  24715  74040  54314  33176  22746  78440  60898  29724  15330  40752   9990   5326  31743  21545  56684  81822  18460 110614  77969  18374  43365  71418  38002  63536 113879  33168  85178  73705  95101   8430  60573  21440  20427  98671   8760  23379    474  91518 115466  89557  24880  90641  44187  69508  23289  54535  27345   9925 115529  35672  61703  58294  80037  76476  18201  67902 104130 103971   1365  37073  13420  67430  56902  17837  49665  59053 117410  93991  80713 118848  36732 114285  79610  78564 118199  88436  39431  89768 113074
  59438  37684  11085  39628  17885  42453  63050  36690  82261  88382  57271  87898  73545 100822  18454  15908  54206  19458 109833 114649  34597  53807  33500  27590  57614  64284  11675  33688  98587  26367  77099  63409  85102  37524  11759  30720  94673   7493 110262  58650  36257  47032  72079  69540  10766  31590  62776   3849  16717  37298  18672 100640   2970 114864  52234  23384   3317   1575  73257   5196  56343  83021  46534  99780  58167 111627  74209  84818  46765  19981  25508  83460  26766   3797  74925 113615  76078  54021  78013  54402 102621   4811  83240  49742   1629  98000 104071  91095   1057  99605  22028  25787  63360  44293  46587  40078   3615  21329 101757  35946 112039 113994  36358  20913  56582  56889 111552  48322  95833   4002 101318  16431  21788  77441  91045  29586  46353  57368  34461 114677  79810 109313  48485  48911 119308  22288  75867  77769  16959  62143  23871  78827  55002 109794  49902 103084  27326 112035  12237   1376  84961  22669 102270  32253 110029  82275  46770 105492  81040   5470  39949  63537 106160  96161  91515 120667 109745 115490  34805  40386  32818  94690 109727  90626  92880 121766  24659  49802   4393  22342  79636  59523  47235  16763 111793 118399   5486  77196  56147  41271  20009  88914  53365  48105  39519 121948  78886 114404  53904 115807  60125  95183   5040  85114 116178    544 107658  74212  96050 121562  19990  17690  37579 113496  32805  35908   9995  34493  62865  36569  14180  88820   4117  40922  28383  38679  27775  45044 115278  74444  45463  65524  71392  88491  57754 106053  66280  95663 108446 119820 112169  63557  99973  66352 103854   2721  27043  48629  35593   5626  97419   6664  63914  34616  63015  40586  85283  17433 120938 113008 120200  13751 111090  98855 120320  67515  64566   4939  94066  89888  71906  63057 108175 121832  42630  52568  27064  27259 120606  90854  16617  64561  35693  27417  95307  56720   6887  74447  81978 106861  22504 115174  92573  45924 111383  43429  99046  84141 112998  77897  27631  21841  95025  99937  73744  51044  92170  27025  46295  99208  20554  92586  85798  55165  96873  25150  23747  51053 120801  27755  64146  88910  39552  30782 103746  43340  42149  48317  51364  55220  69438  58114  61463  46220   8050  45707  92886  78659 121765  10390  52643  91479  84150  76562  57501  33989  65531  66897  73076  29638  19559  31123 113919 104567 108897  91539  90149   3246  44580  37925
  12606  85459  27486  85679  97989  16812  60963   7502  69977  30864  35689   6722  71593 103692  78822  82634  18766  38209  97783  67105  86727  72189  38628  24054  78294  35210  64297   6361  48734 120412   7648  33263   2338   5555  65373   4246  37426  12742  55185  44254   8133 112363  85098  50286  32373  67681 110601  92767  87378  85236 110428  86937  45655  71655  46898   8197   8173 106447  96004  30910  84440  40521 107231  26064  48996   8431  51555  16212  87161  11138 104730 105453 117507   5604  32386     80 101066 115268   8385  54045 116387 119595  38933  38512  11404  25506 102317  38845  50713  85513  58181  87876 117065  82701  89138  59867   8848 101204  71648 109078  50128  97162  81980   7910  13412  56007  36430   8534  65047  68450  62540  94138 108739  47043  35679  85959 121598  99976  25872  45464  59704   2991   6038  70398  42713  47366   1259  95531  30137 107279  27270  61740  81910 118121  52675 117283  73227  93859 113109  23018 108288  81087  22218  95970 121006 107114   4510 111562  62302  38075  37140  15786   3964  33473  91830  77493  60490  59746  67913  45506 102172  86038  92158  90766  37564  66487  58630 121098  95293  75620 114682  91440  17095  23154  92262  84100  64130  76622  21561 109861  66458  24737 109094  70744  11789  11718  67734 101592  57237 100100  81481  22070 110170  13056  72478  75410  32118  45738  77405  22270 118290 108528   7634  73387  13774  44409  36161   1439  34767  23487  72594  10927  95162  15151  54327  93468 110647  98184  92232  21380  49345  73641 106967 120554 105304  48953  25939  11199 104248  71190  89249  62132  14150  99012  63246   5581  63829  40633   9798   7929 119551  56829 104663  55394 117487 100296  65736  50145  24344  40160   5446 119937  36203  20183  97900  11768  31876  83018 110430 101613   8889  31818  59100  46318  45870 107280  32025  82194  23927  98689  96663  39347  95684 122217 108883  27897  63872  10049  79238 112927 115982  56163  39841 108757  51113   1779   8276   7571  68584  57203  26813  22458  52092  67852  56554 117449  95773 118127  85949 121900  24733   1762  90694   1543  32060  63228  67574  41844  64904  32439 119077  42601  29536 121792   2537  88983  24812  13942  37691   2791 118782  34049  70137 100213  14300  70873  61745  92762  66581 111657  94976  87413  78365  47430  48535  13765  90547  87861   7008  61690 113094  41441  93222  73236  40692  99510  42848 101097  82784  62157
   6434 119084  46257  61439  25423  56958  55713  88871    443  14125 111792  63631  61306  81305  76429  69461  78653  58832  61673  46586  39729    991  88011  59952  94517  82512  73771 105090  72075  94661  45676  62791  57306 100692  58958 114975  64676  46715  15189   2426  56612  86499 121138  52561  42742  10276 109602  26121  71993   9638  28479  30653  36319  57523  87882 113208  15692  35753   5645  74087  19842  61573  19384  37291  83480  65515  39227  56588  69162  77751 103259  29141  52458  55907 115171  75677   4114  87432  69991   6631  33418  42628  48593  95677  65636   7592  65062  59847  24294 121009  51338  24231  26616 112215   4575  61110  80544 115018  13000 108227    976  40655  44786 110807  83454  37516  15634  17466  61043  34487  71308   8748  69174 114757  64282  22520  34913  70861  24798 121469  83591 116483 120615  85227  59607  74342  78862  66001  39988  31445  15764  76486  38567 117411 112672  58917  28721  55673  18817  18581  57048 108459 117356  40441  21739  30815  10866  39366 100718  47244  21100  76158  64610  88059  45451  47607  23689  87484  88814  70965  80147  65026  24764  22588 101587  51652  72960  38170  51581  31423 119275  74516  57462  24734  40206 118376 121902  63007  73071   7060  92235  90803  80031  49627   1039  89602  40514  18538  99393  88273   7823  95370  15995  21933  88764 112051  51831 114685 121514  83570  65390  75292  47240 120903  59959 114529  64441   3059 114337 110711 114791  24825  12102  81635  88686  90048    824  95516 101393 103506  74142  61295  77080  45718  42728 107042  60903 117749  92142  34093  51928 112966   8045  66568  67281  71221  29653  92069   4376 105539  26457 112812  50608  29116  19997  65490  58655 113654  19103  10759  34906  47426  85331  23585  86210  87761  11197  55017  91117  62893  49639  76069  97943  35999 103626 118743 120729 112150 103972  10070  59175  89780  12187  52246  29101  45395  27356  32612  73797  74349  46249  71810  86692  78119  81939  22912  14028  25496  76160  74775 117795  97275   8636   4803 100227  41761  73800 108766 109210  66837  80036  98111  27678  90139  51541  21115 113820  23592  96103  80603  19655 118152 121932  36274  78023   1997  51874  56916  31631 102687  46191   7325  70741  27424 100751  12542  40520  56486  56576  29072  20636   3320  38710  76518   5221  83734 105729 108859   6734 122400  56711 105861  81857   8767  59434   4097  88580  98310 107067   3290
   2984  29395  26488  39644  48282   3160   7520 104477  16608   1209 109684  52865 107726   3234  46625 102238  54455 106613  53683  25790  44508 121443  87306 116938  51153 105214 108880 100889  99152 109595   8069  35571  97826  52593  78033  88459  81899 107969    340  38872  61967  12275  43342  93304  69702  77283 101561 120966  51184  20763  76689  19180  20764 113945  31601  69278  55078  42903 101351   9216 113075  91010  43707  17551  48516  87996  97837  56591   2128  28140  52356  97642  50506  30522  25096  71646  27388  96563  70566  56984  27626   6084  69496  58804   7917   7884 103759  68841   6337  73320 118630  32587 117567  41846  66150  76184  54265  43292  80034 107922  67194  96170  80604  88141  87119  93084  10168   5734  41178  63150 100863  15768  92343  52122  42672  45942  32960  96555  32262  60036 121072 113802 114535 113527  72977  26217   3022  41555  23189  28926  42363  12219  82819  97120  92977  16495  89061  25123  69046  34654  45873  12068  22647  63317  66793 111625  17439  67134  77259  11767 108539  39747 110217  58261  83373   9559  94460  52811  15416 114276  40915  92133  87419  29421  32791  69280   3910  36561  50092  20234  29798   6437  77558 102837  25067  72302  77525 107521  84629  72642  30024   6601   5780 107174 117665 112377  67088  10039   1863  66023  18472  78350  32419 114941  74638 102539  87690  71865  99268 115258  75258  19988  26331  74713   3281   2586  96107  88290  43278  76618  79809 112760  36638  64077  65324 104261 114108  71304  88768  10421 120982  96284 113700  31090  73044 114375 112972  19190 105711  33202  97678  98030  69753  80640  95535  24000    245  37439 111456  66057 111724  21129 119432  62779 117512   3395  33386  81292  53938  43556  62949  87084 116947   8745  51286   2963   5968  13627  45534  76912  46816 117225 111421  73990  17094  25465  47036  83620 119846 110269  43600  14493 108863  17114  61891  55528 120193   8358  64183  36866   2416  51805  59220  97428  62757  73392   4637 120641 101574  30721  31380  82456  15222  83397   7044  64721 106560  57598  89611  68547  15017  79745  45720 102856 109487  73020  36575 107343  57267  14385  26987 104607   4668  68885 121605 118364  53910 115701  22584  83627  77297  19605  88166  76802  26453  83774  42658  59257 117576  60584  52639  13616  49495  67015  22856  53464  55717  59596  71325  57896 121157  39966  85672  30426  39475   4324 111578    398  64438   1041
 119636 117797  50748  88250  73791  26112  15273  83359  55186 114143  54957  76955  93409   3061  85256  43435  53940  81758 108076 117292  96442    458  22171   7459  48907  81107  25384   5170  89233   7654  49487  11874  78252  74950  89597  61081  21943 103451  34546  47839  48005 101558  23725  20089 117155  90946  18372   2561  27747  63769  14423  30769  72946  11320   4742  82076  32162 106068  16824  20874  84872  91512 117595  92830   3657   5495 111091  23559  99678 113563 102451  42419  68717  41967  74377  66160  55234  79451   5793  97446  91698  45364  21324 119179  98119 110003 100524  81831  58906  71487 112728  84450 108928  85531  47323 110809  86482  85786  64813  43509  25677  17307  10160  52971  53098  22938  42398  39956  85583 116368  14456  13909  50015  49022 107981  12048  72322   9751  20991  80203  56675  44085  87377 115413  27753  89296 117469  29694  10172  86231  82030  70101  18860  68882  77547  28703  83972  18925  19977  70163   6034  91132 118096  85163  71818 104386  25109  77238  49016  38991  20502  70811  36916 110185  11124 120672  67403  39038  91322  70148 115853   4992  49941  13190  26476  33234  16504 101423 107673  48271  12696 113485 121787  41813  53730  17278  34142  19512  67651  12061 107226 120089   8218  41854  91160   3749  44215 101134 103039  41529 103283  31819  89876  98242   7511  62629  93858  97571  91883  39306  13822   1905  99059   5514  33058  24305  11231  66398  95496  90741  58395 101987 104310  10345  58041  24964  73538  30843  18797  29054  32400 106891  27307  74835  84380  51639  54176  56141  63852  15542  24895  20188  30078 104025   4730  23809   3143  86059  16982 119318  11638 114342  73332  29893   2429 107044  33095  95754  15625  46328  84929  62342  44900 108524  98199  50114  94697  99969  48400  40593  26525 111852  39363  87343  85375    923  29316   5464  15042  48319  84926  88940  16160  67906 104458  30756  47335   8452 121250  59278   3289  67543  35032  23322  44462  19614 120305  95846   5693 113659  95156 119214    229  84964  15742  64191  81446  83483 117140  71685  84905   1091  59252 109098  18995  71775  30562  49400  99779  67055 109293  86035 104585  55554 107330  86916 106049  87697  91615  81324  41757  82168 112914  96906   5663  28404 103420 101700  92578  80192  98602  60891  55469 107349 114643  89151  12735  80855 121968 107882  72468  40039  11388  83920 111568  87832  94159  85229  50011  14449
  78245  73064  98216   9665  40906  51453  30236   6939 100707 105601  46091  82341  89704  11625  66781  53957  58036  51437 120420 107780  33487  16808  93690  92504  58002 106821 116315  76024  93177  69903  74883  73294  86873  98059  73238 105363  37261  38757 121232 113580  11584  53375  96361 119516  46018  58752  61144  37324  63133  83999  56577  91163   1929  73549  38921 102529  15778  40400  55113  48970  80011  51435  86764  15521  74833  89733   5394  43708  46930  22471  83845  11610  77615  87757  13821  72074 115964  96843  86194  22861  11152 107671  95960   3941 103448 118923  93175   8108  39961  58802   3803  67200  53846  34077  81461   9920  79381  88834  41130  60955  77953  71530  36619  72548  58940  53008  35294  66488  61187  44755  86107 102209  35035  42504  24287  64031  75227  29177  17306  79861 104291  21962  30174  56290 105348  34022  84192   3824  97737  86438 119456  93419   5810 106995  21874 112463   5416  69144   2867  22642  47200  30308  89443  54515  28095  65711 112697   2707  34421  11205  92024 117132  69348  44401  21702  57472  32816 118259  41821 101215  29908  52225  10908 100647  90762  51209  56690  44340  77442  36433  92459  52078  27536  99147  58851  92137  62848  26236  33378  56626  60178  75373  69469  39755  58585 100857  55067  86519 110355  67607 121436 101599  52464    531 107636 122013  36577  68912  85379 118119  61980 113658  62180  94007   5150  95029  33592 101020 112283  32938  29037  21133 106102  57309  39586  39205  71995   9166  99485  81588  35658  48835  10736  67673  77307  43523  31581  77800   1516  78467  65220  52924  33134  27916  99119  56788   2394 107540  49238  19935 113394  54441  32785  32592  92980  73281  29892  56866  72164   7644  77874  48280  65667  47077  10986  34247 121018  14124  82373  98797 103721   1738 107605  31017  43065  95886 104812  14323  57816  82135  52615  76851  12979  59694  14045  47715 110429  22714  71872  83583 101954  30623  31147  98334 104422  99035  27848  51926  95800  45001  19069  58718  67924  22150  86625 100272  62708  79601 114142  70794  34745  36298 102410 106957  53772  29406  74056  21879  44039   4237  52582 116238  92223 118990  61838  72466   9164  37784  32602   7365  24931    153  85032  34741  20732 121482 120330  14240  66161  86957  79171  23932  22503  47149  97210  60925  84517  48415  97742 110394  77248  65535  66510  17962  66676 102612   8199   8557  39345  99371
  90552  81158  68338  24444  50358  53002  18501  72147 120465  56611  46692  77231  62598   2690  28838   8090  32037  96380  99241 111516  55160   9303  51727  52702  18447    632  52229 109889  20850 115983  27830  95957  80846  19735  61413  55516  18639  11900  47627   8401 105784  11098  13170 111967  34773  63626  73115  53882  35535  78304  41253 102284  42834   8345  40639  99449  53313  97699  22843 107539 105780  26950    748  77689  96901  21757 115127  69868  11491  21408   6620 109770  68638  92178  26732   9831   8109  48184  99356 115071   1330  97752  34436 120806 114371  20649  89221   4229  19822  93310  35080  62122  56822  53524 110683 110977  50194  93282  90921  93402  30637 119665  47405  77161  17204  12422  23142  18767  12609  79417  28693  33770  93100  97964  59324   9159  62378   7335  53030  22046  62367 103338  62849  81470   2639 108127 113627 119041  41286   1058 101756   1401  47899  53937  86278  83575  93043  16947 110740  41992  22206  50822  32852  85569  53811  11436  86149  93729  66092  83554 103565  73867  71941 106013  48065  85469  85970  45321   7751  49300  36900  46004  55085 101427 110476    472  99404 122140 116648  65068  62042  55016  43856  51853  98256  68233  42270  21026  89497  34512  73851 116851  28054 120702  69478 113519  71885  17626  55644  48330  94619  30818 110368 106674 101494  26798  91229  74437 121730 103274  23790  72276  50688  74193   9963  92261   7516   6465  68198  65713 116160  92686  81392  21667  30016 120004  67465  68561  51038  80994  27186 102186  11950   1739 111766  19876  89902  52596  82947  53504  87079  68542  83496  83087 101889  63573  54908  29738  90496  14106  23305 115079  22088 112429  91039 110352   1636  67516  43415 106021  67909 118536 118477  75305 106332  36584  16478 107464  72574  33484  51014  12512   8493 116888  14254  13176   8224  73501   4725  54644 116956  72465 114199 110257  24183 120664  88125  78730 114872  18701  17178  89268   5858 102957 100345  11570  43214  31765  54134 108479   9322  26374 116858  99701 105706  66966  28954  77774 121429 108789 107255  60391  78698  56372  17232  86793 122291 111106  52755 118704   2253  34934   4179  98888   8977  67241 102011  19235  15707  27579  46175  35114  16047  58108  36271  67520  84253 113680  17211  16964  57751  97811   5140  13388  28060  96704  90361  98096  83930  20313  36813  78091 113822  47930  25914 102695   8907  24744  95716   8772
  67556  18240  89630    663  86002  97901   4926  72844  74658  85562  20571  15442  15341  69907  26156  24539  48074  83664  72438  41786   5982  41359 116397  94452 100907  42010  79678  79719  13677  30153  73408   6494  28260  42151  27863  96139   3461  65697  28248  90956   6868  61896  50992  37415 109653  74275  58726  52618  87104  38119 100083   8056  98411 104698  11797  67223  54760  38302 112947  94049   3445   4984  40158  73849 117121  36487  25279  52379  36985  75145  83760  81526 106316  21637  90455  88183  36586  85559  74495 113655  54383  25482  37489 117342  40458  77404 101273  83960  63858  85730  74293 116731  52523  92500  12026   7779  84284  35045 108435  16923  37314  96388  91988  71777 107301  82154  78496  75223  12117   9374  35963 116567   3943  38584  52882 101707  21315  69407 120069  48566  14962  13841 101645  58296  94530  71091  58503  60970 110693  33287 119126  83048  83162  37259 109597  53133   1522  58376   3546  56786  55687  91670 111795  42561  72119  41242 105417  55274  36435     97  68824  36555  30886  85351   3660 103064  68071  41722  29729  11689  90349  64129    323  59534  70020 119726   9178  15647  79373  50174  17163  33162  27587  45824  98191  33527  82887  27135 106188  56149  59923  50063  82379 102134 105127  86912  44612 118424  19293  68611 111459  90390  90242  22542  69533  88456   6616   4250   8866  19448  32087 114420 101793  79935  81914  19102   7986   4973  21437  95088  82358 121206 117690 102753 106858  21512  74693  90105  13130  16092  48463  77149 115117 100664   7233  49670  70460  81145  90910  76967  55614 105512  49786  15749 102027  66644  55084  71843  77205  18191  10825  20506  55290  61671 107386  72406  27364  35852  22845  42004  81820 119430   7004   8291  28548 104276  98731  33375  36259    915  25951  36949  99746  41805  65586   7937  79844  88715  68875  54470  77681  40373  97869 114033  17902 122174 117999 109178 115391  89286  98151  41074   2003 120151  62897  32675  16615  69197 113855  82103  35665 109395  77838 108280  80864  57901  49759  20402  38482    638   1137   1971 108772 112778  47854  77668 105771  67879 101579  30649  19894 103161  55482  59244   8785  57429   9529 115956  49967 115822  79977  93254  88829  31361  57159  28771 102372  60608  85727  83308  21748 106505  18835  99996  58663 108266  56341  56402  84177  77812  72043  97372  81485  21608  80816 112302  91288  46706  52473  16345
  91985  22303  75289  78691  75766  46336  37392  46180  51635 106533  58175  53123  79758  87150  21427  19164  25909  37703  42928 102691  78855  30660    111 117970  91380  91280  16905  89982  47862   3507  83202 109304   4755   5200   2321  17304  80508 103281  43190  66797   8386  96367  53197  48726  54056  12568  13828  57911  69090  33847 117359  90524  62538  73148  29225  30944  16680  55959 114284  62141  63203  32185  65418 115449  34887  36080 111554 122198  64793 101276  95350   1878  95622  75007  74559   2773 121269  44381   8873  31831  60170  27426 113464  62621  70113  61861  96087  75601  35835  81259  39428  72421  68990  49826 104467  57854 122131  36514  67626  48958  11213  28525  13353   1807  47601 104646  33354  53654  33472  60752 103660  33594  94015  48905  97880   1861  96654  62620  10722  42660  79942  80799  14268  28529 114562  71496  65889  97650  72077  95574  68768  27490 103138    421  91462 107313  93957  81739 118692 116703  91463  34037 104674  65230  72271  50170  31165  20837  95389 115850 118789  37734  14118  77948  60993  77487  53648  43376  20609  64901  22016  60120  79946 104054  65943  25227  85050  25334 114689  25381  32724  38863  45510  78684  14695  39255  41145  11056 118988  45146 118750  62350  79524  30601 108843  78690  79220  50770 103019  79011 101716  19017  44023  45545  15617  30367 102898  28794  87975  61596 120139  84581  24418  68711  91221  95750  10939   2758   6996  18954  88997  86642  89569  12118  75015  87009  80983  76139  64952 104471  55634  62340  52634   3564 109797 112710  42066  66025  47615  79180 113259 109548  90690  99210  78420  32450  38149  64516   4851  51614  48706  68837  38599  68276 112448  26869  23186  97176   7941  67375  61796  96123  53429 109425  74528   9481  75376  16629  11983  89599  66185  32808  16773 118274  53471  50604 115292  20552  17734 115237  90313  89580  64397  69367  86198  64433  72233 106499  25947  26162 106041  14957  61430  21066  90979 111608 100949   7971 121700  54464  88893  77397 107639    769  82588  25053  12786  30251  31778  42080  14821   8303  45540 110044  19527 100761 100431  24879  22166  84212  71743  61554  17113  97355  91965  40443  55605  91528 118114  72586  47449    894  59060 117728 108763 115087 119854 112004  25051  15335  41117  59227  62766 100104 110143  53550   2949  89532     95  13924  14694  49164  56824   2565  86368  25065  58439  48308  88296  88970
  35351 119758  76157 112230  91932  54411 111381  51170 102824  16063  30468 105818  72578  66004  30054  79463  96754  11103   2165 116981  27263  14060  47170  84436   4052  66373  19242 112369  10656  75514  54354    384  71635  11544  46629 110356 117315  31023 105054  62355  39334  13089  77982 106415  99071 101918  50489  64955  45374  74621 119664  86033  90357  69817  26379  21927   6241  27553  87336  23414  78204  77605  45428  91690    536  81480 105628  72875  13128  23134  48446  42620  14915 117806  48061  35292  44222  71344  59974  86862  25473  89134  45638  33621  35100  99814  76265  30488  78546  44272  76203  29346  75539  75212 118999  32082  26466  94849  97392  71888  89900  92691 108611   1179  35577  18175  31962 103778  33832  33399  28305  82981  94931  84618  97113  21323  93624  85027  12678 109276  83090  16656  57391  89637   3599  78388  76659  73171 110753  11382  81261  54338 105306  31053 100740  23445 105534  83712  47055  46917  66592  69791 113248  82820  65754  98885  58387 119604  83511  77203  32356  25860 114441  22560  33756 106027  10767  26533  55976  56689 108741  89858  68454  85296  96477  58134  33274  36348  42809 107514  66651  65479 120003  78829  82972  85299  44262  18500  71291  22420 110745  89920 116059  31194  28498  55555   9879  82553  67001  76792  57144 112027  44002  66908  90286  63643  37712 116195  42865  56950  32636  98909  86763  24211   3340 114913  16012  59863  57988  77614  13248 116724  97172   2952  80887  36747 108257  71904  72011 110702  72193 119190   7944 103923 115492  40600 109646  54006   6134  76798  56836  94666 115869  78572  94658  48001  73683  48162  21769  57871  77683  46496  85263  34547 105346 112310  36696  37371  70029  96882  59094  42197  21289  39340  59274 101317  94410  30021     10   4953 109073  12328  16520  60554   8777 107039  82009  26731 115888  76545  91738  37608  14390  98465  23758 118260 100746  81895  67030  32633  87627   7554   8539 108297  76566  62064  46214  12874  11923 119265  72486 105653  58729   4034   6451  31861  80166  52672  49322  64567   9672  71947  78957  10326  20782  44451 113577  23469  43178  33576  80151  30556 102518  35007  98428 105817  93493  64841  16046  91751  32050  93009  62438  88306  30029  23440  17279  38577  11156  21059  74163  48360  33203  53941  71884 106883  28779  34026  61065  62212   4123   9259 100913     87  19897  66079  20875  36604 119436  17394
  63531  89175  61810  45827  87593  28536  58584  73988  29712  41518 121776  96232  63668  96780  95876  60912  96789   9233  65206  18266  27298  22937  50160  62504  11709  41131    684  61788 116931  25965  78869  91533 109606  96719 112608  15375  40609 122151  15433  87590  33635  60648  34980  24113  27255 104388   6333  91103  90210  22825  92625  76119  47804 108791  59303  10355  57730  40529   7611  38372  25383  80375  28722  83605 106354  61244  74757  40450  40303 106720 122044 115154  89922  22216  18603  27994  11365  26143  65525  98709  83630  82047  88304  89593 108173  95492  90043  41927  87027  25161 116070  62194  75234    607   6831  17768 101623  57724  38327  61929  50157   1344 102018  65269 119098  37460 112233  42655 109025  83624  53911  69940  94519  97449  35747 107328  91305  38859  57849  97308  46492  98405   6383 114572  94223 113914  68915  16562  31173  42599  91907  21001  67054  55489  76305 102711  38840  22957  82643  50094  35785  42527    118  57529  98533  81283  17720  20148  97697  45123 108206  86026 118177    394   8812  30111  18674  70316 108232    249 110732  26868  44647  32674 107439 100453  97786 101019 119501  25788 115912 118691  72146  38877  66159  95917  87310  70765  70579  72843  13344  26650 115419  67215  81355   7985  82846  11444  48683  83347  66316 115091    462    361 117015  70448    189   3333   9945  55754 110902  82541  98531  78237  70237   6919  67725   3709     93  99657  14732  98098  84190 120454  15055  90667  71944  56891 108208 113280  30908 116739  76497  37110 122490  55154  86967  79372 110020  25090  17911  49030  14752 111159  43308  85707  19964  25403  89979  54880  27370  39814  91858  89376  35363 119765  18628  81845  37846  17366  10990  18360  72387  85843  38639  13034 117473  94877  80683  37496  61179 120656  33570 107284  51946  39196  13254    564 117133   7858  76393  73004 102007  51502  29775  58161   7240   7281  87933  43266  30182  60266  25865  81302   2823  26633  49647  60635  72531  93379  69166  31273  86910 104820  55640  18773  18734  16779  68693  97670  59331  26496  69180  50048   7792  92892  92738  26651  51034   7877  33859  25301  16312 107377  81736  14721  10872 100099  70489  51031 119276  74556  14152 100596  64851  62684  21859  99328 102982 115321  35666  61818  63900  84290  71016  69279 101912 117014  68684  25449  14543  71741  94860 107777  55664   3490  67910 103205  88926   9706
  14903  77384  80354  85549 116118  63002   1080  26515  91372 110246  52819  42606  15362  36285  79662 116822  19279 117377  56752  26297   7815 102981  38391 109150 104764  20168  25266  13129  39504   6187   5192  80017  90059  98458  37380    534  13106  63896  71395  91508  96597 118358  89059  37253 106131  36621  73165 112722 114358  95803  67226  63241 115259  19608  32427  46104  49252  93356  70198  41016  41254  64396  10790  81553   9722  32270 115358  52180  97346 106889 107452  98144  15316  34857 103702  89101  20125  58799  86980  79004   1747  24662  22026  98316  66604  19526  77745  97254  34161  75692  28120  78132  66313 108275 117470 116046  74719  30776  12138  30492  71297  36565  65279  54381 111344  52944  18063  62026  31880 110202  31410  54946  57125  93047 118214  41017  51096  90742 108738  32638  97672  11487  72093  97731  65591  49177  88745  72252  33808  27071  69285  18675  26036  85816  89084  13835   5945  10270  32883 118423  19752  62951  44349 101527  98997  69900  47486  92724  95510 107721  61001  69375  37252 102342  46911 100211  55158  79201   3447  62286  83543  65476   9160  69595  72903  15731  19971  69293 100006  19958  37218  23796  47578  14299  13362  84384  29013 113579 119466  10888  63940 120000   5101  71517  52113  84745  73428 114800  47402 114834  14001  18397  68999 116404  39139  45903  62170  24419  19698  73186  23554  62735  22879  25963  99621  32117  51778 113487  94788  73286   1563  25756  49669  15431  83019  74435  22761 100265  22992 100297  50614  41544  18556  48627  85504  41055  55146 109587 121473  70315  38788  19074  58285  76937  33944  16518  60442  75778  43086  76572 101328  75807  55610 106179  22009 107152  27514   9217  21209  29067  11641  70530 100028  39877   3889  74689  97335  60474 110994 114177  62756 122333 113630  74077  57475    741  84986  49489  20498 117117  76370  13235  92313   2817  50073   6667 116586   5257   8212  58411  98154  65788  33719  93184 106553  25791  87611  12337  29973  75157  94003  92161  17978  36439  20283  86458  56004  98819  65394  62276  47536  68237  42675  54723 111013 121608  12125  88572  32406 110127 114748 102279  83556  98360  63758  76642 100915  39786  53872  48922 105410  24912  14380  54891  58606  85983 119534  25327  23135  60221  83212 106212  95438  69518  93139   4395  65503  97825  16551  52121  58048  73787  58700  88201  10917 121374  71464  17853  90673  52154
  87204  43583  99932  75308  57920 120890   6685 111746  86731  35324 105830  80025  12105 100872  40479   7294   4504 101121  53281  12677  37109   9077  16414  69948  40901  94710  32680 121194   9239  81629  30193  22735 119320  63217  63025 114267  95565  68884   3520  33748 118470  31952 121438  96685  23919  81775  68037  46155  84135  52137 104070  53949  94506  20827  25300  62178 111768   7495  76693  63248 108200  56000  15195 106589  37358 107543 113349  84251   5064   6794 100096  31371  99793  18169  12612  58415  19494  35581 101852  35464   2274  61166  28237  98572  37984  36903 102474  12787  40589  97828  69275  27593  41651  54364  38156  26976  94013  36355  53115 102978  66975  77245  78636   3523  12395  92893  97942  45498  54869  83952  28274 110850  14392  63353 117206  31333  47900  79937 121994  72319  36040 100503  96373  32498   6727  27072  20193  21269 113492  72897  87897 103541  44797  58485   3250  18193   8029  17873  20386  74298  23713  61034 100093 118744  11766  18417  83686  77381 117683  38014  18924  37103  76260  98680  22267   1157  42187 113073  81525 100757  80878 111293  92252  72632  51237  84071  37764  41732  91152  40333  45100  56080 104405   5098   8309  51024  21806  64815  95031  36090  90726  49125  11244  51546 110701  36129  89334  59176  11600  43354  48575   9123  79829  53364  99875    470  61303 101398  96974  84048  15325  89535  46610  64848  56061  86251  54703  70270  59046   2995  62417  74461   8795  22085  73034  86076  93223  69511  43782  82607  39749  75859  25535  69965  21280  76216 119442  67198  81369   6376 110047  52996  64491  17170  95312  13339  59387  35127  17417  82019 121725  52497  40696  22775  33041  74977 103970  11726  44549 111292  46403  48056  80934  54010  47707  75313  84608  91629  22944   4871 116272  18048  53422  36329  99327  73515 104384 122413  57987  14746  63580  47589 108748  11189  70582  64932  51959  95609 108412 112747 121406  69140  15650   2552  66287  85179  58096  14080  72996  87616   1801 105199  10850  91851  89390  33764  27798  46941  24873  37047  14988 109720 115041 105733   8219 103533  17318  54820 112988  19860  37306 109562  93156  65124   8191  84359  90889  11949   8766  17861 111299  34447  79307  44701  79086 117070  67153 106214 119996  31611 112432  63774  58810  39150  48342 105477  36404 114035  95811  91168 107050 106896  71937 104551 103749 105114 114862  50760  82624  65642
  18615   9512 108641  98335 107565  33329  96038 118447 113437  83179  79125  60396  67440  13108  26888  69432  74019  66538  16346 103399  80202  51191  47312  41339  44613  97321 108331   2191  65931  65542 107287  55481 105800  95834  70324  27880   5338  50391  39648  66910 102378   9515  65413  39128  56289  28805  38917  89008  54585  16103 122383  38535  38632 116943   7568   6366 100146  92518  32559  81338  95058  22144  26514   8725  53164  26045  69314  31957  18951  34508  77887  76770   4919   8390  20613 111024  20762 118820  99323   6237  88878  21900  67450  74139 103443  11232  38888 102315  19547  85424  27656  51597  66501  24483 116230  77126  47160  16367  37967 114769 117988   5666  43331  84240  15638  67602 121871  16909 104116  17255  42136  88039 113819  92512 112449  58600  15145 100416  27363  34001  32451  27054  63073  76062  14261  58197  42087  83434 109502  14570  34275  78601  41974  24908  24677  24604  95212 110312  41597  56710 109115 112869 116780  49872  60312  54907  24256  29403  77739  49743  27441  16929 100305  62009   7630  88205  20001 118013  82353   3492  59656  26231 103744  54527  51889  46512   7271 104627  51295  40979 121973  95271  26280  87545  52327 107069  75370  46799  37448  36630  41454  54395 120917  78614  18970 121150  94624   2516 105822  51125  45329 117426  35772   5359 115073  35524   5549  99806  10933  30555 111535   3373 113136  52914  73652 102858  76799  43854  71924  11518  88251  16924 111361  85757  17530  82441 107712  69282 111303  91000 103330  67823  59692  91529  94522  88886  97472  36504 111885 103397  91239  59642  27196  48936  89482  49633 110321 112694  45157  64603  49560  33647  26005  71099 112621  74752  69492  37843   5958 119451  69657  41311  43504   9835 121650  55784  76135  11318 112958  31115  55742  10328  54493  52606 120626  19070  81704  84076  33185  64337  70882  39510  20781   8683  54181   8169  28951  91185  67683  14119  75240  70768  44456  25640 100551  91660  70872 122496  75911  34178 104760   7003  63156  33179 114334  37530 109452   6572  40274  71796 108746  42724   5917  47968  19548  74744  82318  48301  41532  45336  93208  91114 121015   4772  52456 118463  27394  52892 114306  99538  79586  26339  16098  67147 119815 120123  97834  42322  10978 101896  85011   3145  43537  55242  37582  50922   2180  92376  58899 110232  88255  11533  92795 122354  95681    492  64080 101658  69389   4613
  47288  78704  51167  10609  89102  42247   5823  79947  45243  29087  23793  19459  50435 108133  36669  72879  30746  69051  31613 108509  69520  72244  77464  62852  97620 108878  32585  31168  63784  13935  17179  61476 115120   8421  36424   5025 106495  79760  70021  42379   1794  57604 115918  10077  44504  90751  35868 106222 115068  43606  17142  83378 114133  20768   3798  82100 100476  98570  18684  22662  57787  35314  54142 120261 113029  30454  22289  26662  10385  65581  53582  79396  48514  80409 106566  15907 106392  55162  25491  71336  25868  24787  86694  92874  82458 101727  94965  67538  91012  85404  38958 112630  53339  73435  39625   7009   8255  15732  92113  43820  31526  72344  82799  90606  89251  46281  10416 109454  27745 113287   5861  13164 121893  88944  48302  99988  40938  17355 108106  63669  77282 114184  48064  16486   4812 111366  42290  90393  60720 108358  17825  11645  64456 117228  11620  63735  43400  26527  58209  39886 109900  26176  90899  22165 121132  45627  92174  12789  97944   1676  60919 114510  99223   8091 114028  10289 111778  96630 111897 109281  89211  81379  22385  12807   7076 111585  84443  83369 119794  95272  22167  40425 111736  82349  86871  99643 119235  26230  74967  99846 109114   7876 114138  39505  32090  86344   1586  98538  24943 120887  59752  52658  40177 103208  99939  92050   7247 109773  60258 115136  36746  79112  65707  89327  16781  13643  18686  27049 120220   8953  92441  85623  51161  39659 104804  84913  65619  98124  44642 113311  19420  66281  51536  81823  72684  12576  80479  93926  70591   4554  48653   4728  26033   9756  61940 117966  37391  48108 100389  49451  52616  19122  88057  15807  92634   8804  48504    391  23792  27754  12058  15378  85533 121320  68673  25309  78683  76649  18637  59833  52006 106353  87547  13268  11214 119881  55866 121702  64564  14440   8910    269  24476  39247  89062  55184  16955  86656  81534  43081   6742  51417  81738  72303  62976  63492  80732  66504 120640   1594 108255  34592  43402  33679 103777 120857   5404 106803 121267 107886  87440  87464  64424  39558 109989  65447  66135  21975  70884  62092  17273  39593 119573  59730  48959  94960  12656  73262  86720  98457  80938  79409 106944  66322  16179 111622 105892  87415  11106  47734  37522  71714  54297  31580  31304  99391  20698  84699  17476  48824  21294  68459  87583 109255 106509  10650 118998  11340  18464  90400
  46991 112288  38520  73599    660 107062  72511  19434  10205  95832  19041  76895    208  37547    412 112409  66690  71857 121220  85793  47161  56441  23690  65672  34548  91182  37283  86520 102005  53797  87827  53790 106959  63062  94553  28122 111346  36909 120451  20230  95339  94707  84340  89374  98982  21494  39751 102456  37482  97972  98642  92372 119419  30567  78668  78557  26125  27795  87559    270  63454  31847  16155  52815 103561  50460  99805  36130  51351  28947  44851 105310  55628  67279  41179  75772  66962  49844  19021    148  21419 114268  23200  20747  27224  29717  77981   9367  75987  67144  70357  32215 121357  32343  99143  62339  96760  25662 115475  60338  82198  94350  75422  43493   5343    205  82601  72221  20633   7606  65157  93556 112898  31159  39473  16815  96548  37875 121390  86174  96268  95230  83449  50963  35144  64182  76591   9766 115185  65191  34492  15251  80313  47865   4326  26381  63823  23582  42065  58215   1471  91357  11721  77965   8859 106705  49360  13518 122342   4083 109872  46766  76320  70258   9840   3132  34962  98196 121096  53636  52839  13932   7627  48779  29946  82658  60455  91261   8152  16906 115476 113996  29790  17829  58450  97829   3661   2745 117074 107400  73594  86220 103888  87256  63993  68845 108620   7392  69409  56957  91853  73200  99416 119709 109453  57459  17550  35223  12002  54675  51724 108308  21947  68570    184  72403  92494  98845   8205  68870  49493 100343  48232  16208  36164  37244  59323  50140  55126  58323 100235  99098  22596  49281 117645 117755  17333  53088 119372  13595  29934  40406  38678  38499  59875  66188  36004  85127   6983  87840  83438  96553   3771  31395 105540  79855  36960  62322  50743  74320  90898  78727 106443  97270  48793 118979   7319   5753  71360 103507 113486  43565  62199  23073 122255 101699  95694  88142  81241  64326 116593  94094 115217  80157  19431  16117 101376  90711  81143  25856  89405  74617  94123  70782 107302  67789  81226  47304  48539 101568   6052  42732  89434  32227  29278  97164  28772 118585  64787  99255  47289  50870   1103  65896  57242  45469 101628   6373 117125  44245 108084  12297  71114   5956 101027   1070   2643  39941  69830  96327  92339  76793 112378  22164 107013  35692  73183  85524 112828  56467   3744  33760 119840 114563 107794  65963  10052  12234  57211  35470  36779  19729  38629 116643  44182  48390 101854  39679   8923  24854
  66739 110912  27158  10059  62520  98543  44979 102938  47532  38760  32552  78737  89115 108925  62808  75034  43869  46986  69269   9716  46679  76436  92555  80729  67368  58651  43548 112811  65776  35966  85885  29862  47941  45256  91333  11927  73912  33253  76144  25472   5403  69838  93131  82573 104742  22155   7902  60928  71909  15403  43008  58389  53446  85620  20041  49813 104819  17383  43124 119716  53554 113987 119219  40384  52895  32305 115177   6018  33725  97568   9298   2636 106684 114222  31634 102266  64562  92351  95702  86432 121652 116221 107144  76966  99728  58432  95899    119  62446  94240 107007   5628  85614 105041 121318  57755  51135  50851  33371 120689  97038  47009  37501  28368  57244  44250  38715  98940  71539  44392  47014  66639 100142  74341  71795 115445  36995  78797  78326   7899  14760  65708  60763   5600  78548 102631  64255   5647   5941   2623  32311   8524  54937  58465  92290  16724  26648 106269  45945  10387  34622  70481  96850  47861 112222  60507  85152  96853 119135  81698  21107  37112  22093  20958  81162  54707  88060  51277  26932   2140  91488  68823  63796  39121  45481  44313   4614  54928  47049   9904 118826 101773  84731  72430  81348  44192  94216  49355  12736  31454  38303  59426 121688  11467 102929  33167 121746 119158  42612   9295  44474  21136  31703  29104 121977  22252  86250  68560 107734  80175 116360  16326  99891  30759 116967  45886  19747  14594 103200  97077  74072  78039  24087  54695  38271  10277  78821  55822  10667 120342  88620  45567  92121  15996 115428  96575  12946  10502   8906 111254  53503   3776  45868   8051  73497  84514  86709  57352  92915 110910 106537   3466 120777  50108  86597 119907  26317  85119 115308  23766 116316   9565  29743  53125  58727  75479  87577  69290   7959  23203  54735  98493  26667  56964  50211  99907  70374  64684  16604 115252  31104  81657  36616  52941  37208   2466   9013  16123  35851 100705    964  34825 107295  47896   4644 103575  92216  66697  29000  11594 109686 108010  19182  37523  14784  73241  23595  28165    732  90783  65772  66710  87236  93496  46530  51233  80621  27480 100667  32916  34502  98449  58581 106391  62828  30048  74317  17414  88385  67181 114303  21412 114812 109768  94913  86381  59340   7144 121497 121099  51190  19538  59560  85273  43760 121097  95752 102310 107844  97616 100902  51939 102120   8890 116948  16010  38291  12085   3345  64100
  33150  99759  95417  13760  36408  88478  51506  97687   9799  95808  41699  34576  72040  89646  78978  83579  12704  93996 108510   1665  66662  68029  73893  41435  63070  20707  20178   5562   7185    920  92434  85216 110854  51460  26397  91780  67286    893 100320  36055  32424  59943 101607  16701  41540  77868  67567  10061  31835 109446  71413  59992  69988  60658  21446  20864   7317  52317  12993  73866  44006  67743  72670  50723 121655 115239 122481  17345  26304  95827 115602   6695  45761  56333  57775  81281  51422  97465  32370  71361  68046  18418 102814 107737 110070  21016  43242  68515  38457  65826  64219  57454  26645  51623  39104  44035  33261   7915  86436  15208  31688  73412  33641  84013  39276  57879  18065   9596  29470  38355 103932  15541 113197 105887  48599  51274  20218  78629  86745  80074  29885 116123  26014 114575  87172  30740  36591  57253  50279  69513  91643  84362  13659  21078  77743  66101  75801 101694 118540  32186 105688  13927  43085 114928 120045  88855 121078  18569  76603  98368  63678  72804  77206  22555  10775  59502  16194  99030   3454   7326   9247 111256  97903  53687  64252 110256  51562  29283  55476   5561  60745  72507 120023  64444  50352  19165  92902  63493  67020 119976  58645 102461  93058  15297  37993  24458  72956 116585  81911  47013  99454  88233  84270 117382  88529  13088  55346  35224  16653  91368  90115  18080  81468  19607 102201  17801 122440  19714 114158  12523 103167   5902 120225  55739 101585  58859  38095  57109  13233  48878   7890   1051  93820  95995  26524  26758  31796   7507 103055  79176  77140  81096  78611  45447  58861  38721  45304  52104  71112  39592  31998  77787 116435 111950  23223  95484  94137 102161 115525  41739  92628  24286  17388   7991  29459  97202  72544  90587  14686  85368 105097  55225 114972  23314 117412  42829  37409  58194   1311  16213  89873   7526  36880  28636  13111  26474  95627  99334 115702  14055  16783  49507  99276  24264  19764 106347  24378 102914 110354 110012  31764  33419 118394  53473 104549 106390  77821 109000   1893  54264  41205 115923  59541 106789 106569  39748  75955 118332  83113  67094  13188  86885 101201  36268  16705  62305  64227 118224  62654  80857  43045  77301  74520  26408 101141  36068  56148  58530  88553  32217  88342 106790  35405  54386 116460  39003  29748 121855  55824 112581  97623  62427  16560  15332  48568  77227  89082  71183  57516  29659
  34210  73136  61634 111033 112105  94186  66389  57269  80963  74863  60895 102004  98494 122115 109667  30070  94023  12552  37561  85817  84696  63641  10729  15483 104335   7209  76862  56153  70934  78501 121280  61866  65296  65693  19191  76594  64865  21449    778  88305  74545  33697  39765  80524  43834 115984  16403  60734  99771 109871  62082   7688  57723  68281 117451  12055  38218  87034  64776  13275  14642  24623  42018  81185  55424  43576  37452  51846  64614  27632   3841  50400  31569  28520  45458   5579  64132  69789  78396  23788  47354  79648   2695  62938 114738  82370  38737 108685  98659   9316  33904  35884  27483  50582  70999  84111  45969  18570   2487 113814  54377  82403  23136  80622   8867  99174  47159  26796   9693 112313  45513  86672  57768  45880 107865  79608 104823  29019 105840  63742  25647  55051  76492   1405   6859  42960   8083   9779  65632    375  59034  83257 111101  58522  25343  59827 119786  22660  29117  49002  73798 101232  54622  42699 112975  12602 106812  22030  29482  81812  16390  72846   8031  41824  71918   9915  57142  24547  45118 100157 118034 101828  61226 109983   7906 103833   4838 109914  36493 119911  49000  37650  26227  94436  79478  62369   7839 115253  51312  31042  63879  86644  45048  21204  45337 115578  64418   4255  80522  25990  87618  63572  95806  70441 100877  67915 122188    155   9053  37835  13099  55695 117705  24324 122281  83074  44992   8449  26786  29039  89015  76111  91801  82253 108671   6351  51373  24592 104053  92498  33142  55535   6717  87524 100307  98772  16400 109888   4834   4998  72518  76187  37024 101438  54883  18422 107271 119192  70121  27929  89829 117122  61675  21357  94485  83867  68246 113821 107034   8592  24687  70586  75362 104648  77815  59041  35425  78301  75366 121926  94973  47141  57791  20040 118908  37881  33937  31905  11830 112625  50275  85904  24717  56053  54299  54051  44012  62894  42814   7118 108115 106403  77362  32618  46540 105760  78376  77772  24357  80986  63183  94415 122476  29763  82690 107892     82  93017  46734  29453  73189 108456  42475  16712 111542  22012 102218 113552  37730 112597  93071  85901  89458  22486 114000  80634  69785  52076  56180   5248  18367  71333  90018  76036  38850  39125  45967 108855 120448   2087 107332  95315  87932  87798 104863  60858  40436  25058  94369  61352  99803  95630   6639  17401 119494  36234  51127  80304  87528   2138
 120060  45056  10153 111710  26623  18828  89063   4108 104637 114641  73097  35979  54289  30614  65590  97858  71388  50849  78118  56076  90327  17486  40924  64143  26890  61116   2735  92656 102275  26647  24901  62346  76473   1212  61302 111973  41305  34017  81383  10496  40468  33960  15635 117049  97098  52812  26251  28424 104891 120794  90288  70637  58668  30857  72811  54661  48618  37971  12481 113895  33452  48671 101125  17685  27466   7040  82866  75814 119801  74474 121290  65930 109016  61278  55877    823  13239  74329 110437  70853  54776  42676  68467  46882 122034  93065  80237 101111  78114 111970  69115  44781 112007 116211  46644  90929  47596  59621  93261  67256  82148  63048  95835   4011  73703   1537  50499  74539  83026  73107  14054  62560  69797  24466  32161 102624  48669 102313  26979  34679  53728 122100  95747  81940  78389  79749  40781 114637  74511 116047 117974 108026  96418 102353  30329  26944  76554  34291  13005   9991    881  82276 100802  36817  18327  35449  68544  14164  22050 103995 100999  73441  22448  20779 117601  86513  69795  71691  53856  26526  46025  43904  95623 105566  88969  77271  13689  71811  32800  96387 100450  78588   2634  62130 110277 101627  80822  81421   3108  79551  97516  50766  15506  57938  54474  13265  29062  46016 120535  63873  15202  83004  69022  26216  48596  64228  40567  11381 120036  68781  45307  15785  45573  55172  97076  84202  71973 102716  90918  55518  80599  53160  64579 115409 121906  85199 110737  47168   4256    156  17160  21958  23907 117771  83486  58809  71972  98983  26943  12761  15097 112266  81842  61932 111184  94753  67536 116464 107495  61242  53094  11760  56821  33223 104935  96127  33657  11031  41485  53759  49545  32668  17344  78951  22076    295   3981  20173  83947 114126  45179  38916  67525  29196   1853  47382  15980   4807 104599 117782  86389 102917  24043  72092  58738 110530  80449  72885  70364  57807  51920  26166  41281  33561  59818  10805  93788   2517 102913 121965  64891  80510  67803  40323  59685  73493 103975  78747  73082  63495  94838  41062  36216 106870  92345  79506  59836 104862   3405  11542  40202  64482  38348  74491  70265  11743 105260  30067  92533  10539  43373  63890  25457  57127 110064  62256  23799  54833  20424  38722 112913  37827  48955  92373   2476   9048  90314  64785  14794  98569 121691  13945  95325  85795  74598  80639  10992   9089  31424  58935
  42592  24814 101400  22533  80998 104634 115456  26608  32788  38207  83881  73110  43374  48046  82824  29005  88494 107124  44638  36692 117354  47754  12345  35415   1532 122063 119047   8294  24974  17862  86892  69509  39177  94770  48899  23185 117309  45215  57037  44185  13101  23509 122155  50423  42627  64750  70064 103508  66084 119480  18395  15294  64137  48534  63665  98058  80564  60574  13965  45558   7427  97514  85000  43158  59996  64642  44547  78343  28647  92588  84093  11422  26123 119597  56022  23292  46358  81437  11260 116466 105429   1149  65902  68306  98179  65794    661  97302  65532  76246  96169 105025  88993 102827   8001  45345  19792  48876 121568  59118  68749  31655  13893  96301 116331  14951  49259 110624 101999  94484  22976  50774  67757  89046  12628 108239  73416  78773  81634  44485   5709   9114 103053 113959  35697  61719 119215  75576  67636  79441 119125   5136  15955  18872   4302  65606  83964  63928  68802   5540 118080  61895 120992 118247  16024 120616  21409  80357  51324  52387  34139   8253  54607  52856 107212  61468  14586  44197  42478   8522  96745  45610  91456 117544  48696 113120  45009  79241   5848   7856   8736  61385  99358  81498 107563 101796  46047  70587 120645  95366  61063  16187  98775 121353  61362 100362  48376  27008  82212  92228   7653  93761 121714  21816  68528  61885  17186  24918  76256  20809  15702  58468  39085  71353  53969  83075  40564  37504  26413  91133 107818   7767 109836   1525  76867  37907 117343  27130  30340  83737  24858  15862  60619  64914  77454 104916  18122  14133  44671  95233  58006  35558 109937 101310  19827  44025 122307  50188  98728   1828  93173 106759 109864  45475 117271  81235  42923  45155  62677 102874  68425  37671  18648  69412  29182 115059  85162  43227  33900  41777  92217  72871 102415  85380  62809  38818  83643 110908  78661  88467 102026 111525  46935  24567  50831  59623   2782 108964  85295  41391  57902  46134  12595  38736  67963  56623  85344  29485 120923 110538 112347  66944  60832  52344  38441  18438  71856  32231  83797  40719  43962  25848  24591   4317  13889  88371  82039  49080  41896  30523 108841  84149  48307  50354    726  90312  94606  31324  68520  24684   6130  77367 116865  60373 117948  27266  56892  51339  77623  55572  76422  19177  87474  59962  45754  48646  87893  23409  55920  77369  57949  33793  93464  50534 121182  19923  16966  29217  58315  66214
  38997  66548  14227  83300  14031  45529  41098  17864  89897  58690  79650 104218  13289 114632   4274  33173  85985  80403 112456 100979 106524 121947  65443 106183   6836  46397  26130  61280  47956  45065  90507  93956 102052  77268  21703  55559  21956  91445  56769 111538 107148  98384   2340  53893 118362  30083  39978  91107  53646  28391 105680 113871 107914  90928  49382  75408  85807  23500   1909  77758 117322  11582  96571  96994  48085  31292  82428  89318 114954  52609  38932 109541 114338  91231  20509  97583  47790  47131  66035  18844 113859  61746  82426  14487  20289  15358  47758  85065  48465   4852  12590  16126  66331 120726  56097   5584  41704    448 115542  29364  79483  48609  28066 115565 110757  59247  59488 111205  63602  74315  25439 122166  46615  88723  36302  61198  12008  31251  10559  25765  36115  50182  83000  76411 101883  78465  28523  34634  80099  46663  22388  26012  68469    617  86429 113516  88649  23051  51195 116994 105168 110979   1166 116004    201 107809  33015   6590  40172  26167  27644  49593  30590 106830  33955  30430 121007  99700  12222  32715  70881 116321  71643 116528  14985 117273 106746  86147  14929  18598  90450  45677   3973 116346  43378  69365 105284 102865 113681  77629  24103  78094  32864  62732 119353 112496  36488  46758  50484   4779  89228  83550  24032 100675 112212  32029  74572 116505  18456  24375  93138  43398  50097  42862  32925 106565  94745   6099  66591  58065  17882 111268   4743 103914  50532  70017  27890 112823  80179  88896  69906  39133  23337 112114  19561  66815  16654  30955  35073 100854  35998   4168 106366  23207  94005  74905  20920  93775  94570  22072  80495  63950  25798  84763  82507  20626  83326  26978  62736  49325  23470  93565  87818 109021  49024  68735  85381 101300 115181  21481  88368  10292  31648  19486  59727 115777  28360  22139  21063  81932  12776  41910  45349  25607 107243  87023 113950  59458 107953  79069  45956  63759  78932  39597  99894  37685 108428  58381   5964  17485  91808 120936    174  50388  56652 106725   6031  30585   8278  19316  39377  84979  84230  72212  51304 111539  67562  45456  11089  16422  61830  59432 111913 117885  54100  72099  24636  10806  47097  26332 118064  67759 102391   4969 117552  89311  39610  28626  30788  38428  64018  53791 121103  56854 121795  85215  95869  73253  53245  39794  67492  47743  23224  27908  44840  66430  34920  63564  31237  43733
  61223  88496  57366  95554 122003  66142  46167  67380  73862   5477  37410  70078  91097  74028  99802  57466 115364  48167  85921  81012  43366  70014  20776  30060  50353  33350  38060  13568   5980  94228  25775  66571 114186  85280  16410  80516  22328  79845  93988  75347  23581  92713  92122  67835  19018 106277  89867  80764  89884   6634  75295  33578  77816  40845  29022  96371 108895  74440  87614  43946  63343  85529 107520  15976  58593   2704  91954  67894  81227  80069  51446  39004  40022  79664  84090  13618  45664  74118  18905  46151  31618  86088  42075  62040  72251  72904  37389  28867  26990  42577  24741  75439  28641  96569   8498  51383  82290    511  12624  85856  73557   5261  53485  88923   9141  86395  57104  23997  92179  88505  97476 116338  51049  19451  45473 108362  92718   8161   8087  89747  74111  49701  63837  67027  34025  65364  57361  27561    679 104836  20558  89649  82532  31475  80798 107642 116802  88135  58471   3072  57324 121251  70487  22053  47071  21505    246   6233  67680   2266  82569  21605  98598  82656  24501  39318  46207   8948  87752 118329  19873   1685  57522  44871 116685 113165  54305  35669  85581   6827  22569  19409   7797  37455  18802  90424  74965  84336 104711  17121  29440  40970  59765 116010  84747  22722  96230 114219  56927 107298  54341  52079 111666  71494    260  52894  97693  64937   9185  80022  19189  46602  98562  27097  93646 117972  22263 120940  54475  31264 108164  19563 104853  65179  86845  32568  57019  82202 118227  30702 100427  97426  78315  66211  84374 114194  23840 109455  28544  32588  93732  19704 115920  88367  79836  26949  29599 112835  99309  89992   7737 102689  87505  39922  84196 115341   2825  81086  41022  70350  17740  11987  18586  37008  70946  59059  60747  75588 110171   2959  29581  93389  91884  95504 106532  96345  65964  27409   2210   9215  93756  19085  91723  46237  63651  73943  58544  76892 109582  38569  74770  62710  61332  76671 109397  10185  70119  79286 114104  77736   2002  37825  81479  76686  94712  32954   9778  15859  75491 118785  20853  43984  43090  58470  48071    130  47571 100586  90201  60169  81406  52762  64427  59450 109796  37346  28254  69842 118943  32900   9321  23740  27404  54235 116676 118775   6295  85767  19395 113817  88313  86975  73192  41381  70656  42287   1363  13327 121552 109233 113978  59330 103093 100515  42885  81000  58073 106388  56590  65869
  75189  85913  65467   7263  34097  34261  54311 116750  23552  19816  63369  31671  88034 102644   7298   9903  44327 117001  76746  96649  56100 116924  17277  56002  54117  88767 101410  83291  76844  89788  28337 107512  94360  45119  60593  70196  50001 101729  22274  99319  86380  97683  51631  21397  23141 108411 113234  83183  92894 112497  69458  40426  19355  24596 122368  23263  35717 112245 118715 113891  61599  82474  25347  33382  30824  97733 106046  56269  73650  68322  92325   4985 121769  65669  60044  73653  50866  44068  58000  20334  21363   5894  64251  60782  16147  76329   6820  76182  12090   3043    194  41970  37568  78341   1435  86921  13510   9363  11020  98809  93758  33320  92204  84954  94872  36198  92517  32323  66745  89666  65814  60710  31633  80996  86354   5887  75091  37974  29813 112364  32799   9065 121025 122433  77364  23485   8153 103358  41053   9635  42520   6063 113213  49234    185  13399  88215   4903  35016  62448  44469  56651 120545  24078  12530  67024  18126  97840  13372  98677 110660  73249  81803 112900  82798  84662   6670  77340  56909  82292  29531  95682  12227  42523  82912  50591  61490  12247 104530  12144  17920  91570  82805  16683   8820  33362  34641  39496 121705  36845  17735  56965   4196   6150  44408  85933  58452  91826  97345  52323  39999  29233  22469  21038  21483  59753  32851  91549  79960  51013 116722  17280  43887  81999 101586  45478 102945  22557  18926  48199  92398 104452  68420  89880   7685  45441  93522  41764  34429  36987  96687 121470 121287  16464  88015  47677  22057  78090  63522  69848  99339   3326 100788  90451  96095  96417 108696  77388  40611  22600 109784  35546  76681  65105  12891 116601  61644   6692  13107  50592 103114 121963  65947  30938  62047  74229  46509 118533  61956 113878  40315  17576  48467   7207  63155  96787  20382   7042  48526  71402  91854  51814 119655  71994  17284 115221 108394 107733  28482  38775  43149 115824 121314  87228  21146 115030   9061  74964  11121 108821  16591  62926  17472  64533  17235  18389  93935  90479  83168 113506  94856  78859  75920  13023  81578  69219  57853  97292  73495 106293  43380  98962  44586  89284 103196  33558  90915 118706  72035 121803  63447 113607  34095 103653 114850 118513  57134  66520  79625  61363  68586  41150  23488 102398  68381  81374  37458  71624  91443  33950  30441  15022  21155  77423  57479  36328  29172  86681  62037   7510
 103629  66036  63087  90055 110703  60933  44449  28217  76283  74543   5437  47103   7664 107869  73317  49490  89634 120842  61296  52763  23842  64976 118741  20031   2389 105351 112504  30038  94316 113082  41405  56012 108097  35091  32146  59981  40712  86225  83736  52989 110776  74116  90527  79527  11934  35116  62864  95136  46389  80132  75510  46868  76249  16445   8073  91327 114867 113836  94961  23888 104121  51035  19028  29856  71230  84022 114472  21400 112372 114218 102434 113614   9732  44067  11925   7065  37419  27078  78470  22586  19390  16438  92727  20885  17965  72618  67878  96900  79383  34841 118193  27084  39006  41917  73316  11844  46821   1394  74623  65205 115610  21913  41648  23119  76780  33664  13744 111380  87258 120855  23204 115717  21845  96483  48060  98669  82195  73195 114311   5212  10857  17427  11250 102033  23698  52799  67783  79391  50966  76319  11695  33084   6157   9127  93613  70263 104851  42246  74862  27803  29664  73590  15430  97622   4620  36133  56820 120497  79083 118868  97644  62314  16546  69488  86586   1518  59622  93939  32500  25778  24819  29836  29807   4640  13389 104974  91827  71495  15792  90037  88061  69466   2405  14216  34811  37841  69765 100228 107583  24853  85845  74283  80361   9373  96042 113281  67967  89595 105243  17851  81793  12777  78758  16501  13771 120246  27633 118950  13564  53541  36152  97883  66693   4242 119727  26424  15830  46493 107961 113278  61771  44767  64769 108927  41204  24316 111858  47621   3527 102041  20174  15164  85005   1503  93864  25911  98897  92710 108653 115471  17879 104146  64088  74220  78917  13269  58254 100772  66699 103996  12495  82308 121349 106436 122401  24208  83912  23341   2084 107650  88591  46198  17799  65041  57620 100164  42583  43718   6092  91092  35242  26336  82971  34845 117640  30715  50252  31662  93670  53760 104075  65374  55933  73453  28421  40322 107614 111901 118063 119142  11599 106636 108551  60139  89065  77999 112624 103998  78287   5638   8446  11195  31858 117297  11160  76373  41464  53069 109318 106350  30865  91560  70581  98331 109749 104262  86789  33336  40191 107477  75438  36407  17876   7954  96263   2957  77392  90852  27380  18999  75843  15819  46431   3068  41819  76940 111134  10287  62023  33874  13402  62206 100763 102593  82071  79984  26340  41143 121039  32881  37220  32837  16979  40460  75019  85691 115186 106575  68632  31447
 102654  38430  10613  81370  83417  44553  95229 114166  62210  21627  77590 107829    352  70607 111744 111684  92792  30086   3424 110829 117732  77850  20165  20507   5501  11887  37074  13046  84069  10317  32652  73530 100324  35720  51552  87792  59389  64636  96537  74295  23960  44726  47153  45325 109926  34746  44496  39690  72431  78154  90655   8472  82497  96073  68068  21832  27111  12985  11525  41278  75404  32075  92993  85033  12205  90822  47783  92495  35850  36393   4455  80353  45684  85249 115896  50208  67521   5963  42236  35920   3233  28976  77213  67422 110802 103967   7037  45189  77532  16986 108849 121094 122042   4411  26851  72986  73361  42000  54446 100436  89991  47662  29460 108936 118854  58255  91966  49928  60631 119159 116773  17567 116433  62533  59415  50900  87790  16154  52735 103278 109894  88378  98309  20074  82974  75021   5883  50024 109817  84544   4400   1709  91480  40675  90409  47551  53655  49796  55188   3647 101924  91343  70770  47010  22657  78455 110353  16503 111661 107261  30245  20859 117023  56785  54179  64458 116287 103400  21000   8254  98442   9274  42517  64367  54922   2927 112974  34557 116367  80647  26461  99575  50745  57088  32016  54813  47285 112478  71357  56358  55566 114671  58334   8034  78425  69033  27841   7637 106561 109973 112290  66778   4399  11206  20761 116405  54382 100762  43880  46640 100565 108802  62556  73472  81121  55373  10465  33081   9113  98248  48306  48370  75577   3270   1544  63449  35563  60216   8470  48041 101600 116097   1675  32079  54213 105204  50412  79382  73556  40359  86413  86548  68678   6607  58258  66022  18552 113385  50845    497   3629  49603  96238 100471 111283  98498  61011 103823 119632  81828 115848  71424  44561  80262  15033  77608  58324  16901  38964  78945  48781  59212  25207  62189  81101  57061  68411  15118 111193  14244  29959  52707  65088  80257  69132  36716 119427  78706    669 118803  99227  94309  14005   4352  45548  68267  69745  41787 111061  51215  17034   3860  61852  64481  84841  29404 121721  78096 106017 104360   5494  71393  30845   3452 114290  82437   3077  32308  98947   9789  55230  88127  60208  96260  18234  52088  85239 104738  82534 117379  11222  86538  21755  13552 120788  29688   3096  74772 116914 108716   1796  26390  66218  61568  59198  84602  72209  76128   7080 114433  79174  66597  13317  16662  73587 102966  94563  92068  75029  72669
   6512 118000  56392 100255  74316  72917  60786   1029 107519  82134  77687  28517 104617  72128  28614  50451  22208  43692   8686 115549  33198  64857  27327  42647  22029  13341 120410 102475  79850  91434  44103 122222  76510 102762  87397 102721  77298  75237  67948  75600  62544 102471  52960  47658  45580  39716  90534  17314 104297  41019  33431  37851  78432  18013  98808 121011  56550   5574  62980  52462   3809 109105  28437  96379  58797  86385  69446  31691 115893 107989 108702  24401  67865  90537  13854  11316 117615 115353  65704  49724  88303  60815   3386 103028 116478  34129    261  16127  93537   9238 102747 100355  29646  99620 110871  72391  68488 110947   5916  40095 121292  26906  13817  29624  92563  51070  77720  83748  80918  45984 121100  86311  22193  61269  48580  42234  50986  57365  73714 121970   3864  78860  67935 120471  60302  79080  84824 108834  71189  40996   9067  23914  30817  87598  80337  36296   1741  86800  82896  66683  47094  81006  45042  39792  74904  89659  10688 111212  30716   7114  34816  98217  86826  48487  89047  93952  46947   3866  97366  10222   9935  68600  76245  44964   2951   2786  40028  80792  84931   4419  57439  42111  75161  89586 107611  62424  35060 104205  73630  82898    579  14736  35618  97605  12745  67491 116732  37968  89317  60772   2378  41388  34810  74714    365  59668  56018  94402  50331  97136  52126  56259   1602  13528   2249  33502  79065 110052  62025  74498  21652  45313  60864    849  60589  71734  31509 111634  12017  56249  28971  67487  24977 122297 113184  23008  53016   8836 103017 107703  67095  91655  32982  61160 104788  41317   5789 119660  63725 101790  53418   1867  75361 121490  26911  36411  46102  57860  90185   4051   3837  70229 122078  72717 120589   5680  26186 116815  43868  70234 113088  95533 117213  25779  78356   5966  40410  73006  18885  79563  72635  76359  77567  61304  90036 102964 121476 119026 117313  37785  26706  21499  80644 102376  30921  33465  17836  39378  23286  52943  82243  80471 115990   8190 118393  54604  66812    891  87241 101014   3897  54442  11619  67668  72643 115047  53561  30421  59600  30763   7591  83855 108514  33187  65066 104982  66152 109191  19635  37656  83663 103446  24323  44933  13970 103220  54649  21934  44554  52517  15159  46057  67705  11854  22152 116989  89244  70023  80288  95795 114566  49705  92932  96961  76664  64644  83895  10582  64539  11043
  91269  46873  21373  72143 119780  52129  39076  52361  38036  71451  59375  34681    230   3288  76534 116510  79285  47227  25751  21744  86266  94361  68615  40150  24147  65285 113499  41116  67306  76731  94224  26173 107002  79278  77531  26964 114392  64712  90253 100372 117471 119020  31453 122099  70525  35641  80079   2778  76782  42522  38924  14914  80332  42765  52025  41222  76190 101591   4615  99830  33424 112651 116454 100561  61136  93037 120663 100610  49629   7590 116273  42227  14147  34843  34954  95407  21814 118662  32191  26631  47553 111187  67464  40446  17242  83321  89868  65109  31665   4266  59605  20821 103516  49182  65948  71689 120288  19095 118153  31752  27155  92273   7201  35818  66455  53602 118860  50370   9816  24408  43579  15943  87668  42748  11264  80671  34344  34424  28209  55366 109610  67334  61177  36121  75718 102320 111732  11507  65575  43120  31329  82822  20972 103476  69006  91944   7385  57601  20187  65327   6001  88234  22117 117069  94894  52391  18957 110372  68620  14971  98103  65291  14411 109752  31413  94672  10257 105338  62834  16910 103009  89843  61052  43597  44419  42423  61095  27314  46476  87215 110133  38981  43550   1274 103350  88503  28065  98333 100226  19345  46637  74745  17654  46847  62609   9150  76297  88719  16020  64299  43484  21606  62564  81438  60698 122299  83152 119924  52688    500  22683  99787  28088 117143  60831  41877  47802 104965  78038 115868  79951  50472  94273  95116 108503  38212  52392  44459  72949  67956  95865  60709  58824   3847 105309  81844   5550 115863  47507  40364  42275  10442  90983  79136 109213  92872  36345 107066  62398  81430 108492   7602  59237  15784  70042  77684  51971  70442   7916 119555   4659  45891  28853  88160  63566  82567     13  11112  69216  23654  71701  56210  34821  77603   9358  30172  97895  23669  93536  71861   4909  15009  73000  96473  61401  54830  77934  17683  25313  85355  75004 110151  26724 102084 112916  61224  37429  93920  13905 119081 106285 103349  33970  87604  61738 112031  68085  88852  27128  86279  78593   8920 110915  98127 109748  25074  19539  40910  61944  71568  28225  90904  99165  52569  56717  72718  25200   3179 117510 121624  75345  21676  73487  87829  58823  88520  29249  36175  70308 105753  44788 120350  68919  50010  24519 101537  20902  25782  68850  33525  13413  37955  58772 107004  28552  35797  58825  63314  50515  45995
  55502 111765  36073  98211 119105  77459   3581  93850  49921  73043  52575  22324  80355  87498  87693  86655  94998 111694  38600  52400  97894  73979  73385  31984  65145  29920  46733  16741  58849 110255  24284 104214   2890  52114  87781 118960  26037  26352  55613 104006  37672  49039  73231  89039  72213  12769  98992  50254   4016  88334   7269 106359   1388  52874 108978  45045  49350  39449  29369  83894 101935  37965  46517   4645  49366  36550   7506   9949  42698   6102 102118  72358  58257  85919  63936  73261  79871  35207  90569  63866  67446  83163  66938 118652  91076  22278  80276  76907  11711  88353  60416  69074  54471 116575  97982  71675  94804 101211    944  41341  90815  68714  30071  13387  99590  20388  88581 109491   6810 119360  70564  40255  40187  11159  29767 102427  31790  54866  68284  39950 121633  31400  22515  72320 105220  68888 111164 107218  10084 111098  87724 111549  90669  30777  66462   9657   8122  33761  89088 100597  17505  80065  41002  64431  63247 109813  36188  33899  24680  48972  26235  81767  71597  42492  21048  61783 106265  25131  86542  53657  59584  99438   2314  30348  85072  72994 106908 116816  44694  66718  28438  58609  93705  82721 108721   4080  31660  64451  59878  20369  47374  99664  39289  45854  84919  18062  29226  60779 108343     55 110350  89409  65537 116057 101045 121190  45977  32624  65780  17120 116922  43202  48072  49807  65822  48077  32392   5867  89368  65261  50907  71460  66368  25339 113992  61742  67471 117589  90830 108745  21891 120682  40496  81117  16386 107525  57308  33433 114015  20942  71617  96176  34474  70546  69368  90505  93270  49940  30142  95819  79472  96616  89984  34721  96356 109588  58277  46652  54378  92304  96993  82872  20422  10510 106461  83505  15561  90567   2304  85669  83911  22502  47819  72173  37064  72534  52909  15301  50502  62752  53264  94296  46199   2440 116853  41797 105783  37500  40302  62317  70388  25977  22964  27837  89215 101407  20250  73213  33925   8578  40096  12554  13939  21596  29821   5765  83778  87135  49306  90281  82827  81412  83311  52595  53474  23579 108485  23918  76839 103190  55729  54699  43060 121707  22868  62648  13041  67601  83001 106386   5155  22736  60835  12174  95502 109994  31863 117034  30399  31129  23432  96748  32786  65067 115085 110227   4458  68642 113886  68074  56843  30968  57337 103282  52793  42910  41052  47752  32532  19517
  56514 120956 111514  71556  74037  30725   9329  34922 112441  59732  20880  10350  56706  37078  66589   8307  32453 103242  35989  89490  49588    433  80432  36603  48103  61147  29988 112192 105354  44395  81493  70748 102960  82514 113566  54654 109039  22449 117365   6371  73812  44255  35298   6709   7868  24917  92742  33765 109719  54462  43895 119094  46337   1468  92443  57824  78826  27595  42255  71288  11543  51810 110158  86325  37922  62728  46292  17571  34665  64402  78077  79803 108360  36755  60308  88714  59985 100790  44478  56237  20712  86962  64920   8596  95578  79615  27565   1366  62176  41840  96670  74914 120097  36811   1756  77090   8166  24277  14858 112009  85164  66470  86407  71180  30407  84167  15770  13168  63684   3896  61982 113943  64526  64799 100944  57727   7785  93314  70139  69016  48013   5944  75678  60104  18759 108246  41268  66823  52683  90447  74334 111261   6267  57593  40664  18414  97316  70471  88288  14781  49275  46209  38293  60512  42747  63099  32492  80910 116933  45907 119703  64293  78391 110880  40434   4351   2474 107857  59914  57679  28056  76905  28306 101305  37088  82774  11683  29030  59843  89146  21292  89032   7038 107596  55570 109139  67445  25312  23316  98923  17153  94560 114829  48988  73149  17880   3548  41005  43281  61680  45440  46341  69553  73846 116964  61601  98501  15723 116180   5381  11661  59572  48819  93393   7190  95654  13100  90632  49072  95006  53642 110992  20380  53840 120963  61975  19106  82609 114374   4995 103623 117130  53896  55097  55840   8792  63947   9195  40218  93162  61450   3174  68416  73809  54369  36566 120789  21369  92279  87305 108882 111669 105689 115944  97448  91510  66519  28191  72446  49332  77327 114895  82598  38833   3372  17056    989  28155 118746  81709 112646  89710  39024 113189  89918  72102  77542  36761  86562  66905  33335  66278  24597 106500 121401  95231  31941  15313  63808 119767   8138   4312   5568  55063  93216  38641  20099  68565  86752  26994  22652   5942 119499 114235  73839  89895  92538  57411  12546  40508  84313  97407    126 101013  73966  29398  26126  45917  19765  38719  75264 105962  50496  89877  87833  85240  50258  42951  92709  92008 105639  76738  31501  68840  38752  64404  48229  29987  49004  90880 108585  54409  92196  78762  13480  82200 111959  26342  22004  56242 101626  83703  34125 119288 100477  71764  17378 112851 118285  62749
  35176  42057   6913   4855  16650  39012  45309   2628  58246 114319  94528  54307  46675  14549  71403  90430  97233  30217   5959  56332  75680  52566 104305 101644 118111  43566  80583  91119 121591  81527  40000  53296 117021  31836  57742  53958  58208  43665 100231  99134  52164 121508  92449  98409  25276  81693  82023  67558  53660  25044  30437 112224  43641 108590   2078  54636 119063  80779  11356  52044  85259  26832  10796   8609  68427  60487 110111 100124 121786  25837  11123  69142  83192  17619  78264  94544  45568  83140  58101  13911  82484  91130  48704 121907  81756 119566  12876  47234  25212  12203  57544  82706  59966 102392 105521  54643  22909  28750  71364  77920 103917  29672  78788   8176  40933  86524   9521  62272  37119  35181 110235   7421  27672   8194  47169  10378  70244 111637  49586  73550  53405  77873 105992  12217 100730  57007 105215  44019 122105  97810  44133  97970  51578  69077 101819  31094  16165 106600  63476  73033  11867 104153 120328  44962 110244   8841  33302 103343  65365  69018  46052   4430  76416  70661  96433 101425  63005  72496  82674  22967  87858 108054  69060  37812  39627  47875 118433  84837  52626  19939  27643   4019  57326   9334  62915  50586   1799  26744  88035  22476  16040  47719  95479  98270   2028  39498  92302  96912  21399  96141  86741 112842 105953  99144  66725  94844  95779   1605    447   3300  97068  53817  16509 111446  50062  31314  62454  58666  71410 102861  41420 120397  18316  53883 106909  87015  63718  68129 104604  64249  56732  90189  35805  71855  94322  78168  46243   9583  32361  78649  66570  60386  97387   9350   6962 111012  95822  30692  55300 118576 109901  15423   2584  34921  71755  58373  66357  35090  91715  26419 108126  29097   7411  79063  66703  38644  79228  59452  99234  29816 110265  82967  78641  12531  65174  42324  23939  75981  10733  35120  65204 118529  19518  60186 113524  89591  93286  33256  33942  23169  37367  25001  23935   9502 102263  34792  22412  63695  13484 118429 100748  12211 114231 111177 101406  72461   1910  96181  48946  95657 119971  55948  23512   2577  98304  53664  95364 119196  47081 102622  41334  60176  74946   9896  36859  15093   1445  31058  34710  57480   2163  87914  59242 117679  57994   7070  62659  15800  69694 107774  69452  77802  39535  79105  45467   6762  39866  67168  43620  97565 113693 114444  79596  97075  82518  97735  12472  53194  99842  33801
  43348  11198  55854 105789  38804 101728   6300 111706  39407  39768  36820   1378  51867  56646  40259  96256  11147  14618   8009  70102  94163  23280  82640 114678  46751  97445  24246  70577  89377 115967  25376  42364  63460  56450  88384  38475   9927  99818  64938  42597 117099  97862  41747  60620  58616 107210 116099  21641  40958 107246  89848  56699  77664 107314  25504  44444 115654 112613  13031  17384  64803 103741  75123  16898  49145  19166 115182 119750  40075 118490  13356  44955  71686  26855 106863  44005 111414 118811  83218  10721  60441  41034  49206 119155 109043  25350  14402  69155   8226  81681  64863  32894  78042  55964  32418  50479  91165  39450  12815  92909  48176 103213  83821   3211  30146 119477  79766  52554  16620  17031  35951   8471 109742  92712  86144  20269  63394  12465  47929  31718  95445  86187  16230  97793  98015 108320 117942 113288 100209  10325  67176  28250  46383  32007   7799  44783  91291  46196   8302  84532  14718 119297  91848  57022  39155  97222  19020  80292   6185  30986  22205  99850  31258  99899  40803  73976 103340  20597  25304  24614  70673  60345  69736  61733 120084  97660  49207  63110   6576 112354   7304  61721  67533  50468   1147   9684  73996 112170  75918  10901  28533  36221  16295  85670 104073  78330  36932  69978  79232  68471 119629  89493  59505  77560  87509  39089   2598  46065  77540  78603  13517  34284  36382 102499  75889  36578  78122 121008  33911  96586 117563 111764  65924  67625  78406   1372  61726  99763   7705   8016  21281  57876 120662  75711  75238  70140 109065 117380 101250  30849 110496  91435  35066  75031  89129  20397  37577  33823  34667 105777  40814 104693  40091  19237  66238  54877  94876 116570  82491  11669  23952 119777 107500  87986  90771  92389  52933 102544 113436  88106  23174  12319  32866 103920  53132 118993   4270  59701  56876   7437  45018  43851  71626  45211  85091 121322  85964 121126  66759  71739  57121  40114  25571 110505  60439  68601   6294  59365  75938  72781  74211  28162 115372  67546  25446  41184  58873  14556  17200  18338  23225  96889  25153  91219  91329  24530  86069 116932  54583 120946  33973 122318  41394 108544  75543  90571  16206  44384 106935 112282  56852  96312  35036  81623  28145  16302 108319   8496  19183  18237   3309  23041  46752   4142  97342  60916  94796  22828  42068  12304  86338   8765  35941 111921 105600  78925  21441  67648  25996  26981
  82961  65566  76651  29203  55810  38398  81581 105886  68962  88357  65803  72915  57995  22138  82043  99919  38652  89154  40812  42715  64271  91865  61408  84520  98593  86448 116459  26464  38611 118647  55930 110644  82108  76153  42240  59491   2958  88756  29230   4761  35886  14233  56203  37402  54008  66479 117490  23206  27331 101018  89538  73577  98661  46074  24472  79272 104893  23688  90593  72419 103776 121789 110650  84959 118472  47334 112536  28968  40999  87884   5436  26308  95840 119021  53843  68839  18461  60344  97483  56427 106215 104903  59117  28732   9139   1570  95213  44093  72483  67365  54457  70589  10646  90252  41712 103994  10732 107950 105611  74586  42869 103187  80504  34278  15972  40683  52011  21767  87299  76815  28136  21621  87705  92552  54953 110778 109625 119387  76542 102815  99366   4814  73159  76992  90198  47246  86430  32048  28441   2954  22258  18616 113019  60844  41511  21370   3934  89346    912 113480  61575  32497  22373  83750  66243  51822  80260 103320  28763   9792  50326  52072  93528  77208  61018 107496  20319  43925  72711  51931  23145  32886 111670  84065  29840  74395  16247  35609  41705  76613  16239  55590  99504    833 106213  66246  46795  95019 114049  57453  19265  60813 106590  94180  71450  43163  99207  85808 104666  22629  77725  86123 117855  58056  35226   6686  14839  16379  56458 121899   8165  26718  72064  66500  60501 115072  61778   4864  85966 105392  77417  21276  43898 100282  68097 117194   9267 122210  51122  59570  28760   4676  78903  94901  26884 108594  12991  13947  34594  38778 115512   3093  38385  73759   9112  18893  32407  33172  85895  85962 108209  73978  17471  32403  53994 104703 109910 104645  36721 106534  23078  56563  71677  36720  92904  39712  67004  27933  81469  50811  50303  24726  14329  27598 113971  96071 114057   3999   2557  22693  93704  92047  30475  83552  16181  86348  60774  70957  63816  54267   8823 103757  55125  67143   3894   4949   6181  55557  22618 118786  89742  55591  93576  92694  15291   6283  45594  33259  33524  75024 102576 104577 109343  18742  40250   6220  65461  46064 109705   9866  24939  38245  87872  63094 104999  30103  27229 119710  49200 102108    977  80591 120182  63219 120480 102014  26431  23404  47799  22320 122234  33318   4736  81955 100353  79895 112110 102639 108538  88879  41711  87490  73886   6891  86723  68505  31378   2096  70179   2845
  99921 116206  78110  49695  26318  88036  32673  55954  50615  14702  25174  10427  94990  82291  41947  50340  79230 118693  31816 111105  13063  99817 119934  96584  22536  76268  98126  48641 105170  27460  17896 118984  46407  97197 100823  36172 116176  39479  34793  65887   4874  32620  54838  59501   5426  18908  30008 102853  24731  37914   8250  66760  75501  88739 120180  91547  40267  72171 112800  24430  44208  56129  26988   8359  32992   1502  14287  55045  24055 103233  56489  62843  93807   3619  39549  84953  10445  62584  67832  35452 115179  63755  28039  48598  84105 115739 109486  40205 117334  35399  42341  41864  65835  50454  97364  11489  28132  84932  18920  25269 113986   6901   9219  82013  52837  70517  88949 105813  15461  78890  63445  32402   2946  64558   7490  35190  84462 121223 103733  31099  84578 102247  92049  19118  76317  63211  45234 110580  46323  40264  95615  80553  17282  58109  40816   4794  83461  15182  76166  63806  31815   5713  79064  17119  84405  66255  85600  51267 105504  17189  53727  58160  21530 122101  89631  13594  97517 108892  41955  18511  66921  28272  66711  69656  90731  31594  42562 119602  91365  94442  35089  41842  13115  65494  14324  92185  10036  68173  99345  23659 115145  50301  79735  65468  69850  58028  66635  47655  46669  74810  76099  73025  35356 118574  50180  97805   1038  27601  55623  56179  73706 117488 117783  38058  41657  77181  74390  59448  85143  89328  10194  70899  96129  75493  39725  92526 119567  47614  31449 110901 110074  62567  31335  50809   9590  76361  98215  91013  24409  25524  37424  84698  81902  45365 107738  57502 107890  37558  56305  15367  86401  21805  49483 121354  48947  25248 111595  19632  84994 108031  23897  19175  35357  86610  57194  11554  35327  80645  68533  93447 117399 111754  71930  45067 114935 103567 119485  60381  77207  10782 107810    601  61262  40624  54129  54280 109696 104876 118768  85503  72541  20214  96684  91812 109555  17612  13588 111433  19338  66525 112085  94855  26642   6202 105850  25800  26081  54170  74600  52029  64525  40776  40118  92097  83045 101057  81195  85286 104555 121524  30224 113694  68713  32200  93916   3085  40936  94617   8343  71294  59808  44557  72109  37215  72752  96053  66935  95828  47434  49170  29261   2762  24831  24570  65883  25905  99401  72671  39815  73464  52808 105135 101202  83789   6160   2145  92539  45688  23412   7881
 105946  55752 120192 102899  67847  72760  25406  26922  71300  94116  86640 106126   1763  24190  27279  52115  17321  46258  98868  56931  24521  99911  86983 103096  91685  44707 121066  33235  42152  25461  53506  38732  54434  86327  33582 116804  26560 121874   5732  43332  47595  31376 107926  26624  85305  88647  47831  46879  51057  51092  29481 116790 121749  86355  81160  14685 108326 102096   3583  12112  35105  39970  72283  54394  18550  33957  73311   2647  68828  93217  73716   6989  87950  40394  22435  77368 102129   6804  83807  76198  13283  58492  38739  94459  63256 119613  47718  99204  90224  23545  43823   5182  28789  23761  40660  39116  89467  26561  54802 119818 102959 121384  37746  56177  20984  17215   6815 117864 102643  17446  47291  16273 101138  77098  10191  18919  59259  66083  50156  65809  72207  50075 101446  70915  46135  58626    947  42779  62928  77735  51318  54398 111490  20304  27751  76324  75353  50490  31223  28806  95861  81201  25534  67656  85165  56476 106234  59419  75125  55830  78227  11184  50755  65294 105047  12358  15061  14751  64859  87093  92621   1701  94681  69013  61985 117811 111870  24141 112579 114994  50445  73796 122049  97983  34754  80797  69047  71456  55668 121716 103855  67032 117922  29455  48925  65937    711 103431   6528   4007  13591  65388    425   1114  47915  84548  80226  64735  17513  64041  19895  66668  94896  72842  68838  22326  26273  44758  51650  35893  99459   9097  65411 102117   3347  13888 120750  29277 115755  15716  79961  31694  20831  76755  15201  90604  39738  87348 121300  77549   2937  78816 112304  63297  44308  51835  11802  49876 115830  46717 103672  52878  87847  53916  10876 116871  60422   4473  16347  93930  24878  82350  61353  81934 101106  58681   5888  60083  42518  48024  35902  46761  64757 111331  45357  63033  95990  67570  50737 119138  69686  51480  96259  29900  38114   1399  18507  96582  36347  38908  77228 120555  40312 102062  55703  97715  87095  69665  96689  54640  96475  48215  76585  82387  22658 110507  38250  73084 108629  94274   1102  45818  67057 117374  11772  39042  47605  79606 112686 112843  83220   8323 107060  31426  77782  29085 109201    750  97551  97288 109331 121475  83773  77070  68357  70241  98920   3054  17272  15988  20857  41643  43401  60004  15969  67987  10245 102193  93831  59564  51973 107516  30314  91939 122138 106737  91716 109009  39809  62866
   2983 120389    300  69443  41685  67936  79838  89250  85615 119662  70115  99040  95727 102549  99518  41372  50176  91913  14294   7499  27576  27805 101905  67940 117372  31235  93275   9710   2902  75304  43010  92027 121731  40061  11995 106990  38603 102031  56121  80434  63075  41064  50009  53305  82356   6199 107033  46695  18580   4525   2789 101521  69106  70027  87892 115551  98300  65799   5597  32444   1937  77287 113722  32441  62361  78290  51218  85958  86711  68819  34191  70903  68563  87525  97212  66291  28415   2022  99986  23293  20611  87654  66412   8966  62150  74001  13463  15662  77235   3170  97960 119779  64569  21661  42540  98918  88684  30310  73786  99670  77913  72329  64629    213  11547  70003  38373  80611   5993 122254  60314 119253 115077  67273 108091 115002  28661  39706  73067 121179  86419  87659  77244 113215  85934  37083  66828  26249  60996  97384  61772  30072  74415  31075  20452  16941  16364  70219  28406  49809 114124  53122  98904  64698 109054  33603  84118  80178  63079  61103  24739  12305  85232 106493  69481 107585 110494  88724  60379  29689  58741 101672 120445    951   5244  29405   3686  76615  53053  90306  23053  65146  70832  83786   2749   3144  86690 111756 110806  37423  77376  48893 109297 114360  30292  17400  33024  30829  68183  95735  26846  13311  43203  86037 102817  46139 107619  22334   7570  75627 118374  79129   3985 108408   9972 116412  50828  87302  42623   1045  68769 114207  89596  70686  36438  35680  35712 103547 115987  11061 100210  21936  89266  24292  21069   4603  70855  39673      2 111633  31261  63471  81083   1016 116056  74297 112440  86590  68430  30205  77034 115691  20911 122326 112101  53539  32526  99354  75193  86241  70478  50979 121489  89322 112054  24385  91186  37227  78756  44137  77075  68468 103226   1883 107893  41364 112026 119410  62472  71760 115402  42199  94765  68118   2225  38895  19196  89864  22622  42370  24868  21465  65342  11211  51575  41579  46642  52165  16399 107823  55266 117462  47838  26692  21235  54344  39923  14660 106929 100092  91061   5123 105819  79177  82633  23320  23311  25158  35987  11513  19814 117535  29617  69719  26266  32312  63741  83138  61750  24713  91706 103231 106601   5619  29038  53362  57771  32874  62607  72992  94328  96490 116208  35652  80812  57224  69124  25022  47852  56454  80223  59587  28859   7135  16850  63462   7885   6669 102060  67383
  71296  59351 110332  60707  59165  28795 121425 106981  36601   1178  88713  84057   4899  45393  68697  54952  50872 112789  76885  54082  55607  31260  10444  70913  43532  37906  74383  32122 111253  18627  94993 104221  29487  22113  20274  52905  14435  34983  19569  12706  65318   4442  72726  86132 101369   8628  40251  86821  57291 115530 118454   4337 104348   9895 116697  64145  87551  41808  32140  41229  53276  16274  18296 107541  24111  62282  12788  72278  74594  83292  51345  70720   9725  75604  38562  57904  86455  68079  30560  20038  16398   2427  79343  56917  61949  45661 103849   9397  20699  32135  65852   8007 111405 100232    528  39206  97404  70719 107175  99502  50961  43662 109718 111071  40770 110426  64823    242  77467 121607  73127   2711  94722  96340 102718 112325   7442  31678  29114  86406  94439  77328  60523  34339  62453   9699  30840  30871 105409 115306  54085  35878   3525 106721  92601  50223  37456 120459  61873  30139  15276  78305  82877   2691  76300   7893  44292  72546  26630  16141   8818  34028  29788  75585  26904  75406  98874  16133  58283  96190  71808  72248  10278  15553  16030  47910  61155  77174 121408 105154  71233 105649  19225  59790  83816  93595  92838   9902  92617  40349  66858 115317  85432  87765  85715  41985  25957 110222 108455  56857  79259  76706  76773  11985  88965  97637  78128  90142  93263 101163  35663  40293  18479  44877   6543  42789  66082 115488  86808  26923   8629  71572 115657  50494  23168 112133  82935  43815 110347  26639 114580  71901  71540  71241  71309  15347  38842  82689  77930 116147  19375  52520  42832  76055 113173  78842  60936  27828  67123 100935  44925  14615  13281 114466  31800 101068  11227  52505  75360 106411 108659  60103  90708  60504 122272  50127  70267  18993  28221  31008  71757 115615  84582   4037 105256  37642  93344  71604  25137  57534  26614    903  82580  50757  71289  93875  73157  86849  88789  76669 103622  10810   5825  52673  79612  11868  66863  82302 114837  27727  48154  25355  82801  23605   3339  61002  98448  49334  75208 105035  26999  64133  26806  51468 116188  11283   4646  94136  26451 118184  64594  59953  17027 116083   2930  78419  99048  88702  83262  69217  94324 121959   1258  88651  79340 111450  35276  94604 116305 117483  10769  52174  37828  66945  42774  29066 102847  21997  99105  79485  59857  53150  32081 120120  58374  58528  17888  99251 118730  61801
 122093  75564  64106 105122  40381  81183 117094  50071  57241  43363   3095  48967  39997  69484  73070  72307   4272 117109  62518  59650  38503  51859  36682  76124  37153  99717  39453  98767  33265  99211  83606  54948  11696  19542  51989  73144 106426  22973  80238  81625   2653  16427  73040  81941  18081  94430  50827  16005 119139  92460   7559   1383  86758  57498  66902 112411 102094 104918  85902  23031 101647  45716 106989   9731  22498  99638  43114  78621  42334  64032  14176  57393 118008  99928  21250   1727 119843 119741  14177  54423  55374 114484  96017  79759  15567  88703 112700  36894  60816  84795  84285  40994  85487  76897   8566  41800  69812  86977  72441  52495   4404   4167  96360  63942  48298  31079  78857  83696  16605  75579 104101  53204  43271  96052  60382  34626  65006  10883  98720  66717  44611  38694 113455 107713  13131  39092   3274 100150  93738 101345 103524   7755   5551  44818  33251 102783  78865  92119  92258 106106 112856  16677   3238  33031   8142  55361  17489  43465  77076 120176  15365  57965  20137  91266  45810  21624 119246  69803  56369  16358 111796 107693  23869   7946 117794  58783  75378  91844  14171 112973 104802  76353  23054  45203  86987  23562  36939 105657  90199  13636  16237  83344  31981  48758  23641  44959  32183 102925  28399  64733  65915  94344  47278 101881  45101  26090  15432 105101 119117   3513  42300 103188  24321  61938 104021  91572  70135 107616   1171  36873 112008  90677 101631  35614  45888 110485  13193  75836 115396  29600  90914  91262  59579 105696 102449  83741  74119  70542  49457  48559 121645  39471  83829   9981  94155  15494   4299  70865  57383  45598  99765  74150   7146   5664  46859  60945  63475  73693  26363  18902  97053 115437  20691 104526  55426 117506 116631  91925  13997   6659  32603  69183  59445  21867  83767  63344 106819  70061  86478  50557 103317 100690  92554  20430   9484  14144  46177  16777  26141   3019  37952  55988 105145  77371 104843  60247 104837  76639   5231  47732  97424 101402  76014   2826  39054 118188  90497  84939   5235  18027 106418 103038  39027  39793   4431  63242  72142  24783  59824  47965  11086  20005  77064   6322  53332  99910  36150  58132 120277  89782  59539  45820 112439  48331  84531 110304  44702  47992   7505  20324 108337  72827  60577  38498   8727  33645  39049 115326  12956  36500  63952   7765  44374  27011 103207 111010 111735 121457   6265  98362
 113183  48303  57882  76413 119216  55579  58058  97635  93581  19741  86264  22374  61539  88484  50552  70287  77528 102204  42301 115274  91948   5715 112545  97405   2580  78533  27297   1565   8829 117774  28271  40421  47720 103059  60319  61357  86216  77701 105443  29244 118072 118039  93411  46179  78981  64014 118936  18879  32114  82012  36140  12427  31207  96609  16583 105847  46810  37538  38526  81615  83501  93697  15814  19572  28735  26821  36823  66321  28780  49924 102306  50512 109421 113077   1948  46391  82829  53235  54501  81600  82928  24502  22124  47477  49963  97980 103498  63425  84182  42830 105440  63177 104412  90195  21359  69203 102674  21643  51596  28175  75274  99998 102030  10142  71612  96520  24037  33615  19691  76525  33997 107549 101324  47699 100191 104397  62644  28090  67112  85222  76368  89925 118843 114047  84248  17234  34878  88257  34162  53449 109938  45528  15676  75177  51774  79045  58273 108872  72108  93229  58133 112726  13679  94932  56782 122107  61814 111822 104252  77486  66523 112865  76152 114400  51148  62798  55282  18235 105749  26278  86050  71379   4075   9671  64286  43727  23588  97754   3247  78990  85486  19733  88847  70470  12329  89117  91807  61935  60484  48581  81682  17980 111529  84043  65990  95070 102075  86073  73444  75331    163  20727  86116  71319  93708  25330  32650  10170 119825  95605  61910  95870  84736   2815 112787  49496  88314 113275  86575  87953 120405 121416  14272  63824  25302  54418  66574  66141  26283  37921  25838 100849  20676 115250 101678  56010  63555  58371  83032 108908  36032  30203  48476   5009  54385  11081   7468  52687  95077  23151  70896  55720  26695  78303  26213  97010  25430  85566  38720  79528  20555  51490  94042  62375  13575  76771  48727  62182  85310  89577  72943  98564  83049  91044  14255  42833  67801  73950  57662   5863  71961 107130  10954  70938  39427 102769   6630  29912  33328  42386  27737 117474  55721  23230  94521 109354  44497  67393  37714  68309  98719  63116  70280  94581  69118  18083 110303  24450  98182  66954  14381  54399 105536  28247   8714  44712  56037  71385  26358  14653 116902  94933  12039  41395  34479  94614  10972  86124  60799  23984    167  40579  29608  64747   4207  11041 103772  80296  31072   2157  38194  65654  25099  26025  63350  53729  69981  23407  55025  78697  60069  65091  40029  20198  38022   3239   6612  34894  58794  24295
  87045  72831  21081 109258  90071  85684   3016  19470 100008  84619  29047  42545  25426  32939   2576  34353  38573  32924  30344  60078  75250  80331  81423  80953  40755  58142  98118  98929 106141 114418  41748 103819   4112  93589  74567  96200  26465  66986 113533  96480 121402 119313  96146  93825  27919 110375 111767  17553  45096  55941 118550  46116  67986   2811  97325  86555  84486 108743 106516   6230 113650 106828 112925 112960  37079 118432  31253   7096  83802   2501  31510    143 112950  88592  56674  49217  56747  82266  29521 116482  25582  68508  15012 105968  19042  83811  85002  14898 120947  89344  83231  29812 111196 110878  42122  25088   3248  27185   8901 108490  51443  40117  88995  18722   4790  54490 121371 112922  84529  36876  32072  41767  56432  44857 107326  14026  42837  12836 116451 110467  36197  40563  83863  63167  39803  46490  90970  29048  57283  20616  44947  31178  84566  23990   7492  15264   4866 109865  37222 115240  79624  16459  93723  21220   4782  60175 102647  52954  93388   8939  24529 122087  67942  26669   8528  32890  95906  15484  95521  77584 120278  67214  52218 112141  79742  54358  48869  20657  12995  41416 118200  18818  64877  57815  84446  12457  86013   1150  20246  55124  83023  94625  71821  36445  25528  88853  20391 108513  83159  29023  87289  55929  83866  72418  99872  94706  63066  78399 106254  28463 114659  30812  10589  40399  31080  22597  82094  97474  88907  87253  26401 113948  53131  15495  55952  30781 111108  11311  76137  60087  28197  86867 113053  39384   4682  84067 107134  77586  97893  55193  87749   1717  65405  99916  95313  52653  32737  37463  53154  85865 106058  22941  87174  44997 103621 101107  79318  84204 110721 119757  58488  95391  12229   8885  16780 121274  42902  92413   3747  84892   3978  49803  80148  81247  64818  32511   3252  40344  53223 120283  23609   6441 103550  33390 100612  58469  75737  59185  77588  56578  29580  82067  19382   9893  55586  21125  96700  59735  26041  24302 110743  50236  42347  39367  53985  31771  27695  45202  38244  44590  50645  21513 117081  66130 105059  23437 121577  70771  36819  13238  43924  86621  87532  98896  13335  41694  29325    984 115222  12561  86134  77001 106307  85702  15894  74431  39502  80719  98189  70658  82449  62548 110586 100853  98393  94526  18803  98148 117906  38875  24431  59544   4662  60683  60430  61579  31250  78889  14093   6548
  57940  35552 105856  61149  15289   4588  98758  15417 114724  42664  94241  58885   9781 111416  96718 101737  88665 117504  73973  86374  46518  95512  27718  20364  73449  21162  31434   9509  81906  16726  58229  29746 116422  11737  12226  60754 107236  64778  71069  32242    515  48040   3510  79868 121168 115557  91664  19575  73277  30361 106384  61533 119205  28611  40454  89679  90023  37852  75299 100866 116060 106410  65153  46913  86045  73086 106730  52792  24537  45618  38238  97549  92101  69784  54283  36042  94702  70175  25421  41320  41479  43832 116978  21463  42749  83354   3763  94312  23622  75765  18795  94060  29631  58498  79544   4456  45821 121129 114741  29806  29512  86121  92571  61502   1173 101643  28007  10580 121801   7974  95544  41762    285  59633  69565  53895  61560   1879  90798  88400 101063  33078  26725  37205    530 105034 105081 114055  65676  83569  35024   9595  17154   3148  34232   5816  65739 115388 113054  77682 109635  71086 109282 120470  57036   5138  21833  81072 116202  59826 106756  74780  87372  66235  58697 115457  26485 110577  34543  54420  37084   8239   5323  35537  90610 121228  15040  69619  32716  50307  15986 105237  52774  39700   2663  58253  72937  45149 114310  25743  68860  60277  51527  21036 111210  58635  63446   6277 118324 104048  84152  68848  10454  84829  66076  45508 105217  82384  16119 119975  27217  79814   5390   9986  77653 117759 121440  18306  91609  15734  97252  30085 101541  16702  45669 107045  55436 104364  87227  80691  44743  38522  65903  33927   2920 117153  51065  30517  79261  58131  93214  99453   7139 120289 115943 113266  91772  89430  23161  22979  94667  46954  44430   6675  12566  15376   6238  55815 111218 108637 108158  40742 118771  54088  76816  20743  11324   4380  26008  77839 101436  86083 105118 105331  66271  65029 120720  43125  25614  78289  14097 110333  18481  36807  79853  61663   3731  79262 110460  72504  94006 104769   9624   4515  39642   8803 114731 111232   7124 101235  36865  21461  48144  14088  30936  59714  75008   6162   2527 115380  48119  78063  86531 109517  43294 103588   4638  46907  48850 109232  76087  86811  24383  75775  54536  63710  74527  97408  91752  45804  28378  43265  38807 116371  53250  53592  57573  29706  99173 120075  34480  88986 118373   2509  87257  40722 108052  39001 111387   5865  17397  49661  18750  43349  56206  78721  32751 122269  34087  31026
 105181  44030  48185   2511   8577   1511  45505   2921  85864 120276  22643  22823  85511 114676  73563  55066  30899  50873  21346  63671  37299 118502  65750  18591  76236 105205  66087  53484  90566  61075 105669  23656  70518  74443  84445  76005  49515 120592  83901  90824  10309  43020  92757  51078   1550  55826  39126  10829  57392   9459 100438   6830  31641  33820 117517  78101 108631  81079  78781  57231  63980  44330  15023  52189  95954  75575  37970 105559 110511  81768  12837 104301 104557  73661  77131  84102 109322  71688  57140 108184 112559  28369  72609  36833  79507  86961 107252 115970  97383   3679  43122 113200  10393 100070  75230 121340  21186  37605   5266  72485  45512  14332  64472  86785  46794  82114  39965  64073  87743  98649   6698 120022  71234  62973  45667  71059  51721  33934 116349  27174  40086  78134  17325  65054  55359  43137   4008  43199  51829  60183  30570  19521  69801  71116  61807  80957 116098  85192 119547  92208 102453  87200  27022   5737   6085  54856  31154  76349  17213  61867  45777 107157  20513  47400  66203  29002  19550  29379  43682 103500 117908  95894  63298  49229   1556  81055  96866  32405  70161  98201  90639  15901 116712  19973 107840  51276  27516  21393  93650  45731  75776  52978  26761 111006 100044  93288   2761  41079  27343   4387  63920 101069  22865  98466   1424     49  30052  79643  49907  95294 116545 118603  23614  17452  92249  70146  78445   9398  45650   6240   3367 107411  92003 106818 119875  99389  90812  26661 122315    723  44677 112948  71305  88465  55157  73016  77805  92175  29083  97777  57935  13954   8965  13784 113431  94038  86518  61392  32134  64279  29452  95311  52468  66332  69028  12274  39778  18492  18792  10280  39281  63733   6422 107162  43500 113361  98960  21912   8279   8266  35611  35447  21468 112873  50477  87480  32458  69309  76582 121826  35432  48551  85371  65256  33824  24948  48477  26849  92444  69001  66263  43074  69905  98487  47745  42609 111720   3202  29559 103587  99647  96344  47275  56216  24518  70588 114109  87963  83672   7898  70314  49501 118001  61798  95570  49755  45034 114873  10286  45191  85880   1583 101661  67396  33020  71584 113792   6978  11605   7647  38252  45838  95952 121486  53608  89074  87462 105398  85499  73240 118099 117388  93130   7729  18728  74421  66136   8571  86773 111418  48831 122282  21244 115955  20351  18983  27912  76221  95369  23127
  38034  49458  35688  10776  23599  13152 108633  88821  45648  43963 103814  93305 114554 109032  57766  40815  12718  76212 117902  11193  54512  23166  83645  85036  42553 113787  35119  19202  40794 114849  29692  22699  15103 112591  63319  44717  54238  61322  51298  53600  15454  25561  73825   7265  44848  98844 120214  89363  36078  27616 108125 112142   9352 119267  43627 102844  83708   9572  67353 100878  37186  55932  86624  91110  46381  44594  51776  71292  52512  95788   4217  63289  95447 121866  31462  16739  96757  55697  19592  45302  24755  40271 112749   7302  80392  56138  31375  67008  72837  12667  40710 105645 108626  27544  28395  25485  89809  46620 105152 103125  40171  16078  43558  39681  40099  68865  76383  73164  70050  94531  79683  85639  15107  69741 112660   1018  22477  93535  84664  58927  36890 102082 104413  41972 115833  33053  81207  61088  60357  71312  77194  34031 118711  74101 118038 108318  10397 100239   5053  65662   4508  22882  56167  23037   9450   7075  39312  93039  60479 101825   4535  89773  40843 104581  82249  45640   5255  19692 104668   5607  37729 115199 114007  24721 106844  57811  19716  86237  25187  49527  77354  49649  58736 114437   3885  46574  53875  85053  21197  12556  31894   2575  35461  59466 114300  46045   4365  94446  44803   2914  94989  72838 121335  12989  80377  10015  16635  69836  56425  93640  86810  83112  10735  82042  25217   6106  52936  56528  65920 105050  30862 121734  67590 107946  39301  45565  36872  47951  54992 114170  87233  42972  80787  45957  80473 112176 116905  72861  33496  31016  86860   1272  92155  67349  86926   3825  95130  99495  47112  90411 111596 121544 106649  46753  51423  91631  80766  42538  54219  53009  46233  27931 105896  90421  14413  12762 106514  94873 113785  69501  74976  67299 115016  95913  10078  33435  47497 102571  90795  98259  19460 113877  97747  42980  82478  64573 104733  65918 102463 117454   6994 112771  46150  89581  82775  99587  64002  83122  47826  90118  86184  60830  95482  66038    936  92180  47774  59251  43217 110484  24151  56314   6909  39529   2406  98559   6930  42560  62190 112236    539  93966  18937   2104  29640  83557  86461 110589  34101 120653  88758  23872    171  15008  13378   1850  77475 112090 105969  91146  10042  51617  87294  32205  19846  45566   1520  76872  99472  96105  38161  40382  70941  51282   9249  28081  87689 104303 115710  83489
 115922  27981  23394  54589  10192  14424 121576 101970  24608  54440   1011  40704   7907   8246  66308  13441  88974  78234  57512  45195  15587  52768   7596  70798 103363  14579  71384 120827  16488  52806  57020  18024  41142  95897  17444  96274   2986  95269  12866  31515  98856  28728  20300  48241  50255  70195  73651  67917   5432 111301  37762  20337  95217  15231   7210  15699  21520  85903 101985  80009  57212  17005  47504  52005  46943  49178  49710  99523  73358  96335  15123 117312  13029 113488  93253  24115 103197  19450 115042   1752  18161   5475 103609  56312 105515  97854 102271  51694  68230  23490  65505  94663  81971  69761 108566  14583 114756 102994  12639   3135  34373 105198  87058  44144  21620  28442  96502 119178  90113  92210 109064 119331  45869  93421 118504 107074  98084  98850  96562 111066 121670 115754  42277  33940 122294  76386  43235  24308 101673  99571  36442  27997  38879 109214  25414 108996  36238  93199  31180  85455  83248  29579   3081 109408  82806  11093  92695  10920   6274 113221  82250  84297  76275  16107  22799  38259  31114  64099  82294  92393  96180  61970  22789  46985  84478  37149  12516  19365  10653  74156 103585   3782  40644   8960 102249  71217 109847 106963  30616  36787   2349  65687  13536 121793  13287 115343  89136  99528  14049 117393  28608  87766  80277  54517  68614 106881  20548  97947  19595 112909  33967   4793   2290   2898 108335 109495  15869 106947  54052  43506 111257  31906  86023  12200  29174  31935  97065  58196  14724 108142  42468 100195  85653  34219   4210 108426  79037  95793  67423  89866  44772  78433  58377 107806  51924  82435  69984  43774  39532 110307  89715  37191  85056  88537  72972 102404   5332 105971  18986  37497 115055  51558  77945  14455  53682  32853  78321 109518  86330 114986  19119  70472  34491  22126  66993 122152  46286  61647  49158  92297  11834  93103  19905  45970  23813   1768 107772  29562  18544  95842  76434  89321  26028  69021 103356 115814  50177  45629  85854  57684  45089  55889  37789 121955  67830 109156   7580  22668  35121  46800  26240 100242 108218  14853 107659  84166  48657   6098  96697  47391  75474  77219  62294  79332  11748   3900   5371  60364 103957  68866  60730 108430  35670  77058  86698  74433  92888  15394  73952 110814  27286  48542  91569 106400 110090  42887  72868  44010  97017  43204   9269  15245  62833 120481  75563  92144 118597  10629  13449  26579
  39601  91113 115357  63392  24176  42133 101203  18918  79716  13064   7948  63675  32190  52988  21006  27053  72914  37206 113726  49139  56176  36044  85276 107586  86647  64681  27730  39746  86683  31113  79456  88694  45885  80512  62983 114171  18214  77702 108147 119550   9153  34832   5636  17600  93028  24363  44394  82840  83080  40416 106145  53010 106172   9096 115033  87661  39423 110793  91226 122287  33837  33427  20641  97741   8542 115958  93702  14504  53247   8392  16016 111848 101695  89158  75979  85891  84376 107251 109746  12997  14827  29414  59666 106488  26581  15990  99652  23205 103736 114840  19951  67608  85447  65811   8214  29568  57954 118125 104294  92582  91679  99897  65111   9342  72095  73062 102787   7293  86504  59204  13470  61617  34172 114429  25742  82924  74246  99462 113071  81750  83563  92956  51955  83772  32519 112578  56608 110706  22348  47420  82421  71170  57692  82305  32707  10171  47319 102530  23476  31259  30892  44132  62803  40222  33116  86630  12773  47974  52984  91390  32950 108340 121431  65087  47126  41661  67941  84955  25230  75466 101710  18909  67229  56862  67984  49656  84007  96741  97636  49734  72979  80443  94660  69490  68227  54667  71338  48617  95664  27211  95194  60460 118328  28105  89256  10997 101156  47413   9503  72738  87229  79025  48442  27577  61493  93577  38005   4147  41539  12435  44057  65295  11158  40661 108675  90299  89420  13809  59264  50898  24722  15910 117362   3695  67825   6777  35580   8840  85458  19082  26908 119642  38821  98478   9748 101139  81595  44830  48605  59841 112847  71654  24056  10125 118084  96083  20503  56421  61853  81342  32595  82022  50874  92919   3698  14403 121409  60367  94633  24675 118823  46616   6032   8774  62359  60287 102751 113249  71866  42605  21003   9695  62792  44412  30747  46378  52993 101696  18301  63524 109810  51866  46017  99718  48029  74502  34043 113065  82968  83174  47129   6285 111180   2354  80067  61162 109709  38742  79132 112508 111086 109079  88407  55431  46895  89750  61737  61048  45004  35674  52197  53213  82719  88499  15470  89415  66839  62258  16450 110563 120096  73827  73146  50401  15729 100275  46224 112582  47736  72976   6071  30844  31471  34568  28150  65320  62326  75540 120529  61220  68428  66813  96696  56914  54355 121862  58289 104806  14305   5197  26169  17131  94409   6100  10433  49783  26373  15536  81847  40723
   3519  65299 114091  34901 122229  67278  75107   1584  18810  73624 108183 108926  84670  27179  64413 101100 100375  67310  31252  63472 120852  21649  41384   6644  69164 107599  55567  91447  91023  34969   9719   1185  72533 106223  14506  23277  88376  74380  12998 102216  91001  70431 104765  69455  12950 101963 117253  45600  37412  33626  90540 106942  11249  72198     98  14806 105299  71761 102504  94732  32210  46872   7760  75425 102213  61148  18713   3975  76097  97267 111524  91170  54731  66318  40577  41170  95714 106945 114718  59814  51638 109264 120197  64898  81632  98577  69035  24621  93527  40876 102534  35947  18649  83891  97394  45793   8963    799  66363  69169  86779  25362  31212  93836  68904  55100  60438 112772 108199  59480 116007  22809 111488  80049  31799  65833  56904 100182  25567  37332  76028  98989 107517  45846  68321  20828  98314  28983  23444  50154  24175  21498  68998 110556  94836  73391  18470 102630  82667  18304  89013  56027  96926  27092  77415  10349  60141  75509  93491  51987  44238  71326  31492   3330  19054  24780 100087  72149  45776  23436 113601  99362  96777  74177  79312   2874  80475  98359  87347 112707  31503   6663  35409  34470 121904  10210  71970  43454  35020  39261   6817   7147  12953  94477  59920  46829 112087 117616  76599 116688  81151  50679   1043  27047    770  78682 106097  57991  44764  30376  85466 113322  14131  97457  92042  61650  57694 115927   4935  25142  17488  32062  73788  21501  57973   9323  28407 114438  42690 120803  88966 103391  62014 115935  24158  22721  56169  93145  90574  68955 106652 101481  32001 121207 105462  65300  30626 122183  60529  76420   8987  10116   5417 101542  12783  12231  78942  84679  37630  86875 121802  65290  50238  15170  60397  10297  80084  64752  28769   9869  87382  56023 112126  37141 107342 109493   7409  31093  45522   5400  52843  98616 103840  96542  84691  10135  25795 108826  50149  69663  31999 113387  86776  32850  31870  69043 119326  49841  82045  71431 120754  16714  46685   6739  86331  58801  89232  61643  42201    695  67615  43838  34237  65102  29756  21472 109553  47064   5369  47269  67438 114898  24642  95896 112434   7367 100923  77940  17177  43256  18738 108518  37872 115531  29206  91863  33703  56536  68439  29375  15579  46856  31157   4691  61391 116616 114155  41706  32918  27586 108780  25840 106772  63813  62186  33305  64038  46688  20999   7227
  32410  68596  48780  73810  73507 109387  57494  14428   9331  23324  72653  82015  74464  23035 114916  22625  89355  41138  19866 118416 112715  27840  47547  38464 107072  80458  66469  44922 100038  52630  83564  35664  77490  51942  61641 102162   4606  75057   4831  16487 118498  15094  55527 110546  75706  91233   8117 105496  38096   4623  42646  25398  98180  93940  30594  64209 113404  61482  29711 104602 100535  52412  10351  51532  12167  68736  69031  23628  56431  69547   4663  94487  95997  87420  17718 104716 121799 111502  20159 117628  71196  19965 117058   8992  21954  77216  83742  18162  79597  39599  33096  71969  20301    131 117857  55542  46666  66559  43795 102061  34603  84414  68334  85678  81270   3526   2838  47100  20083  74532 114258 120863   2323   6312  17468 122355  31162  20228  93300  43126  11035  19582 110767 121597  94105 103149  81806  20268 111445  45002  92743  15926  35988 108844  31071  35062  86585  67992  63456  94050 115981  71552  58076  58638 122458  35543  74764  74356   5890  70956  19272  17945 108639  53316 116990  36827 106404  31145   8505  89703  88197   6190  30110  40758 112928  70712  96956 112016   1686 101614  63768   8834  94886  74731  93525  61389  35906 111122 118720  86809  40265  99464 115823 122209  26070  97695  99574  33548 107996  42957  87519  38142 107334  29162  64986   3498 111504  57001  21045 110160  11425   3254  88108  88082  44861  21256 114622  52612  55702   5355  60070  57527  93484  27521  39880  14893  84001  44361  29757  80105 115305  22558 113451   5072  44668 107479  50993  39339   4265  17649  25710  21148  44265  83114  94044  85156 115126 101491 108647  36258 102081  99679  15942  65534  19045  71038  92295  33056   5280  38236  54706    333 100600  75166  32962  65757  45135  74182  58644  74084  93933  10528  24855  58447  52795  13782  22617 118605  12971  56055  87121  90068  86947  22353  41363    314  48235   8041 101593 110956  13958  64346 103904 105513  54650  65649  49231  14540  43037  15303 116311  66505 103798  60643  43269 115404  58730   5301  33547  84049  83185  26593  51445  81090 121196  64322 119759   5670 120196  39009 101337 115442   7054  59382 115232  93614  12764 118995  78712  14037   6559  63596   5723  69990  64447 117227   5324 101441  45847  65370 101122  95620  83938  71590  46724  50417   7927 113301  52860   1624  37347  49288  27497  45465 107080    974 108325  32720  89037 122442
  43360  42963  83492  57643  91754  38211  34259  32876 101612 100937  91417  14308  49810  76965  18979  14673  37435  68003  13074 115911  25517  36980  42411  51570  95092  59747  14068  46265  49552   4261  65949  11753  91881  14796  44745  20405  41930  31213  62877  23992  81341   7673  72624  74078  38229 104929  67621 114992  96125  47042  35135   6201  56309  30928  67829  83828  58300 118232  12333  85410  59734  32634  23261  21865 111394  46350  28166  14188  13249  95953  55119  27679   2776  66514  95678    401  26449  80493  61773   7643 116734  69040 118360  65628  85025  28600 113616 109373  17581  65824  47492 103969 104655  80448   7628  63434  89043 113152  94862  99162   2364  32775  11614  21420  32288  84197  49408  50750  33917  41313  64609 116508 119508   4877  20839  10977  22921  39065  58266  24016 107986  74798  13535  63306  98088 108024  41075  30919  46095  45111  80103  96041  64365  98438 110406  82278  32240   6261  38112  70145 121557  80026  76378  35362 113319  43241 119504  74234  97226 105934 116372  47092  99004  49966  85155  53711  86207  16755  78544 115346  24191 100133  96837  98303  82789  96188  27733  75387  37660 101726  12623 111894 114606 102879  36160 103462  72657 120364  62515 100644  23385  62164  56268  75039  61279  77650  38769 112716 119653  73725  23674  78030  51572  45916  56030  40281  56705  27945  75081  26201  33315  99951  71245  78173  90622 103036  99752  16280  16933  41503   2622  31920  62539  30252  78547  92768 110017  96908  24187   6532   7000  24454   7023   5448  46288  50086  59335  83899 113644   7417 115207  56540  59421  72964   1263 118028  91842   8006   7770  66301   5169  43296  69584  89301 107752  35596 112143  28640  48421 121386 105619  65680  70245  23680  51108   2752  39674  29953  56344  81066  51003   5242  49070  11621 116744 114121  45755  53775  66884 108809  59669   7279  81080  25645  63550 119402  24461  53327 120699  74514  99706  37739  49829  83016  79900 108417  51908  81434 112810  40921  67952  34739  67763  35953  20640 108094  58945  72543 102447  50637  68813  65582   7157  96524  38099   8040  59161  57320 119694  17144  78441  12177 102481 122351 112265 101870  44621  95549  38636 115792 104228  24377 100443  10179  34121  39603  74370  53494 121222  65831 111182  45194  46876  20118  67744  59296  65061 108595 114394  44865   9028  83115  24219 116606  33978  38808  71733  39083  93965  48225
  99482  37372  35949  97756 103003  81830  79290  73902 103578  53177  78833  35112  28200  58423  68581  61173 109222  61631  15037  43048  79646  19999  92935 100959  71287  95597  54594  96965  40223  10930  71812  27861 113493  65016  19689  77112  47882  22593  74399  42745  90021 117927 120044 109902  10173  19215  70780 104995  82224  84694  32835  25470 122070  46520  73723  59455 106884  83323   9601  37241 114044 110379   5374  31366  44457   8454  76073  12553 107254  85493  70674     30  65430  21685  73481  35050  91158  24137  90271  88963 105324  49166   8020  95758   8851  30128  18239  13973  94319 110480  63764  43923  13466  35434  57259  11217  95603 114853 112376  90414  91089  91779  51516  21116  40917 110730  40590  44950  21398  50727  11670  10627  19136  10726  79777  71831    236  93728  67080  50389  59588  38042  62399   8033  55062  56947 114145 102246  82082  52564  87271 118940 103988 119751  20603  80869 114595  91167  37918  58603  42776  66213  93703  48430  51872  93897  76621  55462   5824  63812  27221  83916  11659  89980  80027 119248  65865  20448  36785  77030  31389  72038  66407  85089  29549  38704  49514  89817  19476   6719 111336  25529  49054  67695  47231  47784  11375  80294  65195  79017   4453  92812  85012  76608  76068  24433  68298 112331  38111 103489  91967 109426  21745 121622  47521   2985  40959  95680 111969  75383  79710  40616  46507  28617  20262  24752 102154  56134  59182  85787  31560  12644  67481  43218  45035 107749  79941  15429 111170  51085 119116  91460   1431  13614  36323  65810  54228  45653 102951  66268  21139  30089  55357 111719  79035 122167  47075  53496  37323  76477  87199  14956  14002 109764  19462  85323  74490  11042   4945 105147  92933   6832  86206  85610  74405  88704 114713  24469 107911  58263   7215 107984  88126  46013  79462  98666  94194  68686  45153  82014 113134  58320 112550  36695 105520  83647  40656 116438  55079  89162  29178  50629  46036  65307    368 101637  47702  14658   8926  44706  11303  94852 112033  24505  62374   8568 114446  62281  77059  18277  61978  76498 106681 108020  39698  53151  56726  91595 106095  24145  93196  52139  12923  18255  67189  97674  64147  15079  10379  49964  28612 110856 102322  95397  71030  20280   7556 106659  23506  92388   7952  96187  37204  11606  22472  50832  13556  75671  23147  44738  86798   4721  92088  84320 121923  26061  35682  40231  35227 117398
 104447  48507  87208 110329  25874  98022 121934 101281 117003  75006 108889  64997  99963   5227  56650  62822   3826  11167   5814  46883 104900  16261  89167  41354  11717  38203 107126  32975   8842  39856  86160   9691  65651  89103  60682  97725  58574  82077  79881  33566   8506  57023  36468  45879  67138 101861 103930   6273      5   5129 115013  35370  90615  77922 106502  10808  70393  50819   8882  50240  56924  94200  14521 121324  58838   8044  87094  21314  99683  65600  18607  33723 122176  68048  46944  60082  85460 115616  43899  98805  93048 109907  63938 103650 113038  75216  93119  46071  28366  51637  92922  62863 121548  42790  16648  96467  29199  83706  38609  46339  94014  95755 105807 115507  91834   2947  62457  98499  34908 119484  58291  40900 105125  33565  76468  49222 118339  81077  85498 113032  31418  63553  25822 109396  95645  99821  22674  47947  11262  45287 108562  30042 106586  93319   3655  92488  66251  19703 110656   3208  49008  51060  95877  66753 105618  80831  88259  22851  29552    485  64054  23327  40036  62301  78887  32530  75927   9517   6375 114702  37794  68220 101554  60947  95511  27273  34089  55120 120001   2945  50863   5245  94115  45389  70266  26684  60721  95938  57961   9988  97941  66110  11131  82776  75481  11679 103425  25420  96539  97263  66594  27735 116649  66783  54209  77996  35862  59991  22781  22098  75381 108815  39120  32437  98272   6019  74921 110599 117217   9059  85871  79997  36434  10576  86634  39399  60942  98536 118150   1561 104457  84868  14269 103150   1857  16811  53168 101563 101390   7016  48288  12013  19222 110623 104475  96887  94294  27988 108938   8562   8118  78364  68369  68847  36982  60840  64796  56131  42791  56791 108414   7025   8988  59447   1391  64953  10794  69449  70761  86399 112623 103315  11270  83679  55684  34891  68100  47147  91627  86091  60181  63627  72032 103894 119704  47609  91589  58327    526  73099  61023  70129  15065  84255  49776  27239  97992 114896 120930  29018  13983  34256 102491 114845  84385  56503   1385  55179  74581   9440  81031  94210 114072  50741  69148  24782  35486  58745 121638 114823  12151  46162  98011  29382  22423 122050  95751  76243  75919  14657  99807  23693  53278  51093  38530   2680  56260    831  75925  28916  74207  46568  30946  26494   7158  73793 106864  19208   2716  10537  69039  28141  69052  95301  97566  12799  15505  42369  88331  95648
    996 121245  38531  23839  15366   2798  98770  16088  98492  89023 103502 109034  93281  77396  53511    182  20136  63685    252 106346   4917 120373  42223  80679  49890 115801 116043  41608  41655  49119  49717  84542  57367  55360  16468  25628  11703  10055  60245 120168  10730  99114  88087  59925  33036  78363 118834  92177  84593  50775  84934 107207  65716  48623  99888  11046 100832  44911  64775  48693  81037  71586  93294  85326 121971  91994  30860  42164  34624  24269  44693  59948 108060  85951  86506  20583    800 108557  37620 117639  16737  44156  22095  88203  83148   8457 116386  75380   3293  88052  99525  87085  42343  34094  84666  19549  60116  23636  41298  18114   2678  49541  92936  90924  19858 120851 117139  73015  19758 120687 119369  93210   3263  98346 120175 101524  74352  43980  59689  68775  92646  95981  92572  21791  16769  33539  53992   7479  76889  33523  16678  54447  33763 110189  28989  21760  83318   1611 105421  29510 120888   8690  86794  68976  33922  22812 121526  32340  84292  51885 108520 119596  88991   2802  36658  98068  22543  99089  94949  98172 102207  67721  32989  75782  83884  61294   9443  49011  28414  26522  67227  76528  69296  38799  30863  44850  25808  89454  67374  70220 109305  41402  27721  31066   9709  85214   3848 113306  88428 109352 104410  13098  68409  13593 100995  10396 110241  40470  86392  86667  74877  65331    256 102483   9095  79562  83531 117448   5791  36956  66885 100129  68921 116709  32912  40092 121535  74558  99537  30794  83441  79116  51891  46804  32177 112860  12099 116064  45504  63305  27284  38582  41453  43053  65122  39217 103640 117758  20043    510  26658 112822  80341   4476  21223  80154  12526  41171    233  90402 100710  49915 109839  57572  47074  32325 115778  76736  40362  35488  33178  31647 120202  81465 109280  40089  92562   1414  65219 103057 113721  72679  74159  23201  38607  87533 102050  52522  49181  46387  90086  49879 121820  17111   3335  47088  54124  54958  82363  11038  82320  59849 121958  12033 113027  14404  12161  84684  23266  44780  53827  72229  32841  66861  81361  67204  92172  53531  98506 106743  76931  85507 120158  65980  45006  32397  66120  23522 120517  12160  93823  89832  40878  60885  92188  18155  44519  12687  93158  62311   7049  19797 108899  48851 122327  32032  42120  83561  35458  54818  79552    302  48227  46340  26044  35742  70758  93245  14568  88143
  34885  40131  52529 107665  32462  92458  98301 107801  50089  95264  97133  89833  21436  59688  33099  63743  41665  67259  42872  25592  21574  89227  62730  23462  35245  22372  85823  41798  47753  20746 121151  24953  61845  84651  70562 119256   5462  67191    411  39557  72310  53563  85103  65674  14495 117063  35555  72649  83886  44907  74039 108151  34166  53737  16043  55998   2535  44312  71132  49911  32705  94208  52232  37775  12298   5286  74122  88258  76365 102761  61158  87107  56596  62840 120361  53913 100546  51559 117791 104682  34107  18557  91366 119544  58901  62415  92420  28259  88708  23243   6195  12418  57133  70437  46412  29105  35782  51551  74657  17375  70529  13290   7843  65416   3627  11334  99593  35308 122085  71532  52219  89544   1317  59552  11127  12207  91527  28725  45931  15840  80080  30745 108873  68519   7107  17849  14330  65271  78979  32598   7381 105987 122200  96226  97907  62086  37183   5274 103295  77278  34633  69415  13802  68750 110955  40050 107917  94353  30309  80407  76986 107399  73870  45799   2980  79920  62405  77776 112733  72680  32521  57806  63726  62387  94859 111658  80676  60421  49506  13386 112957  46757  38427  93074  34099  94576   3898  31483  15382  21128   8015  57038  70953  68186 104123  65957  62845  80527  54867  35319   1651  83775  25129  38432  80575  37767  66397  70468 121636    238  94997 103386 108228 116126 109020  46296 118033  50694  47842  54498   9504 119134 110116 118865  59895 117290  72698  20929 118756  32165  59612  23613  53445  84693  94966  73244    523  90214 107871 115146    101  86261  94779  71452  79115  89245  64215  85115 115367  89724  17305  40963   2783  45579  36247  95774 119000  66934  48920   2040  74314  63578  16782  90985  35239  68812  10560  59478  68027  37923 116811  27582 109289 109413 103691 107824  35329  28876 119895  16711  47070  47988   5688  29805  95825  91681  95746  32449  87251 113851  92758  95139  88224 114487   3509  80615  73878  57808 114598  31589  46005  42797  55143 118389 115200 101460  79730  32413  52703  25841  94777  79311  10556  90490  15928   6807  88236  42875  41314  30501 121555  29168  61926  43573  67589  54681  18513  24561  95848  11372  96570  47721  74786  31990  16292  88339  80739  96640   2559  98925  85105  56783  77700  77218 111412   9812  11100 109196  63833  80123  24470  37470  65470  40283  58671  51275  57978   7129  66602 118897
  10550  94561  38883  98820 117157  53752  17216  73670  43730  33013  88315  95110  18865   1960  99008  77557  27972  48574  83188 104023 119018  99167 113467 116958  90356   9468  99618  86247  64807  88461  44570  28214  28376  56460  20288  95035  68780  46903   8021  41194 107819  49799   8489 113757  50915   4770  12547  11271 122418  27083 116247  88817  70008  35743  42859 108724  81782  71830   1545  56654  54126  33661  34668 108898  21080  75594  50213  89269  73194  83213  53839  96890 103450   9485   3449   6972  62280  34904 113626  46488   7121  29641  59105   9582  52271  62860  73539  28801  24023  18188 116132   1846  51251  45033  91212  72734  94981  48965  97701  90962  79187  30700 114795  11475  82850  24527  64325  61822  73860 118552   3730  52574 104374  83843   4391  64195  40195  88005  18907  93681  39976 109045  59122  12455  17494  10085  18236  56519  48880 105614  39727  66330 102852 100485 109359  29118 101827  68535 117623  45429  87039 111976  89291  93207  46454  78585 114463 115425  90651   9345   3035  80239   7491  97354 118878  54647  33216  10989  30017  94111  94609  38708  15694  97006  55008  39070  15397   9463  81780  49832 108458  41654  22715  55962   1008  65726 109929  62366  38653  95674  35929 109134  81786   3893  60016  48665  39224  67849  93429 113664  23538  97986 106425  69318   5984  31564  56437   8846  92425  41004  29945 101154  79198 111236  53032  26473  89739  11787 113410 112438 107503  66262  95322  59271  81424  33494  50495  65512  77151  43757  10855  33711 115647  46591   9236   1312  80870  24250  17231  50193  53593  30273  68119  45722 110477  54938 102065   3924 115653  95760  97094  45706  95123 111062  35493  84762  32555  56848  81289 116500  17759  64161  76932  33751  44733   5952   1780 118245   6101 108213  90278  86057  36455  52336  79257  44094  34938 117959   4181  53785 103976  63988  87678  73819  65167   7248  11407 118102  62074  40773  12479  63834  29264  11339  13178  85023  91237 102457  23057  47515 108767  25427 121488  43998   3638  56296  34006  14213  15852  43079  65691  85058  56365  80176 122204 112680  27776  80954   4520  59774  27771  87492  48679  89194  93135  94962   9989  37006 104067 102871   3883  91022   5794 121133 121677 104466  49521  98631  37543 106489  98867  12503  39959  88317  40247  38020  38157  35738  19837 112861  81376  76849  59076  61901  75829 116134  19146 112011 113539  81388
  68477 117918 110909  90446  37031  30579 103287  98854  96779  44351 121030  88630  37213  61997   2979  52872  45562 115980  87728  80577 117265 118467  90263  79143     51  97723  42158  30706  35511  84497  25864  48772 110921  35418  57780  98518  36907  99819  27707   4876  72408  45823   5586 110630  15592  40010 104614  21759  84572 111544  38975  87567  64950  71467  49539  63157  71988  30965  61558  82034 109959  15085 113332  43055  86594 118172  31822 120797  51968   7741 105444  49018  32757  70269  44065  72633  75799  40134  33434  21793  71893  60505  84412  88709  65433   1370  32946  91503  21634  17090  97952  56170  36156   8677  51126  90074  69885  59887  77482  20004 113867  65752  38367  89987  63512  39756  78854  49110  89648  97493  56119  12020 118207  78930 103662   6272  98062  53987  11114  47457  90221 100247   7143 107561  78803  16919 102037 115819  38882 100395  62661  15181   8947  16105 117714 104594  29623  40433  16516  97477 105318  98732 107702  87747  59585   7062  31692  38460  65487  59137  66351  97095   7891   8475  37932  81267  34577  46516  67113  91098  47462 109627  77466 119389  45079 118951  34229  58280   6619  39082  94749  52871  47540  75056  97906  34179  61319 114280  64050  85924    717  57035  31658  80587 115885  77024  13394   5662  45432  46912   9533  75204  78920  30744  45075  98485  98795  15255  71377  51611  51503   9876 106885  52969  13674   4128  34882  39169  54389  14075 113609  64756  63262   5613  10612  25282  34329  15056  77082  74300 116610  43131  31134   7224  49372  30607  33564  88253  86396  89014  73176  41461  40804  72800  54903   1680  96928 100218  53302   7256  35885  14304  57467 119351  76083  30680  38700  66437  74333  83963  73181  88379  50564  80554  68308  70547  23771  46763  98924  11236  61193  97110 111859 102057 102402  25265  36235  36029 107880  75181  79994  82184  18008  61649  37724  62187  94024  87451  90232   8424   1986 101442  67652  81041 116489 113335  13789  18715  83782 115212  13768  89459   7801  97413 111875  55032 111030 107498  28881  42375  82365   6081  16467  50228  30100 117706   6250  12843 122124  83151  13900  37599  10166  18839  79364  78208  60939  85887  17932  42298  15891  29994  95004  56168  85077 111082  17038  49267  33468 113167  36867 102002 109364  85013  59390  84236  87047  95365 107887  51017  97014  90529  53280   1477  83116 107115  57584  50536   4783  17937
  89774  82814 104967  15083   4653  77005 118484  76374  96794  61399 102527  39561  69519 102125   1232   1696   9423  93042  95032  75242  17185  15421  88056  19969  39717  90846 102312 103103  82141  85604  67063   4144  67110  68434  48460   8775  60592    855  41167  60499  73376  74582  85740  82073  42191  46489  38436 117586  50795 120783 110166  75367  19621  88551 118407  94642  52401  62193   1938  80441  87488  64771  38839  67541  22895  12103   6041  13435 112353  13527  88502  99854  65013  88518  68288  79184  55787  45649  56024 121736  44724 114545  38532  45554 107235  28837 118869 106576   1461  19221 115698 107337 121463  14896  61998  94204   9248  25991  29129 104142 111737   9439 111113  71767  77951  41931  88579 113469 113000  93654   7339  33087  49978  12475  17939 115383  53317  52161  25049  90293  67216 101288  14546   3727  47775  27415  91139  20538  75248 110210 122053  33784  59437  54673  38711  83322  40678  68616  71429  55140  67918  13578  48939  25601  54270  95975  60564 110253  80873  46747  13862  99244   3626  47078  74571  39095  21442  53852  71267  20520  68705  77707 112447  71488  53844 110777  24389  76307  95914   1487  52539  96763  68313   5699  55232  96627  14633  51011 105210  13062  60234  41491  13916  22970  75210  72845  48512 118092  81288 100781  33975  79157   4468  86835  37189  26277  79986   6683  55479 108452    656  47778   7700  38637  12242  78769  54246  84393  28986  82863  14647  80982  66063  69891  41206  66810  75794   4361   4704  84638  38439   3410    708  95036  47940 100357  90082  75650 120028  17601 104511 107797  45816 115392  39596  57372  67904  69320   3048  93408 115771  18772  21004  36365   3141 111931 103956  14429  75419 117172  17977  68664   1999  71928 113908  99406 108799  11958  70358 105372  86796   5739  64127  49836  32159  43535  61202   4306  44976 119357  60570 105023  93427  36166  92659  36236  77019   5656  75173  42288  77624  85646  17922  52784  46325  51577  10799 112767  80851  21285 115716 108752   1148 109918 111688  42831  53965  96958  81537  40232 120354  30304  38876  74261  76827 122030  20878 114024  40708  80993  90031  74278  13355 111294  23504  25668   1460  98207  79566  14417  76031  88424  75089  84326  91921  40925  85922  61484  40219  25702  33659  56078 118829  44773  39375   5413  71175  27162  89185  49971  42893 107353  66239  57883  87322  20241 111685  54380  67566 108670
 113837  76252  59797  17964   3680  62530  83906   1840  24453   6446  52592  62853  39565 120018  85187 112509  52084  18074  36159  56969  14754  59325  41488    535 114754  94611  95087  89607  86828 121609  54506  57426  90038 110273   5145  38886  49321  10830  94731  54271  79765    958  57532  40507 117626 113137 102540  70095  57434 111797  90474  15591  59043  53959  34553 114136  97103  43257  68010  20928  26975  20537 122033  69528  94133  37225  40748   5933   1806  50420 112970  19449 115443 108888 114955  31416 115233  78784 121703  91778  93901  82749  91373  46382  70555 119057  86163 116251  80114  34907  68490  31972 114712    232  60894  74841  22310  25570  81171  54881 121558   2459    582 105612  64701  69957  49398 114848  42898  56350  47422  74901  38627  49468  17976 119363 100525  89381 119746  57011  60237  92211  93658  21935  61215   9912  88472  78716  76586  38470  50701  88446  22431  11253 108777 100302   7849   9698 116720   6819  40376  14582    430  28603  27241 109903  79055  25209 122249  34407  63136 118659  68550  44831  96775  80803  76860  53360 100981  27401  37836 108162   9926  83868  35167  66293  60392  36390  17594 121360   2031  94799  18421  50707  10826  45765  45289 115083  50448    552 102493  48283  66518 115644 118595 103566  42194  57761 113847  52010 120939  14215 100342  52159  64992  44629  64789 105593  76314  91164 114129  24824  73160  79703  55763   8124   7886 116714  75097  52377   7717  72375  47684  68537   9674  71541  27477  49003  16108   9140  26256  22911   3800 108660  23529  31622 114584 114479  35146  80939  49589  16675  34047  97363  12855  37693 101338  23925  54828  41031  63266  89641  58523  96120  19288   3970  82205 119154  26963  69917  97958  87850  89435  15914   3191 103046 113902  81860  35984  15730  63423 121784  96245  43032  32797  16447  58060  87680  73048  34631 121301 117496  37802  76189  30519  39567 114957   5983  60137  87388  70169  20803  14529  60773  21150  51494 118483  51387  88507  57105  17627  94039  39194  78509  75429  47154  18388  80149  49062 109682  34748  93932   4837  22007  10512  25287  89755  47408 111489 120260  46408 104737  42095   9838  11196  33097   6139  35252  63388  89364  58842  15216  27889 102301  25641  75537  69737 118718  86398  92463  94174  57230   3489  50383  53703  35261  30331 102074  56679  22493  35858 100609  28744  70186 112517   7998  89852 108003  88976 117060
 109161  81638  14972  92198  18484 118974  85131  61684  22327  78923   4658  28467   9564 108303  16444  20172  11281   2722  13944  11125  48358  52906  52296  69715  70496 115986  13844 113023  76432  68078  47925  99305  52532  65807  26196  25995 111219  63212  29607 106707  48203  88088 104507  65653  27367  10307  95764  65435  61868  76950  71438  61922 111845  41003  19068  21135 111716 122414  68303  29778  69208 107248 107229  44350 108070  67988  60356  44897  33677  74880   7001   5682 116419   3635  25672  11872  68132 101959 102813  90352  56980  48821  40115  82990  95500  87091  99773  10451 110564  60122  57957 119833  79444   5548  83082  57997 113911  98482  66314   8517  89578   3682  66713  57664  63840 103279  99168  24839  48126  90173 115878  88350  20659  21730  89349  85308  94381  13422  73405  90714  15602  14064 100722  74923  57506 101262  29787  21067  51245 100548 121104  57861  36839 113309   4311  94461  43231  78324  68105  23113 105961  71075  20180  90794 113452  39772   8096  33333  23017  61564  83539  88416  29776  80150   6053  12884  40090  61524   4675  85018  98231  89912 117376  81809 106355  54433  90186   7651   2255 121101  93194  82904 101261  76303 108085  86146  68206  71332  85290   7337  91626  95546 112730  11169 120730  48067 109467  91041  89770  78906    872 105133  45063  22655  39662 121796  45712  21717  32479 108169  40811  69554  10865  86256  98472  96607  98287  70319  64744  22819  36464   2254  17541  41032  12913 101635  59553 118507  65288 105278 112010  29480  95021  14010  61797  27706  93268   7217  37607 115096  35598   7453  37025  19944  53266  41812  44140  37311  40542  19367   1243  81377   4364  50696 119100  24006  64998  72359  71999  64185  19387  20529   5822  38448  32941  67921  76670 114917  49610  44365   4060  29781  57198   9111  27044  54184  42291 115243  70615  87575  90692  69735  65465  79380   9003  34996  25688 115135  98837  95814  42509  80709  58714  47344  49653  28401  91709  59067  23555  98387 102421  97086  75393  94142  62166  71159  32059   3277 112457  53747  93955  25050  79698   8856  61367 100955 111032 107745  58770 121843  78808 100091 120150  30438  17811  56685 108968  30476 115515   2526  26380  12812  96032  96285  30347  83430  84998   9025  18090   6166  51475  77169  15257  46043  71136  68787  27592  79500 117547  63773  81245  80230  84396  82600  64356  18230  69804   3592  66478  28358
   9844  53208  84294  22661  31954   4651   1433 106244  33327  60697  31285  27238  15842  47107  46232   8567 102492  79674  89066   9983  38039  20638  43054  72357  43325 103482 106428 109389  65749  73807  69575  98964 106103   8441 102587  56570  38452  23646  11315  20286  17206  38016  97556  56264  17695 112774  18141  55857  64530  49333  32601  92075 109791  95333  41351  32160 101447  51544  81315  77073 113799  47144  26666  41619  73380  54449  49261  80580  37797  70859  82316  20022  13365 120709   1021  68588   5213  96759  37092  89051  67382  17679  90992  47764    856  60990  59391  89234  63883  23328   7110  91799  22182  10145   3408  57833 105436  40744  42642  64142  52903  92971 110941  40449   6918  18934  60123   2479  58282  55803  97751  70776   9740 121202 106481 119828   7072  60681  11175  54545  12984 117655  43468 119762 114161 112544  44606  28055  13581  77363  23209  97013  68480  92610  58558  28176  74828 115688 105481  20891  75336  90502  21894  48989   3062  93383 116913  70099  67959  66831  27132  78390  37272   7690 111067  99402  79082  57537  94939 115538 101618  90387  80456  70212   8959  38693  39338  58272  73128   3986  61903   9208  36186  96871 111395  30718 120637  28227 117032  99940  12719  31753  23660 110663  80418  79520  97056  98181 114390  39668  44889  65816  82391 102580  51906  62516 112084   4665  19230 103861  14700  63874  83929  37911   9675  85436  29745  89131  58149  80133  31318  99930  27321  31971  99658  71476  53221  52664 100873  18480  42212  77045  82273 114494  71145  72363  86056 107382  47091 113728  84707  98488 105030  85847  88524  72253  17498  13861  77403  23390  19181  57160  71846  59435  19985  87069  55345  13070  36946  19933 116484  37822  99153  85957  16754  63336  42330  93552  12252  39522  39292  43222  51871  92012  23112  92284  10357  26509 119942  87398  12388  50513  62599 107897  47216  58141  18107  65715  40176  28587  46643  15426  75148  66078  91416  99783 114914 113324 102659  31561   9184  18283  36904  31791  73908  63159  75421  93276 118002 114302  78952  75555  60407 118204 106603  24646  26690  73822  99800 117591 117422  81636  63600 101901  95465  19677  88395  54114  44906  14494  91404  44595  89450  36497  66748 114686  57639 103438  35594   3407  34342  61178 110649 107966 101730  27533  40699  48256 110186  93236  26174  43403  66627  56287  35445  49308 110934   6613  64805  75915
  90522  32651  73514  21509  30467  95204  88372  22481  98075  66721  31673 106531  52929  77425 118761  26153 108007  72712  48616   2730  15500  50773 103520  43262 101961 100779  10506  17907 108688  51478  50437  51156  46133  61536   7552  88833  45058  61723 114225  15668 105157  70433   5134  16423  34215 105864  67099  69966  46460 101244  41228  53109  47181  85038 101087  35315  83853 106238 118056  95553  40415  37133 120461  54570 110107  25464 107277  60412   3225  75797  57576  35346  29084 119358  78543 112691  62129  60163  76546  33136  11601  88725  16110 105000  76993 118832    706  16492  38676 102251 114435  39801  70126  76687  91008  20669 122248   6329  88571  48419  90336   8573   5505  40367   5872  57278  44794 109578 108153 106061  69834  27485 110585 105239 103236  42039  97609  28107  40055  77120  56648  19273   8058   9994  66474  82087  61716  99997 118476  30190  20679  36856  86158  71522  19366 119198   5388  14620  87017  53746 116835 102943  79158  78197 119775  79806  81455  98233   6044  85936  19771  27789  11309  32828  30613  56874  16471  21263  76619  72978  55341  19604   7064 103087  64296  45593   1265   2092  10625  55627  56381  42768  41225  73295  86612  18153 100263  72841  68375   5099  27835  87663  49806  64500   1578  70580   9809 114074  16049  26038 111968  82430 103025  13721 108974  91183 111912  70689  55207  41297 103852 105748  78515 114344  52291  36426  74653 120148  92867   9571  50141  30737  22390  92631  74161 120821  41423  13071 100717  26506  25251  16521  86350   2948    762  44098  76765  40063 100207  91839   6047  36145  17833   2658 116390  45466  96112  84753  59871   9062  45590 102685  89929 111239  43330  16449    154  81390   6861  76691 100402  58021  89464  48132  23317  85965 107707  78378  58487  10525  63178  53447  38662  61503  70462  76208  68120  16242  68509  70781  45930  44536 117762   1888   6544  91919  94543  68666  64307 108563  28799  18041  63316  54334   2502  77261  41398  29649  31000 105563  28026   7192   2885  36226  29710  20720  98514  72254  68710  92809  76739  88291  79516 120996  58201  49112  35254 117123  92386 119066 110113  39371 100896  83738  10834  11459    562  96065  72935   9453  95999  54560  43690  40662  89086  97297   4901  72492  15179 121466  44792  96949  74035  25263  94277  99732  76824 102554  38431 117644  63688 105020 122135  97570  70443  90376 119274 107107  59373  27554
  92595  33316  16066  33153  99037  15109  76435  21790  50076  35997  91116  95060  73617  35076  51082 113303 102830  22538 121240  42524   6500  94632  12414 118886  44320  72073  15877  58035  65728   9857  96151  46863   8393  18877  78141   6014  20495  53586  78429  75559 121757  29457  46696  18671  13404  56086 106975  26487  65020  18887 103754  96404  42945  11971  68133  12175  82697  96519  29267  41638  24121  62856  94398   8156  57452   5868  26253   8922  19099  39469  83031   2038  57700  63958  63972   1748 114223  35293  38564 117264  92338  62408 108693  67947  79404 120853  16146  47030  96935 100322  14204 102203 101750  77784  95925  79425  14930  53667  17145 113773 105541  38496  44518  14624 113142  98131  18704  78726  65058  25228  66493  62682   2291   3612  97134  71137  46282  59280  51927 121587  15581  60187  50050 106396 115548 104359  41863 101476   5882 109308 113102   5052  48938  88627  31463 109464  93233  34766  24841  56483  76721  34567  63590 107022   7318  39543  49948  44695  93160 102835  73852   2227  17754  55289  12669  67733  63237  64242  76424  35130 118264  13006  25783 110267  90860 121954 118713  84243  11807  29006  30472 108573 118699 106163  74112 115131  49462  87209  55235  12209  62812  11637  76975  84750 116555  20968 120954   5768 103933 115024   5422 114180  98353 101810  26601  23159  38027  50411  57116  97590 109762  74611  92257   6144  28994  75756   3446  50778  10838  92312  16365  16264  98023  75130 106311  75762  60623  18333  72622  97305  36816  60067  56123 107678  29317  30285  36643 114248  56172  42202  69271  94411  99073 100349  29184  32469  27512 109708 119696  37625  58265  31827  19357  78595 102022  30130  25097  91720    957  83131  38220  54790 108624  76051 115527  86850  23464  44689  49531  87637 107368  36993  42078  46050  73911  72416  81792  48745  62651  86233 115004  46976  89789  79287  62284  44787  82026  90877  41396  59778  61096  17894 110440  78078 100287  53804  85079   6483  58933  99517   3282  62653  71390  94251  42596   8533  75284   2860  42005 111399   3078 120414  66384 107240  22587  38043  87717  98835  78043  75124  61505 117198  63420  47530 101526  96045 116789  10988  38371  22358   6456  19089   3312  82889  71581  86391  91999  83418  90464  51382  50875  80450  20668  22790   2563  37491 117856  91169  61287  19754   8149  49019  54504  12188  83969  73844  93749  97649  86153  98717
  77789  49727  37960  57304  81237 120680  94999  43928  13654  36850  56303   3550  26837  95314  74656  19782  78973  16529   1398  98654 120071 119465  75950  55974  45484   1465 109598  55850  56433  59276 100447  70751  78223  80509  83764   5531 120860  27845 102949  43491  47868  57945  13597  67513  90040  33131  65748  32435  65743  45000  83872 101237  53184 118109  39137  10321   5236 105187  99520  53696  34716 112201  19974  89199  33212  94812  80916  56130  34428  69865  23995  46165  44875  89628  24727  35465  92365  39047 113392  15741  79079   1573  87031   8798  23843  43574  45547  40476  48964  68849  40052  44235  74204  75729  86953 121625 101180  85397 115109 117164  43945  89303  82839  44243  82199  84897 113267 113873  90817  57715  52800 109093 102590  61403 103079  89406 100842  30566 120586  57783  32396  20726 117579   2387 118765  26246  99843  17667 110282 110325 100039  87606  99476  62907  65351  90457  79294  62939  86068   5957  32144   3014 101897  68414  25690 109367  91711 113269  74730  63194  22479  52116  86112  28049 116159 107573  50732  47066  61237   2748  40339 112617  86532  18049   6547  79813  13011   3352  19830  23198  24569  25000  15525 105993 101698  32415  69439  17712  41212 114099 121177  33757  90816  42283  54736   3995  41324  45424  93497  41878  46300  10273  88623  65404  54397  89071   9610  34204  13097  29666  43244  72181  13364 109180  10940  37344   1958  46289  13922  65554  28985  27501 119189 118169  28302  71492  19938  15765  63984  78861  61899  12692  10261  57420  79734  79071  52694  42276  53917  86549  89168  91520  31254  42882  19637  92869   2000  26486  55199  64009  70618  16408  72168  21413  54609  33411  59651  95149  94696  65043  95050  92528  54621   7219  60342  15407  69723 121224  29133  38505  74296  85572  27189  50577  80714  31746  97273  60758  42996  84466  40731  27583  30634  83858  23466  20997  61826  35578  59528  88654  14968  42618  91984   6311 100966  97228 109793 115719  75363  13778  73296  69674  92661  31808 121395  93489  98603  11998  60195  62686  72264 118684  94756 119043  11414  33257  90429   1841  73658  48621   4433   7820 109440  95983  13925   6320 109286  52691  35216  46661  74251  23391  73046  71570  84695  97530   4927 114786  21293  62244 122283 106656  19921  77186    413 120898  95355  94036  63326 105293  98026 121325  33359   9619  22614 117560 116928  32188 104371 110698
 112655  52854  66089  26021  72397 122487  73009  50602   5002  70469  45080  95246  75090   9228  92511  67161 109474  93088 119120 104268  30681  35085  55068  98365   3111 116795  59884   4182  36595 122190  34303  50942  58424  33192  55512  85789   3544  23994  14769 109535   5308  70384 103684   9934  70937  66361  20658  79642  27175 112132  35358  52921 104134  35238  91977  48739  18221  63761  85160 105663  76112  77251  23334 101326 111005 110146  42653  68478  21333  96941  81005  88533  26720  81441  41859   2910   9221 107992  39850  78199 116374 117961  78831  70842    151  48411  72532 114951  71589  97370  96540  10361 122267   7447  75471  68826  13475  48719  15014  44168 118271  11796 119257  45596 109435  85423 118052 119118  83907  14115  12681 108640 104449  14569 113315  73199 118375  10449  64864  30149  14201   5594  31745 108644  82571  75741 103783  43302  73313 105599  10457  35450  81564   3375  53187  55732  93533  38673  50298   9898    727 116136  76797 120646  63163 100975  32198  44073  59906  91766 110971  99045  58915  18253  44827  13934  75580   4224  90151   4275  12426  10786  58662  61578  90825 106413  20955   2935  75355  62625 114061  81178  86619  24689 116646  72066  96325  84768  49517  66358   2205  35668  70576  47666  51673 113852  30457  93942  56877  44494  83103  10054 106931  24811 108614 107159  47392  93202   4223  69091  82207 117897  91936 106233  84420   7196 113513  20678  39236  62318  57354 120994  32328  76643  48418  22130 114505   9041  88760   8670  72070 114645 121941   1571 121989 108277 108756 116925  25588  96625  56619 121378  36629  27410  45073  37087  70080  30484  43957  76647  29495  69032 113766   9294  41189  22074  19511  99617  11778 102089  45490  17267 115423  36380  30879  32327   2832  71592 109338  43527  15753  21714  69912  75800  32147   8817  92059  56407 107189  48892  29252 103308 114476  16068  83088  56150  43346  88948  26146  40297  92995   2529  57832   9980  49905  67288 116615   1852  46558  53647  35873  43643 115298  43164  16156  72317 100179  12802  78411 100756  23270  11119  57517  18972 109589   9106  97390  62370 112881 107371  14141  37156  56304  83448   3157  89017  31188  53458   9026  86347  25475   8516   7131  87665  92607 104947  68668 100613  40545  39919 102078 105172  50765  20207  15020   4566  97322  99420  45990  13330  47825  37465  84810  12779 112971  52677 118949 118556   6291  79406
  10985 120502  45024  52665  35193  67103 112708  81253  14510  30773  17058  82263  88987  29645  11229 118637  63927  10558 113760  34768   2213  64476  23898 118562 106051  83063  38192 105381   4961  90835  31812  79689 105660  99726  98573  53451  53927  25863  68435  16104  83017 110458   4346  99644  93653  47006  50573  70299  76330  24326  82388  53933  62124  20140  12659 113965  39570  59464  18499  35250  31967 100962  34137  11164  83948  39295  34382 115577  57457 101866 106055  55288  94376 119509  83128 113078  23670 103605  62772 107700  29156 115640  52655  91144  18841  14222 121076 115279  56125  38409 104299   7784  17613 114746 117980 103775  91431  29784  66388  11914  28930  53259  63760  24148 113910  20756 105898  24690 120780  37329  70298  50341  76331  71610  10902 106912 110008  85759  10233  91282    439 110509  39671  32861  61532 104045  61374  31281  11239  23699   3589  35686  41215 121328 112769  46096  31813  29136    575  72003  74792  52983  26575  50068  34133 109402  37017  81484 112344  92951  23278  65401  88663  85141  66473   6527 110501   5851  71061  64994  27395   5109  29935  72136  98286  95844  46865 103892  37624   8217 106463  46063 117296  53424  30749 110015  65574  10227  67662  73995  27143  69535  45491  46990  23534  91102  77199  15725  84776  71738  35603 112324  62643  24265   4848  93692  25785  47809  22083 122066  68784   7245 116124  74481  64211  57040  81110 110575 103877   2897  30433   5651  10051 104285  24029  56411  25145  84522  29483  29103  39368  36083 108090  68484   6507  70367  49764   7851  88848  98685  85400  75126  92858  83854 113560  92763   3868 117661  77178  98534 116762  13206 106445  42804   9378  78383  95016  16557  32213  45043  89927  49853 105058  99855  16014   4484  10425  42387  62102  54432  92820 100694  19671  70086  55439  37138  96318  33366  86268 118142  95685  45449 102182  77158  65267   2816   5704  16621  24310  34539 105109 122245  25873  34702  64463  74336  80073  13847  65221  35823  82174  51884 118676 116350 111109  65406 114051 118043   6846  46920  83825  35642 121341  10588  40159  19424 119772   5701 102806  66936  34309  84447  90541  26652  89404   8017  11756 101878   3099 110553  68397  72610  28208  35559  34941  40198  72929  63139 100103   4033 100128  64798  52181   8485 119851 108481 108025  68624  58826  65403  12885  96447  13681  68857  95086  92323  92575  10740  24589  78231
  71231  58548 117260   9788  84211  59506  58308  57524   4597 114684  69938  27452  14098 105527  99320  84797  93033  36790  28700 106782  13703  98523  76997   4799 112942   9033  96827  91832  14975  45235  48186  55749 119679  95410  39241   5285  34743  53145   9524  35466  93296 110722  57397  19320   6229  82717 106691  95776  54459  68131  65549  30712 109284   3425   8332 117409 114921  94245  89052  96953 121616  86663   2626  45154  93994   7781  75063 105108  76278 108725 120678 103604  87753  64385 116927  89707  73407  26617 113556  23931  49985  23880  80452  51619  86729  41168  96880  43591  32070  34136  98957  71793  79517  81874  49750  74478  64010  18007  62171  80055  49235  80297  45939  64585  48501 109056  77304 122426  43405  90650  68005  29716  60785  38509  39825  27001  97607  32322  77290  20634  53755  13184 114725  40207  85049  93894 115108  13035 116915  90333  69356   9467 114587 111902  38377  72625  36353  41140  29377  42179 112484  50219  50867  97853  13267  19161  90187  24712  71024  66299  59149  43676  20745 117982  36788  20573  84075 112872  96989  16409 110324  23003  43726  25624  10409   1315   5406  69671  89090 106986  97434  99886 121029  91740   1001  53864  20680  90075  83383  71389   4041  53389  57477   9066  93436 105277  13442  77676 102100   8438 105913  49557  10682 113712  61010  24681  92613  17640  94162  20236  47135  25275  69925 105833  33788 107085  17659 104236   4025  13192  65138  99918  67323  62232 114416  71182  48782  76222   3122  63232  10906   8074  16897  89035  74267  60753  47165   2278  65550  27050  84830  59886  70366 102362 109142  87307  92751  78131   9300   6284  27342  51204  62545  37464  93450  31265  25463  71478  75991  56753  24979  23039  90888  82286 106654  40980 108634  63225  48222 101503 112227  34029  48413  14279  83841  78085  33353  78300  50626  21785  50742  15153  70325  47573  16969  36243  11776  63012  26234   8943  46459  11581  59597   2508   6496  23962  97156  31351  97015  12170  82206  26018  99232  46035  52155 102785  61847 118564 104988  38907  25183  96772  63302  12505  98597  47828  84233  99966  98706  63160 102091  59195  29200 120688  37902   1294 119149  67416   8957  14723 113079  63677  43187  99588  38133  52877  72339 122111  72654  96102  83598  30375  23831  34381  50357  95518  34588  37936  27467 106325  57587  70763 115930 107237 115941  44802  36369  63562  23718  91140
 112342  87822  39903  56135 113800  76685  31807  56301 104398  36728  89696  62471 120990  48238  11595 116417  96251 114477  94146 117165 106497  27396  90943 120065  70556 119860  45589 112168  58659  19206  74032  10965  35267  18959  30648 107821 114923 101382  28546  60981  59370  45188  99689 100805  11360  29594  38070  13014  49331   5689  85391 104712  14336 116576  45848  13426  88999  80318  51833   6186   4573  86182  77959 109700   3611  67085  86315  19139  37059 108732  23211  79005  23708   6327   7398  39968  14062  73224  52826  75561  52407  36349 119790  27251  79443  47602 109592  70617  42356  45946  87163 111427  23179  54158  93467  33112  88632  64988  30092 102681   2605  28363  31640  51720  90081  92013  18653  55351  67617  60776  59638  89410 103513  12341 115214   1012 115558  70944  45795   3416 117345  11946  31645  12917  12403  51105  10268 100632  42427 110883  70898  47645  35454  14008  72920  54764  50330  16984  95353   4021  87265  17262  83038  48827  35439 111074  86726  74074  35153 109335  82468  51371 113384  49241 110120  89558 106104  41375  12903   7376  19404  73477  50077    517 100230  92981  13292 108087  78710  74734  80832  74223  93442  22202  57844  88555  47184  79268  28704 113093  36451  93983  12362  81330  87151  97052   2355   2754 104061  11911 109046  19898   2420  35726  65488  34503  53714  38054  87561  24034 117694  25273   3861 106394 107158  35829  43305  45050  67899  95342  94858  28877  99209   2665  39704  10440  11866  13169 108914  68958    215 116934  51314    590  69916  80956  51960  76410  73848  41006  13453  14129 101565  57802 118528 118215 113788  50625 118904  89427  40504 105826  49523  15781  14091   7194  89106  34700  62382 121762   5102  88765  96661  95336  10807  73596  96874    395  71139 105621  68257  73802  33781  58661 119970  25771 105631  44790  66202  57562  77353  89594 117152  55891  43276  89977  29228  84904  46148  83191 103694  92502  72354  96637   4226 110167 115593  80689  29882  82599  22635  71380 104731  41447   1136  49359  87458  54925  83986  78876  34060  15582 102381  11223  62784 122375  39215  25736  75569 116441  88656  79074  23735   7789  98794  71616  76982  39714  88740  45730  12318  82540  15690 113042  86363  94343  10090   2366 110800 111144  83368  94505  12260 108352  31392  30512  27825   8022  21053  98110  56538  94783   8450  37844  83156 121800  12615  40897  52633  76163
  74043  74493 116517  65169  67731 116540   7260 115350 102174  13634  87486  74636  73564  79359  15970  25294  97403  38085  52404  36511   3194    819  96610  23137  91523  39885  76654  96048 107623  97770   9969  45425  19141 115655   2077 120479  86219  51785  16554  32454  43621 113703  19354 118681 101229  43712  40083 103771  87447   2292  38128   4524  90811  73057  99953  56009  95595 108098  12626 114460   4771  12009 106559  83957  20930  34236  93063  58744   4805  62671  67859  93973   3443   5776 110053  51297 104499    907  22922   7360  85059 119646 119626  95810  99188 107937  60516  42409    783  28355 108997  80984   7404 118411  58884  26787 121774  28817  64277  42036  23732  26407  14328  28416  59481  89402 113390  34742 107327  22393  63963  38930  83143  40669  66242   9534  59546  80291 110872  26122  10970 114759  52284  38805  42062   9599  13377  49992 108260  49590 117903 108307  59782  35932  75682  38670 121686   4883 120078 110054  35962   8652  83769  29215  75693  13586   5632  73399  27403 109841  55104 107929  30554  42990  84832 113523  21555  65246  44241 121918  12730 121079  75672  44863  49658 100797  99122  95699   8536  58856  21245  53668  29927  98085  32910  46938 121083  87760 112867  15568  23681  89830  99185  26436  46541 110539  61185  74270  68887  84363  51181  37431  65885  68241 104964  89860  41309 104694  75461 114345 104817  53963  89498  99062   3079   8619  31826  13572  37855  84424 115524  84312 117910  56845  69571  32944  83877  60563   3103 107122 109675  94364  53417   4115  33522 113578  68731  48091  17766  65042 118486 103940 117796  20652 121676  21305  83229  42590  83316  79111  95951  23139    529  41829  64359  39109  33147  87255  11888  30768  19914  29501  86618 108220  63417  47650  46061   1523  79002 112154  18571  41904  81755  80015  62039  42760  10822  77190  86816   5702 107544  92529  15539  32998 103554  13259   8755  16001  59971  81646  43572 109330  48588  68761  17261  74826  46622 114564  41659  28153 103711 122232  51389  56283 118266  70181  12436  87071   9146  78353 111276  76985  50288  16977  61321  77113  97132  28220  73529  89396  24073 122164   2051  13762  46760 115011 102272 106138  80214  13431  34196  82979  56345  56014 117154  17889 105868  12840  79591 106377  47569  32562  73889  68764  40064  27242  69758  14619 106454  93609  31033  28912  13692  57322 109058   3601  10731  31394  50415  67593
  83091  28336  31748 121988  33497  44575  28509   6805   9839  31379 120691  46500  24182  85026   7285  38716 120698 103710  51063  21668   3925  24990  13728  99582 115144  12540  77041  80359  46773  94934 110571  95733  89933  82107  41536 115438 104381 120661  62595  40266 121379  99947  49878  44378  18700  25764 110900  85735  54571  80536  66913  77964   4206 117279  20215 120608 100407  18289   2185  76936 110808   1758  93302 113849   5892  63267  32246   8488 120377  74544  87970  91640  98173  73987  62227 107427 112296  31699   3685   9813 116752   2616  22838  52362 110094 119478  60267  53832 119519  10413  92585  35832  22556  62035  17176  37269  21366 115054  68879  43684  45914 105266  38190 119940  56722  78722  39881 106588  48712  45571  48733  83879 110390  32880  76056  29223   6341  12683  53705 105949 119713 116679  93077  11889  14532 101904 108438  45811  44983 121532  40280 115377 106198 121857  20404  52147  60520  82551  45291 112351  10909  37377 110879  92958  15292  41818  55064  85611  40447  18522  18755 108006  10137  47338  69587  23638  54499  40515  37526  32455  10144   6489  59603  71802  14165  65724  86140  47870  16221 116733  63405 110899  43076  46808  60271  91995  52866 101284 109113  88738   5949 113765  69716 114910  70412 110495  66041  17510  54986  33737 119845  86572   2833  66279  59054  25104  11481  76720  58232  48675 107419  93895  80535  72262   1427      1  23072   1116  48371  30440 100655 103459  20446 117203  52663  48538  99051 114960  16685  24850  24692  49877 113938  82031  90241  51762  42716   8615  34713  44458  90909  60106  50959  90044  31932 117168 118634 116219  74612  11693   4325  16460 109942 115105   2365  12882  44001  60982  30059  50405  99054  18900  73633  54310  23443  23353  46791  47307 101973  65142  97375 111088  37393  39060  68007  21543   3878  14325  89694  41030  89702   7932  32472  33089  61247 105687 121184  19209  63426 104443 112805 120671  48314  16190  38904  11667  34096  80106 103512  19385  20461  83526 110023  27965  67886  79137  27834 117107 122242  69044 120872  43233  81115  10804 119487  35457  58259  85414 113569  51932  86599  53046  78193  40659 108330   3351  38345  11769  32961  32222  84584  15328  32848  63205  77229  52868  86901  81730  15651  19505 107336  31421 113308  89692  41572  20200  39424 112318  57174  61055  47580  34265 109030   3205  85986  64659  64916  62134  69065  88149
  97412  41186  82761  10617  99656  36169  48836  18931  57594   5799  82718  20480  90776  32664  16692  81944 105016  65701  89124  37453  21027  77263  95651  40291   7901  68304  43448 114295  28001  47416  81731  45753 116312  61241  91078   1033  84843  14910  86165   4003  71209  25908 122275  76868 102364  62274  16698   3173  12983 121561  60789  84899  69023  56152  60575   7159  56480  71040  40033  63867  87512 104795  61298 119095  71657  34657   4118  92849  94953  47017  45982  56352 112483  64169  50753  32765  19368  85448  65995 117664   5996  11313  93840  63058   8600 102384  82893 111922 118085  73284 119028  72881  20584  98486  81532  32043 109324  53063  43942 115379 115166 102754  55799 103339   8955 117967  65860   4279  76624  48084  28417 114657  59207   6302  73697  88300  50465  92100 110138  42965  36664 118377 103839  22955  87846  21724  65953  85402  93161  90468  36922  30260  60548 100774  77849  73134 103781 111945  92404   2297 111255  42070  87142   7320  76595  27099  78487 100326  38717 107200  43434  36419  69822   3382  30056  81748  30709 109404    546  30000  95934 119861  78251  31169  50327  67455  28864   8300  72862  58891  55011   5990  60080  32906  35542  70427  80826  24759  16843   8039  50039  73431   9697  47290  35725  47384  35048  48188 110695  59352 113069  59302  81531  62778  72260  18873  62795 104129  35702  43355 118989 115468 114944    972 101354  78613 122103  64135  54328  31797  19950  98884  92316  89941  70111  49572  30800  11654  24359  26876 114317  40788  31735  59757  74735  66112  77518  69853  61843 103016  26024  71247 114357  49862  24196  61968  49007  39500 109672  81734   6176  27715 101289  30948   6599  87051  49418  77416 114066  51643 101255 112982  87516  81104  14161 113918 111703  38759  54089  96886  36921  20061  43021  66176   7403  48656  50209  88992  88085   8570  83787  97923  48338  94004  15515  45213  75768  54783  29180  43625 109826  55487  77593  68256  20152   1087 104541  97237  16720  47158  44883  80678  17363 115172  36422  42739   1530  60321  87293  55776    875  80000  20549 119605  41807  92254  51505  55743  20398  28164  52294   4686  63427  78988  71770  88307  48017  51187 121711   3296   4447  64496 107628   2807 121804  27338  75071  90355  35010  43018  76154  38749  84658  73854  50596  63371 105943  85630 117128  31654  70019  16902  77422 100846  34596  13474 102724  15796  91516  34340
  76445   3781  54450  67402  57156  85129  16404  87459  97773 104625  76589 109274  22686  95762 106762  74179  32735  59430  44749  78342  30118  92581  23340  23803  30687  30049  61342  13673  90466  28298  21121  52196 102967 116157  27844 102309  82055  86479 109485 116751   1657   1463   9310   3280  77973  83666  60496  80265  84911  78707  43982  54157 119984  49201  69649  95115 104003  34752  57725  89128  99499  14191  29662  93503  53947  60043   4830  49402   2422  76674  27062  39211  90720  61687  34541  41376  35189  33959 114174  91469  61646  84063  44946    795  67722  76581  34831  76118  61651  42955  62806  26802  25767  84481  85360  46107  43696  87467  88922  72564  22847 101257  71003  12753  40238  40422  95388  30401  38435  96868 116468  39218  60366  29361  78127  67838  12529  25081  72764  92067  19007 113204 102258 107329  15794  64529  97416  30234 103352  23739  89528   1246  46950  10199  39687  36784  96655 114036  48853 117310  12844   7422  56212  60905   4120  17743 112258  30161  40288  96319  37856  70662 106433 106338 116156  51165  55926  29661  31458  98434  41966  76238 104022  99625   6977   2671 114807  87853  84356  26312  89969 105509  65895  99589 112848  90127 106541  55740  20865  84628  83348  45644 113380   9777 110684  60842 105589   5318  59601  73396  41264 114543  45767 119951  99642  71155  72284 105622  29311 110960 118248 112246  13030 118769  68984  21232   6215  75755 116038  79442  15881   9631 101055 101397  33882 101646  12236  70737  26149  43670  31383  18486  24136  23826  78073  76093  28841 106979  27431  49293  37718  10344  33400  65997  68927  55499  80232  21789  57685 110431 106473 116542  27419  35950  43753 115363   2316  43159 101983  71730   4091  20084  20338  33308  19510  98895  18897  35419 114101 109521  52861 114900  23388  87461  85268  70040   1245   9196  73508  21157  74809  77781  49444  70477   9954 117016   8664  55741  68744  92940  88105  69423  26164  52567  92633   9149   2801  36110  84537  76407 105761 114527  11819  51850  39179 105388  62183 103656  68197  36119  98588  69330  36691  69746  22366  11723  60205  60581  59298  33831  21613  36685  42943  72724  76196  93530 102385  75288  51347  86415 116370  37532  71725   1184  18448  16764  24769 104394  76234  83529  53767  97800  25201 113206  42828 122446  82204  48883  76231 120368 107046  13161  72480  71707  31222  91823   7369 112299  27315  55422
  85209  57963 108224  45019  15593  88347  63508    464  79884 121158  53805 110245  82287  35103  40870 101671  25981  11014  47996  57689  11001  43304 108149  24657  24550  10771  22221   3625  85269  11729  31724  99120  11989  76258 112112 115078  95539  84432  10126 116293  15973  32112   8780   5659  94991  27499  30389  40840  71387 117079  51376 111068  16406  51781  71185  30539  23408 118583  41697  22605  12290  55903  94648  21382  59101 112414  28349  47328  35212   5187    512   3691  59180   6318  79161  40997  81881   2693  75169 105142  17764 107620  12977  24634  30289  27852  78538  65917  37488 110918    981  84562  36994 101520  13182  41266  85138  45724  68557  74507  51695  59206  68249  15812  99296 113631  63608 108824  39582  54822  49949  34302  98437  83106  58053  78485  19616 114627  88270  44736  53763   7151  11358  24070  63828  68562 112055    273    407  91783  82757 121623  62181  82533  32495 112362  73974 101207  73438  78490 120144  13833  14651  57300  24524  72150 110091  20460 112593  93950  42244  16336  18733  41299  41639  52309  29202  44542  33729    525  49105  29496 113786  61360  70900  46972    862  26998  87061  52919  51799  47767  29258  69604  31307  48691 108519  26518  12245  77471  96164  27649  66465  56315   9005  45792 113052  97827  32832  71923  67928   8131 107763  37929  16624  87400  35398  33771 110744  84435 108730  66461 103203 119336  79021 104279  47673  42437   7239  22903  56920  32202  73367   8929   4286  67267  30708  60459  52410  40319 115220  49424 121458  81296  80240  93720 113854  86486  11728  87399  86084  91769  52306 116351  83494  27336  15481  99352 103018 121298  59723  36340  76925  23531 111470  84459  27930  56627  77472  79212  14798  12738  55665 122262  85407 122439  99651  69114 101236 116084  91428   5530 111816  22387  25193  86208 108565  18140 101622  39365  60446 113955  12649  84611  62330  11516 112905 110715  42816 105180  74034 121493  44870  57831   8826  59719  87297 112576   3516  78575 106195  61022  96487  45542 121241 110443  40211 122182  91064  80601 110132  86965  16171  89367  43604  97444 119657  67308  94819 104453  70507   7251  22284  93851   4348  89027  83851  59056 107601 109310  24360 111151 108254  78471  86015  28299  46686  76162  75067  11979  26364  18584  21267   9828  32091  31749  92452  70004  67712  15584  57427  59000  91608 118325 117658  43189  97244   7273  73018  99225
  44708 105450 115940 109692 106507  82604  28808  80058  23710  18978  47451  26784  15547  10903  74990   1735 102684  81936  63754 101979   4593  70654  11102  90730  70253  82425   7390  28615  51206  54101  76276  32274  74287  13446  57186  26965 120199  74151  10723  46270  69249  55197 100224  31321  61946  12852  50846  23782 103989  68886   4005 100075  57193 101684  67384  97268  33361  23093  49852 106774 110658   5376  94117   2793   7913  15072  55563  57504  18322  63361  23187  91204  24728  60326  51240  14589   1962  12555 119809  13462  17346  83534  26493 102713  65150  78893  14606 116268 116589  24714  56882  27914  98025  39761  62068  90268   9929  52007  31365    326  97613 119805  49284  31326 101093 101664  12339  18223  91232  76487  46327 112451 110635  16640  67031  84982  62123  67418  64736  91943  51848  29309 121164  49916  51452  71594 119170  27859    587 102638  64632  42863  20175  65280  68907  61186  85319  97948   1628  64650 105057  36840  91075  67477   4059  94088  81661  97314  86028  90648 101135  72489  86919  81129  59708  13600  60196  68177  41542  92703 115612  69578 109711  63339  81611  29017  31615  77591  32111  13216  81027 106263  11451 112286  43755 101709  47253  40565  81562 114003  79784  24128  76136  41591  33752  31775 109189  56982  26323  25062  75314  59641  85689  54319  40615  99300  37903 120133   7680  64409   7888  77696  43885  50825 120094  60684   4557  46218   6611  76600  83722 113866  62600    527  56436  18834  20328  79842  23302  93588  96517  26093  91721  14407  17406   7377  89708  70372 119500  92873  72371   6605  87879  48142   7841  26178  57622   5745  22913 108119  83574 115623  97409 108451 104370  87475  86841 115526 118898 113952   1447  79225  32349  96677  56525  19886 104194 104478  98525  65190  13610  23965  20623 116672  13068  18896 107679  76512  32626  10893  70636  23199 100419  35218  48553  82496  20454  63763  94390  37147  83363  12346  38501  59738  66997 119072  72396  77768  49619  70486  20881  37030  75441  90180  21384 104334  95771  57112  76930  85408  57196   6428 113936  27046  96679  28699   8676  42824  66941  11099 101656  81067  42014  78182  40465  37279 118835  61491 112668   5302  30242  97749  76752   9376 119330  36009 113678 108512  29347  73079  31186  95532  94824  22157 109639  51689  76583  87941 101184  21239  65552  70288  17398 106282   1912  97502 122395 103407 109949  93817
  42332  76088  85347 116682 121781  68317   7804  21024  24420  90001 115517  67489  38098 114495  42074  66869   1023  32710  80638  48191 121671  33533  82515  82996 121603  80786  75386  80177  42905   9225  11408  25066  33281 108988  61283  21435  16997  62559  45409   1827  73762  99023  39143  79622  11439   1917  12858  58214  40756  54279  44190  82407  72707  45908 119008  22330  95298 116889  94694  36531  54337 107710 121195  40324 110801  74682   4451  41865  41981  89378  57264  86638  32018  30101  23760  89688 111904   4489  51336  50132  77488  30792  82001  49574  54268   3562 105465  10259  82722  80974  50710 106412   8613  35012  77300 103072  25938  17070   7168  53588   5466  58501  78677  83065 104763  89190  87423  58248  81371 107785  98581  64170  17115  78049  28577  22826 109218  63534  76768   2032  92005   1865  49349 104629   7155  76550  11427  19975 111787  98995  21127  58703  35640 102750  89369  98785  74014  56575  98815 110980  78540  71307  61365  47970  39359 109414  13644 106525  43108  85690  12466  31617  88312  63181  90344   6910 120988  60943  64390  42594  69714 109460  90078  61952  18195  84207  35502  63915  20306  97499 102768  88109 106479  24434 121982  27183  10532  79737 120584   3017  20437  55219  57663   2624  73007  25954  70352  85449  80120  42911  71286  41543 110481  74257  13661  94729  76114  66267  63457  28738  49918 105395  59868    157  76325  90837  61207 109277 109781 114942  80677  30983  75882  30471  44987  35945  47800  19571  30739  37369  34352  94462  59549  65126  90472  68324 119778  66811 102245  15648 104736  97395   9031  84642  31382  54579  85307  91035  18393  46738   2392  79123  83302  76117  65599  20006  94817  25907  69361  82319 103467  70303   2381 121117   1978  59032 120441  57983 105778  39796  21277 114614  35766 113568 121967  41646  82902   2592 117767 102099 104728  30998  71072  26557  72557   4938  66390  34008  13303  75087  11233   3765  18356 101171  24245  61171   8283  49935  56073  79348  81938 105422 119811  35789   1959  63692  65857  27627  18582  67292  49679  13525  35600 117671  90228  90049  43050  57270  34454  15015  14070  34398  32589  72425  49425 103056  40844  31782  88278  40343  31706  21124  81903 106951  28332  62977 118441  29213  31201  93505 121922  49634  65242 110183    757  57103 117142  83462   7186  56598  86082  56498 114132  98684  66547  72808  77409 107980  16405  92647
 117397  11209  32913  30358  94580  86903  60352 109263  64493 100801  45721  12311  10437  36325  18219  33990  46869  23216  16451  60147  15569  69351 116069  95895  13227 103413  91180  22436  93707 102651  67968  98765  85497  87138 117554  77765 113448  22422  29852 117455  19545   2359  86917  68755  30976  95367  95008 105316  88934  21876  57321  26848  19306 104372  56272  58017  45705  93701  33941  70033  47212  40338  29572 122347  48403  45413  66979  69450  53630  61594  44990  12621  82641  75260  26355  38695  76204   3988  20822  70685  34380  21385 109601   5288  55295  41084  14320  75531   3971  68625 107267  77899  95687 113674  95431  89678  86948 113942  32581  54588  90444 118696  81935 103887 115502  51254  28027  17996  31046  74618  23115 118800  67737  95249  88415  10842  12744  93912 118671  39566  54350  10291  23724  40136   9508  91904  46971  35819  24276  82747  11665  82457  21857   6957  14486  18216  67807  66695  98522  21994  55449  79886  56535 118087  23737  61989 103873    112  50299 121407   5391  83134   5037 119475 104729  84944  33266 109410  48289 112327  19927  71214  83735  62841  84688  60131  99087 105434  90671  27646  42054  67178  57982  93246  14536  73613  96068  12421  62460  33815  66990 116323  69562  82785  40380   3816  88058  27811  43000  44633  98777  46092  51561  36306  69616 119388 118870  63663  26386  66773  49410 120659  12890  27787  83746 101708 117687  72983  93339 118396  64897  71082 112798    680 108338  28276 107459  87556  75618 100081  48489  66091  63322 109516  92026 107417  55133  26147   6469  13829  99340  34769  92274  24387  21034 100954  87309  36835   9611  26428 107972  32810  49384  47265   4607  14943 115825 106075  24999  45559  35244  58928 105528   9782  14205  60282  20293  66698  55837  50051 114619  65741  98863  28684   9218 117338  98138  37548  55287  52429  64230  91214  83459   8984  58378  15492  34715  45715  67568  28613  75468  90926   5571  95560   6249 104282  45578  23819   8465  36248  51327  20618 112892  78397 105479  75192 106846 112739  45993  42535  73910  24212  39887  33946  46805  81319  72449  16837  69697  78529  68986  97151  12249  75037  46648  37878  58567  17792  25920  85415  80391  24012  67933  79317  64371  51007  66899  45915  78891  85312  72153  22849 114621  73196  82429  71731  38364 104251  28919 122126  49086 103883  45229 102366 106191  34370  28449  69390 118710  20595
  14722  91265 106835 118982 111582  47581   1276  19879  61255 117943  53261  11385  23386 108111  80309 108920  10886  35285  38322 115813 118444  30728  22607  78804  84010  13981  15892  97504  16172  11453 104709  62867   9897  68953  70616 103881  22060  16418  44230 111468  32747  12367  87180 104476  64207  38848  97950  19129  90165  80312  54062  66777  80046  29500 113719  56451  74951   2214 120630  36895  71718  34285 121022  13949  97054   2725  87704  64027  63511  60590  21794  71722  30838  99616  26569 112139  17055  21507  16725 105718  71129   6339   2538    743  33611  11742  49379  87445   4292 103918 102054 112187  81826  38668 111266   1875  92839   6940  71511  97891  48766  28747   2740 108502  81962  49123  53285  87835  32009  12256  43588 111289  41673  20873  12473   8095  43072  66007  94085  51363  74468 102828  26420  78853  52690  80733  18217  92070  81972  97996 100077  58312  77580 114402  94076 115753  59160  87924 105557  74988  60444 121208  81030 107444  29302  37518  27645  62705  81391  90158  70775  24626 100321   9970  47177  48156 119111  24399    491  35235  15460  63681  24242  96966 100290 107719  93375  92706  96761  45092  59874  32040 121516  97557  25906  44657  82048  61020 101545 122411  83771  59690 108033  44559  53467  75307 114242  51838  93635 107694  60401   2103 119666  47455  71779  79218   6211  50703 106485  17798  80422  65311  16935  65875  38970  81673 116475  41903  96504   5588  73202  63053  66201 104159  85841 104889  79668  76715 113463 105089  91756  51716  72526  15309 102838  14554   4571  39402  88084 104568  59707  42558  86760  28267  69336 122323  10366  41957  99543  42551  64386  39573  97654  99922  11517  34239  65609  72888  26936  83820  87529  61685 109409  81985  15795  70105  12713  48484  68092  12430  78579  74113  54153  48182  23900  61370  67756  71468 114241  27738  60071  60323   1100  26264  85738  68734  35820  99600  59791  15959  23936   1351  43788  76560  91002  86159 113940   7282  63138  23097 102764  88374    282  96731  95040  94217  12060  33956  93250  11765 117138  97242  59798 109076  36849  71847 102523  66659  58451  72228  74473  21531  60930  21928  88849 115995  51935    952  14526  73621  32678  40429  54393  59253  75298  25500  71097  20112  73092  39488  20414   6007    705  73967  11317  72267 108852  67126  19105  30267  62971  57927  44050  76961  88678  29873  37837  55459  40638 113747
   4924 117882 113903  32898  14436   2112  31683 121502  97791  51587  72335 120907   3891  81073  43170  51666  37427 118736  55883  34806  63226   8551  85288  68326  41330  31231  25390  39251  97626  22180  87192  76890  66380 105473 101519  70625  50570  46154  50964  35942  76580  53179  84896  59476   5790  54888  49193 108781  38326  71922  52396  25618 117701  31820  24786  38786  43807  23146  26238  74130  66260  54190  63583  23530  94256   4360 108733  93740 116753  10614  56160  63333  18084  79593 114832  62021 105008  37375  11836  10065 102991  23675 117355  37132  64254  57944 106320  33571  52374  80270 106094  28672  29221  72305  34975   3261  95263 100921 107836  79089  91509  15235 120111  49767  59025 103945 119863  36671  81467 114059  86552  65782  14158  97204  69322   6478  99025  58414  81912  12142  82636  31048  62107  64930  86592 117116  91408  40262 100564  49820 106323  38671 115014  49479   8662  73188  26206 120171  43157  51136  35234  52030 113484  32310  99595 120440  31208  15324  77604  30813  32459  50975  87134  85632  46467    489 117561 107687  75188  49766  49454  55443  34786  46320  25113   1519   2356  52549  18984   6097  51419  80650  63411   9870  96015  76716  25970  52669  36520 102035  68170  35037 107089  88869  64741  98576  34929  53707  53378 107385  30037  14897  95163  78600 101253  19748  13157  20719 104208 107847  85186  28962 118497  54090   6938  41726  56872  51391 110536  57606  87152  59078    822  51255  12438  39351  45832  83682  39676 113672 109215  33127 107530 118011  44453  32742  15510  56185  28583  17112 111393  37180  94807  13351  17500  27688 122213   9908  19554  89806 119685  20856    826  31393  39559  20778  58692 111167 101414  63530  46396  24797  46728  90893  79424  86952  98996  10375  66782  69605  76677  54494   6399  89353 103845  67332 109697  77157  24720  44345 119836 106144  31674 112604  68934  74141  47012  94509   9418   7113   5327  90691 119495  33949  75075  42867   9034  61369  24311  87149  40185 121513  97107   3815 120764  40146  39294 104256 117221  47305  20833  48649  21168  45919  45238 106260  89220 113432  83836  82517   5415 119914  85894  76960  42983 105102 117223  25329  40942  58715 107096  17817   3240  34612 114833  52207 113534  33531  52274  57298 120798  29833 107584  18791  63521  60728  25453  83394  60519  34226 118157  47287  55537  43196  31760   9518  93783  95941 116544  93394
  64944 106193 121071   7141  19312 115491  38065  81686 104484  31666  20036 112292 100967  12517  44314   3787  73291  14918  44471 114320  60249  59016  22719 102731  49881   4101  75311  96244  28531 119108 122052  32249  26438  79634  28443 120170 118295 104773  63382  81979  67718  64104  10196  44450 101256  74338  90473 102195  30002  93368  73229   2193  10594  58401  52581  48670 115098  49311   8530   5398 100281  61462 121480 112949  74385 107924 103065  66596  73024  77539  78001 108016  50146   6896  61465 104838  82493  12792  61667  42992  98319  12646  96143  77847 120965  28270  67206  10696  11263  54685  81838 105815  59739  64329  81149  79998  37669  49388  88716  56846  13285 122043  10705  77110  59845  38995  94028  29517  11134   5522  28716 110559  86528  13414  74091  99311  37187  66463  50730  20471  17065  71047 103054  35981  53452  73993  78929  74885 103333  43913  46531  15143  49014   7674  57188   2543 107014  50919  81796  38880  77348   7312  99351 107657  57711  96884  82568  86136 111555  22344   8062  87334  62452   4672  98584  83842  49657  83618  66420  93066  30412  77212  34350  83713  23368   4795  51284 113768  79384  82122  41616  66577   4086   2415 110696   5643  53144 102197  53589  74807  30546  24723  66240  29972  50025   6561  91402  61092  16967 111055  85636 103334 120942  48764  84070  92941  45750 117741  33326  46256  40883  24007  54074  40690  11731  79991  46962  14477  50318 118873  11183  35056  26878 107633  29420 109501 110719  42783  51243 121261   4809  95304  14344  98091 107441  55166  83559  95871 109979 115953  27716  86224  74609  29428  57800  81616 118981  86100  51553  95756  73834  14006  22256  15007  86286  56893  18040  13988 115749  82903 112242  43587 109103  33538  10475  81959  48008   3306   3791  28798  65218  52528  94154  87947   9721  14950 109573  19286  91438  27635  92587 117585  77015  21383  69881  17661 114526   3140 122244  63143  87393  65226 107550  70127  85751   2594   2915   7428   9380  46374  39014   4565  45687  15106  80944  96262  37940  39904  95403  88092  52298  37536  87062  82344  97859  25261 117707  26933  19010  23143  44884  59779 110130 116363  27312   7262  82892  87944 119162  65073  59801 109651  95794  83056   3370  91177 119956  60283  32896  47031   2768 119702 100123  18425 102387  79685  14469  29981  12651  22571  22672  67016  34499  85916 100233  61809  46019  37447 115634  48660
  77365  94556  45422  93404  47546  65678  38996  37791  27719  21176   5268  96518  90532  46462 102745  39348  10290  37726   1356  53396  10663  98683  35977  36087  42154  57942  67021  61470  18712  50543  23413 114323 105330 115532  59839  80891   9368  37535 106642  24767  35471  40325  44062  58245 103186  19984  21651  16915  36622  32863     84  74489  13908  67389  88530   8409  96303  23876  66817   1108  65130   7874  16797  28003 103347  98566  70404 114830  98168  97287  67324  48976  86904  29120 102895  28381 114088 120436   7306  89952   5132 103254 114816  76316 110534  47876 103062  89471  58754  41669  80344 119953  14920 120293  10336  94952  26335 102460  46777  46584   8497  90976  36058  78999  10797   8437  29844   5144  27762   7593 109162 119247 110432    577  40377 106085  74827  94238  52849  30533  52213  55072  50175  92033  25857  63003  70213 102645  53224  91017  19187  12053  53750  44000  58954 121895  23475 110638   9998  34320  60871   6503  76717  27148  36403  23167 102130  84941  15549   7133  73327 110831  54233  59263  93277  15987 113868  40854  10487  89562  37680  18647  58740 104026  15218  79603  76334  63525 116231 113072  30697  88099  28063  39763  72539  15077 101349  44503 106709  89723  71860   6933  73135 115665  27634  16267  74482  12322  72599  45443  53470  10082  28502  26260  88804  67395  50276  77640  73718  94845  46443  82929  95340  95509  29092  66193 109140 117112 105638  99034  75388  20814  23695 111179  82201  69825  90290 104328  39421  48729  97318 111919 104992  87296  84180   1737  69468  66124   9743  94107  35395 115400  96148  99847   8355  74138   1303 100734  26860  10948  71173  41604  84558  99663  90873  19487  43437 110874  60127  13228   4316  86377 107142 117337  50135 106224  64053  81997  48183  98052  70054  72094  33656 119663 112551  17763  95880  16872  33005  13423   3869  91581  46429  23824 119301 120233  96075  32089  18021 100614  54466  29466 103490   3678  13272  40967 121701  28408  89436  47293  41514  28979  28356  82549  83350   7536  52020  68878  41977  58648 118018  93070  10605  95572  18779  59830  52600  32008  84128 114335 110870   2464  96814 120383  32967 108952  73644 103755 109815  17194  99326  51875  81280 110221  23823  32759  57414   4271 104058  14444  50648  99772  16784  40168  54749 108048  52465  92104 113371 112530  53961  44789 120323  78211  65356     68  63386  28960 115351  95838
 102329  53258  69924 120297   9769  25274  42554   9941  48398   5572  74368  82843   4825  12366  61479  37320  66664  19006  97163  22357  73190  40718 107641  18035   7984  16342  23541 119234  59408  23099  18800  12732  63187  47665  39017  17672   6072 105741  31474 116577  19341  50004  95690  55716  24048 100253  34787  59313  55654  13555  41644  39973  56202 117898  59721  72816  24768  16122  18370  21270 101420 119529 121729   6170  67330 122293  23262  15697  68996   3805  33348  41340   5241  19096  97639  58249  30658  31363  44452  68243 113809   5889   8251  90728  61525  63337  80746  41605  86834  89818 109851  95499  34565  38666  62335  76200 105163  56697 118954 107948  94457   8783  95209  80715  97264  90607  64066  27110  96233  54771 118088 115067  86639   9287  50334  60624   1862 120985 105343  33103  88717  91382  83747  59995  84760 117556  98660  20551  30943 115049 104739  93001  29272  26823  74723 101498  74067  70492  35372  66844  99626  47239  69576   9101  97303  59205  90681  21674 107518 104628   5003  95141 115104 104074 114604  63263  19619 121160  51342  48995 109622  59403  39435  96621  88398  87101  83107  31360  91653 102799 117103  68660  86738 111594  99022   3137  39650  83585  21823 119204 119648   5015  49067  21680  29905  98313 108078 111649  75049   3757  21216  21002  99761  20238    137  61999  86051  13079  94669  47283  54961  97022  60834  22000  35416 118925   2410  96278  94414  73629  39534  45027  70846  27489  92387  72342  99183   2850 117101  38664  41944   1308  72880  96496  40576 116241 110308 113103  85110  40784  79502  84223 120115 107125  18889 100337  79030  25834   9906  68022  79975 100088  40110  42730  11500  41495  27470  64542  90500 111820  55147  88021  18781  43221  74806  22630  27824  86838  54606  97726  20624  18921 103395  87267  18108   6984  20047  96577 102894  91118  81745  40618   5764 112866  29211   1907  85177  11474  68208  71090  59272 114165 112244  21535  39223  10203  62198  51028 120119   6464 102656  16446 112356 114076  97707  16013   2848   9327  47750  52279  66265 118633  96968  97532  66542  94340   5444  47902  55318  78914  13608  16260  68400  82049  24474  69542  86587  30549 101159  84430   2572  17635  29456  80131  17229   6565  90218  61495  42542  84020 102211  36923  87506  59630  36736  90419 110792  83236  13467  40557 103683 106673  82992  71220  64492  16178   4577   5453  49244  69662
  80242  77037 120906  40810  82452  53867  88925  70284  29484  26175  46606    805  29400  38471 120735 118350 102494  18711  81398  13165 108291   9581 121375  15811  59089    878  11622  44114  37182  72731  36662  22409 107487  95303 111238  13662 110929 117111  71299   6869  26803    521  34644  90514  52506  21339  60098 112093  83641  47959  65362  72152 116067   5480 118047  89932  95049  87457  36136  94171  83680   9364  68053 103112  46885  96803  43944  42681   6308  36806  82854  66259 119172 112703 103557  45672  99680  33137  56647 117865 116008  80780 108942  55408  26393  12182  77379  25818  84421 109333 110948  18416  95345  43691  51462 115434 119068 118164  38231  23352 113015  87157  62373  72052  79052  46967  34362  65784  17270  26857  18037  79789  28194 104719  33518  14376  78095  74577 120251  79022 109398  84052   5797 117256 121613  15843  28384 114189  43888  36182  87607  53140  65196 103037  84876  99376  57064 119987  14880  75869  65656  97072   6567  26334  40771  60468  60611  40066  32606  10592  16857 110897  40636  69433  82733  84225  96156  78322 107493 103993  84867  38654  26440  39403  24801  15893   8086  93308  18617 117915 111563  66058  43883  33939  34833  90060  16570  44015  21940  94557 101205  26375 108955   9522  38681  10619  11397  16563  90586 106301  85791   5349  15573 117542  10472  98743  55509  54009   2175  13154  36057  17669 114048  45772  40740  78549  97920  58429  57162  63448  32981   1252   2177 119132  14799  31773  98639  62591  86234  36008  25172 106763 112123   3394  17883   5818  97336 118555  16667  81896  49421  72394  80261   2520 117186  90088  58275  33226 118500  14078 109483  91234  44890 105247  20783  24579  11221  13493  20934 122387 118939  61397  79714  19623  69305 113460  37989  95099 107209  59243   7676  85473  90172  55114   9057  40530  36394  75477  48746   4648  40935  49312  16184 118606 117610  80125 100700  82503   3384  53440 112555   1318  43560  75833  90226  15608  38502 113345 118451  84631  86568  12510  46129   6487  91744   8698  95028  68965  30409  22749  19361  50887  96492  60429  71882  87955  92642  66134  38585  11273  88774  45527  26462  23429   9834  92296  71313  11508  98109   7035  89028  86240 107404  56825  63982    159 114160  24127  96241  29098  80274 105161  45507   1217  68791 111481  78313 102097  48898 122336  73702  35900  48461  49211  88824   1531  99042  81907  20259  76605
   1283  32995   1911  22717  22192  42112  96212  32577  25120  71255 109047  61024 115971  44442  78276  12116 102790 119013 107402  51253  86232  75279  10220  80945  82823  11694  81372  67014 104912  89879  57461  71583  66829 118306   2993  85992  12376 103001 115891  96824  68485  77511  61799  37589  98674  89608  36027 117724  25160   4594  40492  17246  66191  72575  80519  52573 114355 101528  89978 114230  13733  41625  80401  15624  39873  16320  28749 101605  11072   1677  51797 105269  56963 102903  73527 103346  53619  89360  86243   9762  53456   6270  99601  26584  95234  24473 113426  49415   2753 114782  18801  15646 104439  12810 120905  62362  28588  54274  67496  70860 101993  26079  36449  85931  34011  55946  64899  30851  87083  56763   4769  10068  58536 103122  90200 109775  93046  28505  18256  31110 117965  17190  95460  86293  86608 120569 116455  12645  69779  23365 121546 106610  85605  14221  20161  68219  58130  54191 104132  34872   8611  47174  18459  30572  26726  36543  74916 110750  83744 108610 116854  45250 105966   9890  29546  37446  63008  18145  63785  78971  31969  15140  76264  12444  87179  18718  92367  47320  27042 114777 122309  80981  68741  36913  48196   1151  48816  72826  99353  28969  43805 110999   1156  61789 108163   3886  85627  80839  74006 113147  12693  84854  57170  13626 105004  58622 104223  30466 111572  55529  83405  31289  36284  88730  85446  86609  49474  87969  94754    806  93412  67162  82714  56796  18524  52057  45352 112786 119576  17023  86456 117937  43209  19014  77044  72656  68314  56838 112197  14641  19730 104952 121627   9847  93676  12043  83127 103802   5603 106310 117461  53826  77923 118593 100201  70318  24205  19098  53931 108178   7987  98267  23560  42593  77644    980  30931  76737  91804  82450  30372  52940    415  66576 119370 115304  89460  48692  56564  91928  21021  27389  35021  35910   6022   8936  13950  41569  67716  10092  91831  59037  29158 110500  35247  27277  36277  96145 120124  14059 115806  55315 121956  80518  25162  52472 106768   8928 112124  98403 104934  93685  57299 121331  13984  52701  57511  25804  42820  19207 101867  71715  36441  52970  13496  60058 108301  75810  55955  61655  71491  85440  67268  79193  44301  67093  44960  51863   8809  25985  86252  86540  20994  47419  49327  25093  90267  55504 110937  33928  31864   4618  69173  71376  94172   3591  26099  81453  75297  78732
  82259 104961 102299 107676  10240 117887  75135  57386   6791  56062  88744  75606   5190 113386  50886  29556  97927  81627  99333 100693  96561  55970   6076  78654  11698  27956  47432 121204  59070 121330  94451  71021  94308  96695  39909  53062  29188 112180 115595  15609  43773  47657 116143  20357  57039  87366  26345  39390  66996  42937  89531  16517 104315  46601  60065  20951  72481  20735  24609  61638  46038  71232 114552  26538 106996  19856  81193  51316  65813  80406 101502  66017  18205  87205  68282  46115  16214  63943  14803  13018  10798  94550  36499  13996  66724  88819  31768  76570  19456  63199  44112  40631  16095  25159  16652   5203  89869  35155  37366  78268  79156  89476  44465 119989  19110  51349 100018  25738  96347  64802  80570   6592  48885  11166  91242  69251  20456 118853  13247   7299  48579  49001  36213  26959  65023  98622 117131  70428  65890  51899   6293  68513  22885  22541   7759 101456  41087  55438  60355  28161  57378  60470  90154  34649   2542  79215  79003 121903  95485  31323  34813   1449 115327  16489 109029  90861  22188  90767   7013 100121  14524  87273  97396  64457  62665   4111  70455  65699  80748  93735  26458  90213  55517 115892 120813  86658  15889  32178  59957  44713  40571  93318  61682 103444  81639  23607  81606  16942  81563 104678  98975  47185  60301  34621  86831  60630  48697 118213  31940   1325  79560  80491  69019  36570  78568 115536 119916  79337  36528  18827 121920 121740  65252  87353  84387 114974  16896  31034  49731  68202  63841  44820  29971  18189  18719  85943  49863 104138  67760  16930  83189 121962 117743 104986  68692  24503  94727  57325  98087  22910  44909  47201  30858    627 100544  62519 117565  96657 111186  71356  21304  70192  47708  92664  66343  53680  92931  14862  15836  19940  91605 106015 115744  70568 103211  75504  30196  14638  20142  85140  38610  34958  62517   6677  71011  10403   2170  31198  59599  13212  59120  67643  58380  84507  61674 107245  53037  88373  96315  30524 115344  28386  21145  81132  59381  32422  63023 104491  92330  78058 100686  76472 105525  48023  53626  93713 118520 104288  30269  47550  48006  40127  88554 117944 121000  15260   2503  89764  66939  54884   6615  14156 119045  30593  39448  87837 111734  22434  39518  44362  40937  10697  84993  70466  38061  45735  86003  78908  50885  48399  62750  25948 110144  19987 103484 113193  23883  32699  17376 122329
  73917  61135  89188  43996  10638  95232  32801 106004  26286  14228  75333 113244 120299 107163 110413 119140  84758  46364  40582  49298 112837  16220  99522   8267  15977  24612   7796  29427 119848  39550  70116   1753  42651  12770  10878  21424  81152  72700  83446  47021  94010  96552  81017  30223  47040  32154  53443  58989  80726   1770  70733  39745   4105 108596 105341   4413  67736  58582  65345 105656  72084  99220  64216  90019  99084 110320  55404  23672  93170  36269  31309  52623 111786 121917  85361  89647  13037  73221  22163  15369  78976  99349  50230 112495 111896 102071  51755  59102  53739  58586  35344 104309  41045  92453  66630 102373  84465  95044  65500  34336  93922  99984  36206 101340 112983  57851  74029  48153  70370  37636   2560  90010  15439  93477  96720  92379  21914  43562  99775   9079   8549  23067 106360  52048  33844  46141  12413  56993  56607  94297 119506 121316  85481  36742  54092  21633 106494  38993  23121  68231 115173  11849  95650  17342 100472  53517   1324 111507  68502  69629 116283  31427  60191  68940  26106 111444  64511  53158   7921 108589  13607  69252   9019 110161 121575 102675  80087  10760  39640  61990  18415  49752   2034 100798   9008  49849 119224   8903  53020  65395  20799  17392  59731  93642  83219 111990  12774  25232  13776  64764  48962  85825  84681    808  56808  36360  46653  93455   4463   9055  37400  87456 120137    594  19800  50410  74135  44029  80521  55893  32433  70062  54254  30460 115355 104975  84130  66392  83506 116082  29183  55407  64862  94885  69560  56236  13138  87672  84168 114134  37383  80892  88247  47333 102984  73569  13077  99056 109524  67470  32764  92911  72747  60521  22608   8665  18403 119865 116603  71147  11389  54427 112506    565  47577  78068  34045  32688  22297  98694  81658 113683  45575  95400  51738  66039   3083 102774    441  79504  62862 107401   4610 108831  44077 110765  89210  62058  58872 111428  97209  68210  66269  78404  34842  38454  24754  52276  43948 116122  75952  65198  17878 110540 108495  34807  65945 107709   4239  84342  59835  83374 100837  20146  17017  46275  76213  74050 108740  60451  36702  56137  15555  38182  20990  18248  95956  85062  55657  33680 101043  92319  56533   4137  26574  11228  47522  80880 103337  13310 109523  18436 103272  18382  42727  76660   5012 116140  47365  29702   2698  56422  60278  37814  32523  20642  17918 113180  82155  59784
  61361  37094  46066 100127  11692   4955  91909  21332    243   4201  58877  81266  54933 105691  43035  32408  52604 105171  72836  98699  55624  42310  17150  75973  70417 106205  50116   9724  54032  94536  46607  12558  17139  82304   9017 119744  61501 104277  20039  44521  82331  94698  49788  64489  58295 100348  64206   1109  84061  66887  92454 114490 103943  98277  38154 115352  64745  79870  84266 103098  37361  26596 105867  85517  76976  75871  26827  15513  35660   3338  14301  29911  16262  97179  67993  93818  65844  19721   2891  65601 109014  90773  82544  25637  12614  96204  23762  18320  98802   8726 122145  75855  23425  72299  74984  33301  86098  80824  57658   2027 120456 112412  43931  96352  73712  11876  84246  94825  18505 112146   7650  52240 105666 116109  54793   6324  86777 107147  76902  75456  84827  17797  12464   7587  77188  38838  81764 110102  73770 106980  66652  85769  21432  36151  74262  71320  14288  88283  46992  97503  89110   6797 101606  64344  69926  62827 106660  62043  60092  93081 115559   1547  99909  34620  58455  53198  40217  11955  50376  65610 116479  10190  44495  98451  87392   1358  27172 113145  60793  93562  23326  15826  95206  58829 104522  88685  50452  14292  60075 110373  61552  56631  49981  99444  53117  97203  77722   3470  76719  47195  35197  98065 109442  22189  21303  71548  36838  30065   4778  72549   2496 111618 105006  19313  75619  16377   5566 119510   1239  73280   9058 109147  83391  44277   4231 100421  38247 105871  98701  20354    402  65529 111726  47421  49480 116341  40871  79885  83590  35865 120198 100382  91747 101927  30307 111114  98860  90901  71257  10197  57569  48608 109290 108002  99471  62168  11521  71740  86615 101740  27169   5330 120399  14534  36686   2492  84840 122437  83339  94549 101722 113889  32127  49676  89554  68933  23802 109096  72697  59184  56592  62989  16788   5146  24077  48555  29550  53347  69517 105838  82492 106367  70598  39544  97643  10322  11268   6750  79330  82144  65969  46710   6954  16833  28156  80818    816  82357  25167  66241  95214  97717  88669  11534  64473  97235  28756  18210   5781  57265  77473  54979  79898 116584  58660 113966  47482  83358  60332 106611  39506  34664  62113  67856  27222 107202  53337 120116  32289  50392  62085 106318  77225  16661  10655  45164  16893  21899  57770  34426  30972  97816  46660  63831   5456 100735 114266  61104 117991  24804
  82815 121538  45852 119033  70138  16925  34987  47271  59214  99792   1761  58239  54721   3087  65045  33668  72616  53090  97498   7844 109401 101919 101278  84161  11580  88063 101123  30050  12543  15661  20643  26740  81674  32740  13559 108904 104211  68806 100173  77056  69918  18549 119450  96813  31011  56632  50187  95337  44271  49486  49278   9086 106723  67785 106856 107751  38952  38690  44303   2856  78623  91406  82221  68368  29294  58483  84195  49866 110237 104704 109936 108180  96940  76729  45837   4860 113777  16644   8139  43173  93190  21454  71236  61197  56971 113435  94850  66270  32105  85645  73112  50666  86420  76321  52390  78795  41714  87613  83353  66586  79183  88954  23827  19613  80346 102285  98679  39667  90760  57336  90697  12539  84198 104338  12109  24278   9600  45246   6400  32236  63393  62881  68495  79260 104149  25237  69331  87813  79671  84916  35482  35147  24258  32573   7821  70862 104807   8681  67981  72905   1321  63846  11708  59014   5499  17428  12050  23382  31177  31547  62416  20090  67235  51182  77649  40142   5473  59856  43368  32892 114596 121506 104757  72725 109580 107257  63978 116119  33367  82804  11633  61686  78894  69102 117170  55388 117533  96815  73541  83809  72984  15820 116635 101477  39487  93171   1289  57060  10381  30321  93283  52337  37044 108657   9663 113843  98952  49015   9884  59080  26296 109975  86544  70643  17656   5120  37541  60443  53576  20248 104317  46026  22461 119458  81898 106492  64082  74361  28945 105149  71113 103204   3574  96405  24686  66835  76948   7667  29658  97615  94970 117450 122475   5092  27722  97873 101339    781    533  66916  58040  26460  36770  37449  18254 108198  45725 106295  59440  85694  96341 117235   9409  14110  32902 108005   5194  19982  71546  12928  71702  68393   4157 115931  18821   7094 112712 103424  51976   5947   2804 103441 111933  99065  75490 115742  45616  16376  70721  38241  55237  94481  35118 100689  47814  55710   6248  21335  58625  80559   3181 119857  38444  88641 118140  69120  36715  38547  45102  11653 110343  26275   3272 108270  58887  84769  70074 104997  93659  27164  62575  44072  10134  74610  92141  64697  46877 108993 121706 119384  22798 116286 117559 101419  32599  78902    802  79149  43440  50056  69353  46235  17097  22132  61131  38113 112186  88390  54306  18012  96191  75751  27213  42128  36163  88599 116909 105542  41078  34211
  20516   3039  14094 111603  74959 120871  73137  30731  64544  47788 104683  44901  44683  28483  70864 106943  83338 111679  17938   4937  20416    405  60645  89965  70327   2437 107957  76822  93695  87032  84474  49239  18930  63148 101859  47494  66138  16622  78233  85390  32148  75231  13991   9658  38772  14681  99479  93178  74132  27661  13137  78536  75943  76116  82217 121663  65499  76496 114157  16139  69720 102550  42295  36861  31209  51718  89993  93757  77160  92432  48654    696  96938  77770 101879  21878  93097  36667  14259  70560   4753  92082  47735  87448   5412 104027  89849  15597 118450  95818  32429 102325  37897  29122 120892  86031 100412  52446  76241  70925  51088  93655  56801  29863  45947 109946  90658  63051 111982  10302  94428   9032  37454 109772   8112  79661 100120  25252  38646  88857  59608  34910 105885  25185 108500 121854  11647  40060  64887  84817   8216  23234  77627 106948    793  83730  18944  61341  68835  61879 118292  45476 118613  61266  23860  30796 105735  27077  79824 101071 102725  14542  67412  96776 111841  11916  95085  18608  65858  76433  93534  80408  19477 102591  42397  88532  44651  63342  19851  77678  32949  25772  54972  25722  39982  32968  78057  40154  95705  45361 109891  48294  56059  15720  66977 118698   1707   1170  65419  65876  78302 114533  71049 121327 111551  55245  12292  49855  52190  37493  27891  98462  47256  31715  98877 103627  70998  21105  27568  12126  79302 106770   5954  62243  81337  34053  44206  86998  94019  60708  35948  12500  12216  49864   9444 114493  36290 112444  71187 103253  13856   8975  18408 103572  96076  78202  28137  14382  53982 121323   2672   4466  46046  95363  66034  56972  77446 101199  43877  56357  79849  71878  83387  96798 111518  60901  38105  99058  65305  45161  88235  58288  77621   1255  47183  47848  52590  73748  40144 100731 114274  89441  99825  69308  81754  81621   5429 108216 118278  54492  23815  26207  54690  93111  29557  83979 118790 114976  62191 103847  25910  88602  55283  43061  96743  46144 120008  62046 101578  53587  12535  81710  72141  35084  34184  70379   3368  56197  74603  81640 110150  71528 105138  10315  25698  16407 102782  45637  10207  22457 118110  89080  26671 110209  71976  62742  24071  74650  11657  34027   2862 106011  66830  20836  71188  48055 106581  11829  82610   3556  73328  34055  86569  83273  71084  50946  13520  20982  36926    455
  24391 111521  12572  53577  21337  98398   7355  65838  99983  57912   1872  50850  90842 117305  73254   3198   8368  69703 106927  42780  24894  46647  94944 117650  24397  34064 118280 101723  99489  75529  62167  87278  37853  96194   1200  98503 107835  19532  51933  45519  26232  22443 115053   5476  25389  55506  17738  54577  85594  37414  12045  28659  47191  50788  16730  18038 119909  72467  63533  15250  88159  15381  76826 103081 102875  18982  39688  89033 113935  81587  93606  60561 117150   7179  59652  41490  62371  28784  70058  50871 100905  32669  63389  31508  43469  89092  23118  13398 108710  80302  96023  48143 121273  49279 118884   9257  41173  13236  85911 107939  63912 107776  13492 117178 112932  27574  51147  21617  28265 103872 122106  70128   5849 109540  96322 100719 102766  65243  50369   3694 122223  44514  52345  58664   1377  14480  89940 115564  21500  69057  67930  70858  62376 109461   3110  77323 110718 106194  52897   5468  78424 110572   7382  38295  27612   1208 118327 116072  13347  53552  56739  18005  17881 119955   7351  39728  96848   1894   8808  35512   6748  77023  47468 100246   7232  28326 111854  56481    356  98209  19124  15390  51429  51144   1251 116044  79447    426  52077  57554  77308    945 115025  77223   3484  23380  86474  73565  34858 109407  50265  37335  33076  90329  89411  76389  23060  14854 117386  77433  81432  98238  78089  49115  34561 114508   1384 110728  15498  19976  93802   4472 122270  87222 111837  69105  13999    739  44040  95305 104708  73239 115440  77296 110288  75908 112257  95489 100403  70049  14461  61577   1993  18946  11432  60661  34917 116207  87300  40684  21560  56879  56616 120043  74397  46914  29548  52772 106228  80987  78292  82409  43563   7229 121211  75883  51966 105106  18268 107405  27636  27171  38067   1792   3876  52923 118116  15412  37042  75401  59338  66728  59620  96292   5717  79854  18623 114277 118655  27611   5063  88289  62685  15187 112229 106070  65962  78587  19030  44080 105021  84960   7878  15695  76224 113548  34108 107788  68341  36112 113790  57307  10324  58368  76623   8063   4542 101853  33802  98348  47822  37009 101490  27416  78036  45702  47261   2158  51370 120552  82692  16301 115804 115707 114990  19815  79782  45190 122077  60838  88794  90925 105270 118927  84945 106375  90325  97400  84599    399 121495  34193  66453   3632  67758  29612  88026 116392  37540 112083
  20213 117492 102641  77643  22277  19053  46691 121118  84321  53722  22459   7095  13055  23398 111240  32933  80538  13877 118739  10147  95356  91230  47525  30121   2223 108817 113635  26423  71935 112855  34010  90335  83625  76728  36863  62279  27311  54417  90616   6676 111451 101638     14  64622  53784  87681   4523 118929  15074   6416  36551  60715  34728  76854  80931  96647  95725  14011  55802   6475  46321  43654  87767  32847 119058  18625 110603 116364  39737  67854  93034 101749  63271  72105 100583  51427 102804  58210  24018 106624  84087  16018  81519  63001  93569  36707 118138 112967  18752 101483  34714 120027  25168  81829  53015 107934  97667  70396  44355  11818 110441 111231  78226 119877  46136  37413   2918  73138  35074  49268  81960 113993  38849   2408  10683  76859  16846  34200   9475  68657  79644  47840  88962 120501  75269  20483  48500  19798  16089  63863  79775 110319  39252  28718  52483  90764  68894  16275  57756  57260  78184  76341 115467 118975  42567 108770  50853  49895  43935 103902 101224  12551  15710  95274  73814  82188   5387   7609  86006 114560  82628  81363  59145  29471  96626 122205  44563  95616 109237  59519  84639 101620  13197  62372  48472  34483  76040  13468   2861  66928  25988  48059  69823  71337  12765  54630  84369  29933  58348  60089  81647 111753  44113  94524  98093  10430  98329 109689  77577  43683  38007  23580  93053  72277  21872  17350  53273  13540 106698  88150  37499   5525  60336 109017  54595   1168  82788  83030  36147  36553  55142  35633  43861  79224 109978  66355   9795  12755  50030  32640  82530  43088  34003  56253  57358  60889 117726 117673 101982  74337  71596  64975  32790  72664   7334 119110  48941    812 102722  56878  20585  40042   1112 107778 109231  37603   8097 105051  58633  72051  75818   9801  14422 111486  72790  70727   6917  54405  97139   8324  67872 118580  20418 100442  88509 100833  35864  36672   8909 111409  55596  84079  39830  36660 120987 112173 100475  15318  89307  18783  32767  64102  97821  71580  24082  21721  40375  18222  28202 105682    971  35355  29847   6604  53686  39443 119255  54262  48803   9473  94771  88932 103191 103510  89736 115387   3538  45728  12784  16419  75666  38633   8500  63937  95667 117071  72973  45803 120767  38740  84053  98928  92997   2026  60546  26672  20282  48248 114293  36362 119040 107032 101379   3297  23092  50349  47257  74898  99288 108407
  41666  98917 112164  89657 120504 103963   9711  10874  45430  23086   3467    790 110152  71555  46146 113438  35101  41733 112057  11008  93148 104937  75451   9668 121178  60463  19038 105597 119335   6407  16887  22993  41172  66567  35316   9430  76657   8237  54357 120808  13411  44771  90069  52081  56426  93011 103546  80717 117333  31480  32653  27782  83412  50120  27020  28246  22339  92641  10819  71194  18344  87751   7031  85289  28885   9648  10690  31884  46755  10554  90152 107789  64613  51467  65322  80825   6420  82566 101634  75578  45515  54782  55411  40342  26031  54131  90832 106016  51962  91718  27089 115493 117594 109166  33224  61819  10284  56992 100466 116831    924  66517  13075  43799  98447 120793  44581 110117 110266  96665  76935 100134  20900  56285   8164 105975  20505  71787  99164  98516  66171 106665  24350  18269  61829  73187  14953  24435   8756  69350 121109  79267  39788   8003 100708  62135  92597  59297  94868  35916 121585  98037  86110 108830  75492 107448  49798  49276  51818  87189 116345  41851  10305 102944  20766 110859   2727  59500  83699  27855  17512  66853  90465  70573  19530  75806 102989   8728  73140 103221  81093  65871 100578  46027  42109  76232   8478   2849  36371   3177  41144  16821  55733  61957  25846   5589  94559 114029  12932  58893  60100  51407   1995 113362  92761  27440  17641  90543  98686 104896 115523 107682 119917  80952  58341  29676  52834  27901  50533  22232  73682  62007 117787  23535  96495  52543  15199 121434  72665  59899 105547   1063 117263  67796  65304  73689 107356  41008  91837  33759   6779  81865  28713  35737  41636  78926     59  74620  49088  45703  73721  85754  38459  93715  25011  48364  68433  62051  10098  30958  48615 103171  83966  68890 116385  26887  38421  78272  27184 104859  79962  33101  84378   6247  38552  45368  63736  96413   4791 104783 112371  40670  46147  45951 105654  25590  87732   2052   8436 116930  45670  96825 122258 116840 101059  60790  39307  83367   6877 121319    316  51293   1381  33483  99738  56339  61239  39164 120371  66601 120353  13682  53859  58352  42657  31591  64200  47245 113405  51137  47903 112431  51780  13816  10477  86941 103591  88615  83175  39319  11878  18904 118269 105166  79197  88439  80062   9824  35794 107017  24053 108838  56336 111262 112732  15371  84802 112384   1990  24429  20695   4340 101531 112189  49962  53557 115543  47694   7402  65983
  58250  48998 118862  14811  32346  44691  46975  12343  18116    322   8585   2114  66834  22386  87100  82227  71130 105449 117421  53821  45115  52047  57674  58968  32432  69425  86865  67401  89576  58888 109445  16116  62972  53101  32033 120805  42448   5450  43319  98546  28953 120256   3479  95180  73715 108575  53662  16610  18276  20299  77498  93354  49437   5028  58964  71666  73612 110869  92773  83996  66912  68072   1107  33983  38369  43660  50588  59121 102181  52051  15300  34526  58805  73285  12528  16084  35046  68658   4765  60662 120118  77612  63358  54227 104561  63965  23244 111906 120943  67116 116711  78916  11786  70332 110513  50789  70291  77728  67435  50962  60533  47807  77706  92377  74239  29837  99630  45603 105268  40610  82196  69624 120776  73170 108044  23026  61252  41315  82838  14689  62052  87523 115607 118806 120016  72240   5469  86475  25466   4981  37735 116617  98234 110409  63430  74051  75922  85725  53900  58357  37648  30962  29939 106208  28445  11973 120991  77933  40047  38572  30587  92885  93718 114247   7352  62652  96508  59028  69093 121315   3623  68672   2769  36386  26790  39322  28284  78417 117997  40989 115088  68384  44464  13150  23567  71690  94714  72874  79537  48552 120704  13196  44601 106832  45016  83623  48777  35828  96069  23602  88223  56246   1590  20918 111084  74708  41147  89822  55855 104798  31675   8481 105044  53427  44014   3216  61844  86280  39167  64434    367  17565   4823  98012  91920  24366  29891  17062  80430  11274 117845  78454  65064  29869  50802  77003  52368  54926   2250  81458  65769  92687  59341  24751  17285  75845  48045  59262   2184  31167  71447  60765  30884 121773  11668  46714  54167  75607  89456  80217    813  51825  40059  81445  28792  35388  64519  61574  77121 122243  25591  59009  86299  76006  66925   1533 114792  77601  37534  27324  83061  17237 103599 112404  18176  19531 105899 113793 111422  79124  10352  50033  96914 113239  44578 114687  29061  63450  91956  65912  37509    431  58031  40525  97724   4183  86221 115791  42813  93488  60855   4881  87411 111699  97115  98955 116886  42303  90702  33713  95462  78018  38396   2633  93373  21669  64349   2094  97547 100089  84081  96019  84782  27385  64740  57981  41044  60904  93509  25978 117035  30733  92326 115735  13051  55639  43345 120722  72558  62224    864 109827 113129  21835  72436   8367  83967 102561  50393 105062
  74937   7461  26897  20055  19501  52086  93938 121093   3980  85898  42034  29685 104486  12902   9514  35934 110153  26134   9435  70345  38726 102749  81973  58972  47302  33709 102694 107119  16006   5341 116009  31450  97577 122285  18596  28192 109823 119213 121824   7426  99078  76963  56396 112839 120508  47795  25241  73743  96328  35590  75061 108139  46446  19258  18916  16575  39075  75203  28558  40304  69854  16443  80633  55766  22035  65976  66315  79403  13201   9996  75041  71442  83325  26022  83813 100844  73780  27032  87416  70162 108011  79645 111704 111291  13533  61782  46683  43993  49848  47148  41578  20660  76667 108282  55885  33521  40701  60377  85510  11826 109137  62419  21960  30360  76578  31855  48479     96 118129  21852 111120  67588   4499  76409  88196   3672     70 108786  69807  42539 104970  59211  44577  48373  73575 118313  58475  48050  75750   1740  67664 119599  90445  92414  43063  27749 119539  62956  38974    652  85450  76908  88818  35636  76543  96192  45366 104620  86175  78530  73511  72602  46542  71178 106997   1660  27176  81797  65587   8881  19834  29567  85993  77512  53616 106584 102857  86650  98630  39985  85661  75917  12360  42452  99992 119524 112568  12424  52649  67454 107899  24142  79033  94984  26573  43664  37201  87998  69411  15146 108140  58354  67696  89903  25351  82416  63967 120775  52712  12429  79398 115554  24099  78885 113118  20644  46515  90358  26321  69975  73535   2007  59294  18949  14416 109887  42289  96967  92949  58369  69272  60431  20363  90513  14911  39414  89114  32475  46130  52798   1728  44382    216   6595  24794  69563  15824  10748 107851 120386  64460   2632 102506  82160  35986 121764  97663  75205  81885  96109 114984  51804  69833   1944  97512  64289 104574  54315   8462  40320 109499   9100  44008  61614  59954  88441   3902  86322 100727 101926  40151  78333  48854 120971 109008   1808  35422 119453  80021  90462  81089  34690  96896  25678  57071  12904   1078 105336  19699  95189 121912  27121  33050   1273  42451  88701  76375  55609 105849 110622 103913 106972  64480   5955  90754 108718 109883  29235  11716  12007  62570  27018  18763  19700  61636  29968  61267  36862  91986  17347 105883  74005  99852 105257  27885  34937  42286  96635  53858 104124   4629  72708  23556  97374  55772  19884  19930 104049  84825  97331  55934  37676  36459 107945  65118  92156  34018  89697  38621  90062
  70578  29772  19311  56413  57794  39798   1195  51463  88546  93855  67076  86054 121771  24892  36496  19073  47945  52328 110707  37125 111570  26103 106987  72675  41492  49886 114094  12661  74596  44049  74500  46152  88563  82665 108848  56807 110455 119850  11790  10363  29273     33  67772  65576  86893  66099  77042 119721  34054   9400  60664 108832 119952  48969 105253   9377  93623  39695  64777  86034  84525  63964  84245  92291   8495  95671  25003 118415  75532  12163  14095  76505  95003  95405  18636  61715  24635  74359   6703  76820   2306   5885  67646   1538 110810 112535  33549  86870 100737  94055  42472 118409  92920  19872 110306  64780  91505 105365  37317  51923  80674 102897  39162  92514  44718   9585 104430  44836   9852  92322  10330  73445 109473  11515  41660  36877  23978  61933  12480  88743   2767   4170  31280   9246  18280  73622  40106  10314  24575  93584  62891  67884 119014 118958   3439  47979  56740  69167  98328  39769 113483 116006  92287  41936  56207  87501  59934  94352   3501 117066  11939 109870  20544  57051  97312 105707  23098   1786  50403  39055  67858  38861   6330   7046  86534 115294  12214 112854  70001  36456  14601  85923  71477   6881 122412  61857  76957  21998 115472  95133  85665  83533  96592  93212  55925 116300  42280 108650   1964  87125  41715  43927  48423 106964  22421 108835  93068  60625 121969  99698 111662  75083  73637   3649  89373   6389  49868  75146  51438  36892  97260    332 102009  54329 105797 118437  41614  61777  23700  75860  55475 101067 111802  55873  33225  30799  24421  35406  18915  46189 111986  58942  33319  94568 111078  63628 122468  36670 116723   9997 105448  41814 110907  82066 117693  64781  96016  54060  89496   4934  76094   9586  20677  57605  76501  18833 105345 108124 116142  74521  50541   1106  63259 104206  23065  97819  30872  64025 112793 122172  33060  63222  71813  12154  38011  11651  22184  13294  30155  89120  60193  91628 119212 118548  21226  27833  14193  12756 113755  97309  58930 112906  19515  77310  43162  55412 102851  70118 104349  15978 119080  33085  81191  88311  99876 120686  32382   9458  89961  25324  24672  77434  36659  23749  66573 105756  15463  23711  43261  62057  99784  14705  18635  41414 120518  74302  76688   3719  91173  41736   6650  18941  38867  37160  23717  78243   4590  31672  91791  67780   1336 111812 100987   4268  10038  43141  34683  26313  39852 103377
  88558  34523 103430 105202  69138  98574   7460  26433  68456  18714  24770  42067 111178  61473  97990 117720  61324  24361   4131  62125  31841  22592   2342  77734  24862  67343  38661  10921  60719   6570  38846  42529    586 102715  33698   7724  64949  12935  37715   9312  55711 108701   8010 112764 101953  27906 112845  71115 101925  12423  77569  95961 106917  60854 109616  70341  99212  25695   7866  87331  90270  93992  83036  33059  42230  83889  61150  51645  20134  51857 110156 107173  34481  58454 108931    543  36945  36557  38338  27421  92421  50441  62554  67788  75294  74414  88187 110691  16606  74628  59864   8572  79054  76561   5623  84427 113040  80686 115330  98345 102980  95142  63439   6546  34075  26563 113124   7896  79638  69063 106258  29760  22465 112635  43093  43051  70940  87033  34623  96497 103751    558  29553 120460  94267  13831  72250 108346  79341  93265  69606  15655  49406  30942  73532 106080  47194 108465  17157  75417   1984 121144  33324 114289 112629  50414  89235  48101  75018  37728  27260  95046  96183  40040   9419  58991   1392  76776  52324  60179   6591  82651  14351  31160 119015   3630  70967  60354  38663 121172  61235  54161   4247   5629  68960  22918  97310  75262  25505  56936  84900  98582  55052  98515  69849  92366  76969  46822  34081  93080   3073  32038  33745  69546 117175  78374  38158 102599  49706  25630   3733  72529  62964  59520  58981  24257 117443  62478 101797  72452  94336  90054   8037  80961  51921  88590  37521  50402 116162 121606 100865  65643 107188  96119  73805 102616  84978  46215  42956   3871  61876  94746 109159  76185   2747  25559  48051 110019  96888  67434  97315  90950  11857  10501 103890  60531  22870  67295  93608  66680  36527  99860  98524 100671  15409  16337  54269  68325 118969   3243   4104  31096  90330  28004  84863  62830  76835  75187    639  64011 109149 105679  25037 106587  17622 113179  55595   8491  10106  22645  58588  84332  28573   1119  88994  60703  59141  82193  64118  44380  26010  79938   9355 113649  76990  43410  15043 107458  96830  99329 119731  22807  30617  37408  80777  24044 100373  61813  45819  99572  71051  91870  86369  31138  25884  26875  85461  89135  88309  24622  89799   5336  60402  91741   8891  68108  51656  96662 118356  19766   1474 106686 102092 110936  99053   4334  49833  83928  66647  77785  20477  52570  25283  11706  23557   2908 106820  71542  96008  49134
  19015  47574  28125  44437  82579  41686  63880 108601  24163  15258  33492  65097  80703  42339  16548  17830  54624  49920 119798 121872  31757  25070  74706  84014 115736  29674  31930   7161  12327  27206  37818  54854   9677  97023  41294  70889   9887  57799  41081  54367 109956 122185  79057  19685 101669  77347  11727  47971  15029   8174  81521  55671 118246  49225  34494  21414  85968  49625  65996  80975  36886   2248  63597  16757  70958  21301 118978  93122  57493 114208   9118 106054  41209  25018 120980 111780  62236 107501  12024  12086  22383  57395 116493  21926  14503 111883   3018 121549 120548  89238  89366  81942  67876  43687  75172  92288 113729  26077  65820  30170  72923 107690  34989  67729  62485  92324  38486 105782  95252  64079 106809  36173  23188  49250  99841  92543  73981   5079  31158  79155  57856 111217  34206  85004  81991  88254  31639  52951  19587 118985  91504 110164 112052  89352 104170   3530 120218 122065  63131  97181  15227  88892 109939  31117 115761  95433  22307  25132 116654 112752   1700  58665  70208 116480  97174  68020   2018 113932  49341  13993  55730  34444 117637  65244  24351   1014  44120  35175  60454  89477  77876  29415   5919  72849   4601  14590  37353 101177  96357  81293  68017  70931  11108  34252  15274  58442  54452  91703  57714  57931  65428  61710 106440  93443  88680  34865  53381   8855  62500  55145  25510  15598  22245  26836   7115  11649  86997 105844   6579  11966 114574   8238  89265  88425  61191  94276    814  54081  87500  71444  81184  99088 112642  17449 102237  78714  63296  55672  40214 110648 114956  50714  48098 122486 114041   4146  42946 110933  66480  36207  46665  39638  23544 116758  29591 122389  46433  32011  24009  99596  12676  77884 119835  13194  95759  58359  74445 106643 122082   5418 120891  89855  14420 109063  13671  52432 121896  43175  29029  64837 115882  44548  38222   2118  96100  13429  48344  43855  20003 121878   6024  79216  27418  85819  13747  61485 107397   6568  52963  65182  76134  43513  23652   3204  71981  84634   2164 108191   8908  38057  84534  24670  75825  89651 106895  98378  87344  80064  49605  98170  81385  57251  60380  81272   5583  94752  88616 110952  17351 109481  91344  16649  10871   1791  32952   5086  79752 112206   4622  97787   1972  58571  69953  50661  87965 115643  87026  58213 106855  48136  65262   3916  34650 111641  28802 102414  51434  54996  80427 110359
  43477  50933 111639   3074  30764  20079 102513  91374  77993  87239 107932  27295  98132  94512 100986  43047   3750  39684  59336  79509  82004  37949  50083  97621 122133  94518  95227  51766  82397  94177  75675 102902  62611 115718  65998  80328  18357  29616  26789 120074  73998  25566 107622  58281  25789  83473   7178 107666  98152 107408   9199  48028  22136 100508  43133  90722  58614  17188  50482  58143  91557 119328  18252 113844  92371   1718   7514  60706  63395  56869   2014  60851  65112  12452 122422  95411  72502  58233  19154  47933  75191 102206  34209 113207  64335  46973  12014  70073  12153  95106  70767  14924  32921  19618  60242  46028  53421  20449 121960  81444  49263   8790 105011 101571  27801  13273 105092   8715  73829 114056  39397  27387  75648  44774   9292  46784  50345  45122   4048 103980  46169    259   6354  49835  91546 101384  57063  39611  53353   2435 104673 109674  98738  71783  36611  11029 120928  20371  77431  20715 116406  56184  40825  12453  45455  74536  10121  66102   7407  61653 102119 103402  64514  43915  80995 108204   1201  46875  96474 118798  21355  22364 114799  30499  29153  78306  28892 112846  34899  75676  70778  21882  36684  45798  31701 115642  82945  94717 120854  36242  38914  29655  99112  86653 103198  64387  93338  97976   5455  56605  59894  38006  69937  34411  65478  84457  34301  92115 107309 111014  43700 107558  33916   9856  74739  49083  29138  29681  20278  71842 100126  25543  42604  24553  15311 107720  96234 115028  10669  30516  82433  91526   7816  70717  63359    730  23173  76842  35514  91423  30276  99635 102001 105140  37725 115579 115323 108726   4888  80373  33704  85977  77952  86024  99898 118846  25973  11975  90305 117156  32364 110016  45741  40955  14052  13912 105984  43862  29561  75993  64273  91218  28562  97528  70710  21070   2434  86138  74036 109661  98665  88171 122274 100502  30248 106637  59890  94075  89127  33193  20464  36533 119323  42743  84431   4197  62868  42566  55859 118496  55706  52912  51886  47045  58184  16195  81141 114467  58925  94974  38232  24197  54149  19301  74597  65758  67551 121199  32028  71179  81920 100964  91556   8858  99011 120290  91274  81194  21747 102087  51715    998  37443  25748  32671     46  35149  89533  19437  20728  19430  63538  56567   9078    239  15331  42944  81091  87129  11655  45344  94266  90917 113831  39248  69701 112216  76878  16948  70491
  49485  43615 113230  44565  97175  97344 101868 101988 106631  37130  33356  44624  28623  82050 116678  99386  41841  83580  98551  39583  10011  40962  68959 121334  79179   2495  74271  89466  64483  77469 108268  79279 112430  82064  95165  23389  50005 119429   6987  76953 110364  46960  13220  91222  73214  44480  29967  97278  40721 119327  36719  57289 105882  92446 117347  59317  78418  32341 120568  17362  34338  73845  66401  43457  58070  32412  28388 100618  51598  52864  34703  55835  26059  42252  76239   9539  63543   6932  83145  38363  14253   2977  24338   6142  33284 106082  67439  47466  10846  33461 121756  75144   6432  94311   6885  91861  88964  91276 105414 103564 117114  24920 108286  53717  54331  12092    773  52750  68651  22901  71998  13732  51914  41484  63485  60750  59842  20014   8669  36375 120475  33912  99563  28755 110251  70380  96089  97535  30020  47967  32632  57644  95295   6689  49209  46174  54950   6982 114869  31933 114790 121253 102992  79536  56922 114591  22429  58619  56558  43070  53649 117415  17269 107731  27117 100250  74960  96991  68512  52258 118992   4381   5126  16382  55798  92803 105485  79567    688  86938  68290  62255  50196  46594  38542  57179  66199  58153 120565 122127  41469  71765 121750 114764  21554  51097  68745   3707 101313  81170  24910  70461  75016   3675  88025  10339  80557 117923  33138  34186  38443 117370  34138  10008 104482   5924 103485  73731 114254  40873  61913 108946  17611  21537  51579  70090  56847  29929  56294  82070  32153  97438  10634   7753  54360  60288 121484  92457  76217  71763  86818  19359 103495  52036  19277  61217  67539  42345  56128  86501  20387  32814  11906  62892 105493  69882  42608  35588  24460  12504  32445 109671  79817 116467 106231  41025 105889  25147 120516 100927  44119 121373  76888  36933  94969  31311 117479  45769  23175  22834  68111 108592  31092  92775  17454 114818  73312  39622  16989 120590  60958  51107  66109  45497  32679  17807  93101  25712  68315  21462  33149 108008  30099  98473  88336  43906  76695  17073  99661   3659 113339  76733  50682  83230  54839  13537  63347  57819  17283  88081  30547   1682 111611  99468 110142  45472  75603  18023  35907 117951  66003  19467  20182  62056  82559   4371  98250  41155  31171 118190  11929  58728  48217 117747 115213  33896  24010  56218   6372 101044  14992 116296  12264 115435  14036  12485  46009  74789  10167 110965
  44835  17482  95920 121270  89335  94394 120326  75664  63324  50786  99024  58449  83507  33277  77265  17148  54757  78371  85016  68311  20110  43121  76927 103463  71533  44377  67244  81723  95038  99815   9805  30160  64753  75715 109344  63035  56154  62932  81814  93004 120486  62635  67726  64253  31966  59557 107480 118569  44635  95039 110788   9718   9538   4043  53743  99695 122271  50381  53671  46969 101932 121186  55182  15383  41236  45678  31623  50152  48857  57648 119169  72694  13946  82143  15507 111004  19780  39231  11697 109125  37757   2710  35728  56478 100010  44191  34383  96955 108527  52757  47922  63956 101073 117642  76253 101552  53152  52642  59246   6471   6219 120840  50237  73939  62147 117700  18184  62502  60609   7943  57592  62044 117630  10698  80955  84460  94585 110290  17762  24146  40596  60068  62173   4462  27423  35185  29057  85382  93835  27051  77309  65564  69233  28671  77659 122394  40713 109629  24341 110468  99136  23397  30319  77662 117378  37727  48725  49111 113421  19970 105100  94043   9604  85010  42259  97123  54022  12746  68106  49747 110322  69717  78967   6931 109363  65459  51821 121453  24112  38692  84815  22525  35186  69334   2931 104497  40548  64927  98985  56028 122227   9643  68191  90710  40009  32335  23658  60777  49919  54641  57539   5004  38333  48038  60537 103348  80579  50692  87934  94063  53307  49675  69826 115726  65846  46384  69227   5270   4913  11482   9369  63146  49611  17502 100113   3976  91429  97804  95679  58568 112469  33409  30255 112744 117053  80425  21860  82464  50351  55495 120573 112674  69038  45535  29678 108599  15833  92000   8059 108129   3577  48643  78882  80694 118379  44646  77250  46125 114366  21195  58061  74434  69586  35289  65986  70627  91389  61522  90324 121978  82905  19173  67550  16373  38852  72005  94323  39140  52591  82303   2352   9979  17753  55102 110592  12277  56364  89999  39482  19396   7290     86  60450  37387  75149  86101  36077  45499  50768  24374  90660   5223  34957  90819  34986  81357  97806  55465  65442  61129  63781 102250  76029  18050  71801  61887  55620  96737  59516 115236  15180  58821  50854  92799  87978  96494  30940 120624  13208  35874  86888  44852  39875  85377  27756  67844  28111  92283  43274  99863 120109  68952  13500  55024  23874  83060  30001  22990  34452  26721  37565  11013  30832  21819  86577  98404 111072  12707  34197  71659
  25306  21471  30880  86514  72993  75399  51487  75475  43754   6956  23396  24400  92303  28309  40080  72365 120309  59924  18530 101743  73362  55252   4930  73941  95955  56853   2258  57384  62112  76059 104732  23331    782 111830   6702  81314  33836 120195  17705  27935 119305  98047  14136 109575  96707  95991  61509 108272 119492 104379  57712  50503  61632  48011  67657 102614  24058  67751  36495  40687  63140  47625  98066  44680  17770  54323  19708  11815  26311  62015  35798  99299  91375 101794  95503  12721  32983  36618  49617  63175  56122 118049  29728  23593  19197  25028    591  67398  63509  64461  94649  58977  47104  73959  47917  49845  11312   7766 102816  23702  65432  57887  30727  56928  56634  70160  22086  17391  83629 116379  64420   8055 103925  97149  56054 120409 100622  29187 101945 117772  16885  39100 103729  10143  25657  52233 105629  10551  66780  97531 115743 103128 111580  43601  20126  99567  43129  90058  33924   1287  75482  82380 114257  38724  63646  53709  79956  54848  55880  96793  38033  66254  45053  90310 107991  32771  57673  42471  64214  68799  10100  52516 100414  15861 101463  84958 121667  28207  42118  71034 109713 118874 115916  25138  66984   7738  33866  93317  14462  14785   4159 106938 107711  72204   3313  99364  87122 105845  51796  58016  50567  69159  29126  52710   2751  19203  12748  28129  36637  25935  85142  86032  70282 110182  85208 115613 113567  53672  81344  41325  76446  71374  33290  74231  68701 113150  93325 112650  76507   2139 122253  68536  43383  50003  35718  89288  26360  93153 104865  45436   7873  63224  29914 100244  57331  71087  53329  74555  69566  23128 106299 101540  33789  76949  64202  59626  49642  97761  48457  37107  11666  56418  46089 108023  15574  50316  56746  41975  84826  11714 116177  68023  90399  21395  59394  14967  57441 101836   5360  10529  74171  64604 103073  41858  71658  54886  64067 117657  72214  45835   8373  95148  65640  55128   8918 117407 105265  11246  96867  40495  46699  77635  62049 120559   7112  64926   5409  41621  64896  88442  50134  54993 114929  16637  60617  28643  86323  89283  61512  97122 118354  83650  11284  74099 101286  65177  54024  15262  31944  42871 110853  68974  79748 109211  12585  49749  37395  98946  69787  65664  69871 117258  93014   2288  62944  32119  25649 114778  90131  42366  76450  88095  45370  73765  35844  75132  24047  72037  27780  74523
 120304  14230  59159  21416  93696  15968  71784  63616  39330   4719  28322  45240 116114 121257  93719  87082  63715   7456  11684  61050 105812   5334  27676  73997  87008 121413  16007  39764  40551   3711  15815  89152  67691  63210  51869  98318  16453  85631 122465  72775 102104   1068  72933   6111  85761  23007    429 105565  58713  40043  48151  54809  87762  72443  13219  90298 104631 116418 112194  87560  11879  35764  65644  91252    291 119672  27761  68497  74678  57266 118545  58422  31918  76391  10737 100178  94699  86715  87226  74233  92503  67895  45278 100432  83117   9633  82171  97111  96527   6467 101875  87373  34418 100852   6486  69150  63975 117127   4240   3508  89399 106992  80437   6000  14257  19719  12040  54593 101417  59143  28767  78709  24349  87931  27748  82420  13288  65363  19925 107725  69283  21295   5449  36563  33962  81717 105607 110526  64922  65335  49477  70821 106501 104835  70436  54917  66071  76291  80326  98185  97183  17026  53397 100602  53461  81968 114605  33897  10252  64587  30063  77530  40934 120533  53886  49549  48445 115594 100423 100492  49056  83635 103388 100963  89319  12969  68985  29977  91833 104046  67386  74088  49150  15532    604  59950  40703 110218  68555  72086  98887 122409  30202  56663 115216  23061  63670  79604  85914  14243   5750  39831  79479 118448  45025  65232  44086  85821 106300  80909  77551  75722  37108  79807  62985  26074  47667  77831 119160  24035  15178  51216  81165  39235  11564  44461  91695  76923  15944  77860  11992  32212  24493 112917  78398  15873  84361  61240  81804 102231  52900    994  58762  45265  56973  72294  97473    427  67158  87230 112757  68445  69689  80358   5811  47534  77338  28240 112571  23527  29020  67900  78569 112403 117718  28296  48631 107117  30090  29241 112280  61595  74046   8032  33636   1673  98496  19226  15998  72155   1034  18668  20265  38782  47920  12992 112738  29488  57588  13095 103665   2448  59897  66006  59846 100079  87588  83198  77445   9156  92550 120861 121249  35967  83241  97912  94131  73933  84280  28928 117353  61251  81043  23821  49253 120707  29408  39958   4827  19216  23405  17919  92760  35031  57869  17228  17701  28420  50575   4098  94359 100169 115228  86582  24199   8793  26197 112883  86989  15563  25525   3366  64808 100685  84624    840  13943 120973  45402 105925  33536 106911  33450 111723 120877  66312  87029  28673  63191 111558
  58148  74456 102690  12380 102918 104987  41642 121348  74242  49510 119525  46726  60948  64812  88935 109193  41891  36523  74504  41759  38687  67637    299  69297 107875  54671  23868  38408   3590  42147   6083     72  42570  55899  56306 114683  21444 121256  14352  47355  47567  78898 103641  63634  72122  93744 118639 116961  98129   5630  83331  25807  82984  51139  93087 102264  89587 119908 100933   8146 115227  81653 112047  87156  85941  60434  44725  85989   2473  82463  15841  23637   3185   1730  84880  14357  35397 116437  31097  53521  23835 112370  58180  50928  27881  85346  86500   8331  25387  93482  29853  87167  37131  35601  86722  92684   3155  52820  47912  29963  17814  28330  93551 100068  14917  95673 116335  31929  41489 118317 102563  12493  86309  95587  15652 110065  86654  73926  36153  81301  99941  23818 101096  58786  33016 114457  45252 104241  24789  79987  90933  86443  14717  93797 113841  87099  62903  84850 117792  86191  60784 121925  22969  78576  92190  78837  15122  46785 120313  96174   8741  38487 107947  79755  55473  97957  28595    358  29502 112365  87417  68340  27680  11344  17821  57666  13850  32554  16586  25836 105584 113807  25833  58102 108053  61284  66169  19052  64370 122378  93553   1117   8595  84124  46867  79321  28226  87165  48952   2327 110404 111826  47370  12608 110421  64849  25119 120025  77496  99599  74126  94655 116274  10879  20501  55538  47026  33722  23550  94927  17396  88153 103885  21740  90260  45992  23410  45619  27199  20067  94214  74972  72784   6656  10432  10999  91862  25544  25527 116193   5246  74305  14007  67210  79036 107912 109993  53395  36131   5275  70423  99532  52789  89636  12565 107475  54893  80102 116261  65626  49974  83818  51815  78369  71621 120644  25107 118198  13318   4713  41551  27652  71423  19659 112940 105015  18796   9446  67571  52890  51456  89542 108167 105173  15586 120978  24522  24459  28873  34514  35299  11824 115336  15136 112640  98045  84145 119986  43671  17696 120758  98907  35515 119769   3390  55801 112272  34367  40226  64124  47777  68992  46272  60817  42787  76147   5487   4149  96208  41964   6477  81033  16027  39623 114670  38051  74768  82269  66367  73038  94440 101293  16593  92748  34628  90094  36045   4576    334   1821  89058   9432  40818   4436 116462  88140  41357  46893 111784 113838  54563 110920  43229  73897  72706   1595  88220  40475  13823  85078
  55841  60738  53028  21521  63739 108168  18455  78622  59393  35814  88458  54510  48066  97575 121082 118257   1291 100037 104187  49773   3696  41689  66673  48247  64167  99247  31230   5375  96984  55029 102839 112056  98382  75341  17631  29099  13222  55909  55576  98999   6109  88526 105364  19891  36964  23569  59284  18159  47537  90535  98781  50110  40905  15887  42825  93129 116415  52794 117330 122006  59235  81897   3993  99272  24922  68690  65407  16106  13562  82314 119933   8986  87608  38052   9080  86041  83871  65868  80305   2637 114579  61300   8448 101544  92541  70144  85357  21953  30621  85574  63443  83299  81548  15962  80057 118644 107179  18854  62213  52767    278  98879  99052  89007 104501  93618  18594 114565  87599   7234  27116  45965 115051  56321  71653  95879 113031 118547  66875 102850  69422  31975  55326   7106  58627  20070  44602  13447  71630 110763  97159  46513 100911   4956  32822   7548  39382  51517 118717   1834  32499  73767 107959  81459  96266  25975  38537  19756  23095  82300  87126  78256 107376  71936  99014  98595  78421  66072   3654   3779  54282 110453 106936 103321    107  67283  36970  63953  72925  31934  72835  37442   3420  20138   7837  83655  54033  13918  27802   6705 114046  63152 118459  92704   1093  96369 111226  17642 111953  92856   1028  30693  79874  15932 112044  53100 106961  14418  24766  35467  85618  86899  46922  27653 108864 120567  16507  58846 107197  88515  96644  10717  74353  42952  11858  96765 112042  66094 118912  92276  51997 115949  58054  81168  91563   3617  82360  16360    614  13777 110159  17578  51661  69585   8184  91138 112077  72510  63876  23759  18776  60733  71425 104829  79923  53796  16169  79815  41289  13713 101024  23539 122158  75520 114380  41527 100796  43762  80977  82505  48455  69660  54387 116381  70994  91566  24698  41879 104213  57864  20056  81218   8552   7561  22475 116443  11194  61100  89449 103570  26402  71206   1885 121432  56038   8023  95992  37997  84163 106860  14443  16745  68670  45928  40802   4314  81097  83453 117832  95398  32567  38399  95580  64061 103796  45439  74980  65718  88272  99655  36552  50322  20769  97332  25546  20327   7093  75868  59379   7698  15526 110521  70534  80669  27350  66015  75431  78778  37077 104145  78525   6775  16510 108706  85159  24487  49956  38079  60481  10200  98016  63192  64021  40456  26912  33961 121680 114988  28775  11771
  63957  58360  92635  60411  55155  86959  74224    210  94150  30277   3604  10552   1858  94680  40613  20166  22112  67067  34613  95347 102956  25111  88104  54600  93475 107084 118060  16041  98710  60972  15845  32299  92619  87971 119608  43463  67391  68345  52563 114004  88763    389  13569  13530  21533  39456 112118  17747 116999  15606 119834  29573  63945  21268  99864   1562 102567  24869  92917  73944  32544   9464  79333  67047  43716   2733  73178  13009  62565  50644  96446 120896 115361  85369   8335  14364  36940  33581  73047  54035  43084  65928  69344  73746    224 116439  59181  61508 121112  66868  86560  22552  93321  61460  77401  56729 106407 104603  10003  21528  28461  41573  73337  34471 106506  17475  92667 108450  72137 118778  54750 116210  31625  52972  76900  32608  19840  84139  98948  63009 109862  21645 103440  85057  92918 105964  12806  39541  10359  32285 103210  17244  18241  58639  52661  22671  89285  32908  63794 113667  49623  77489  74727  75183  55871  36798  16256  22656  48587 106007  98158  36887  43598  51259  87869  93448  56761  62246  16009   7410  83426  23988  56072 100676  23916  84579     63   5951 103277  89414  84291  79489  54140 113216  22724  69323  50344 109508  80160  67451  98979  39019  61049  32630  89573  29867  64819  14256  63040 106344  27589  95346  49219   8079   8813 112679  33633  88919 116398  35476  28100 106962  95849  76991  97546   5987 110844  45208  23797 117327  79722  85634  73153   5083  64918  15696  78554  14465 122380  13592  53119  42231  55886  35599  60059  20217 107805  59881 101529  84392   7889 118022  93123  89365  64809  51683  89447  69287  17625  82281  80286  95959  30870  84801 107320   9796  52729   5986  34482  96220  51877  74103  54202  45090  29677 107988  56665 100116  33241  98019 106977  28097  60509  21786  20978  18495  82983  19862  77932  66350  19820  96638  53272  57695  57371  59595  55602 101334  59463  66715  20819  98969  44842  69229  50882  95606  20535 103387  21356  92247  69740  98222  60712   1652   9771  96307  92497  92162  27955  40272  74793  27504  61293 113318  93205  29619  80534  90974 110469  24603  69292   5131  20981  61607  91256  40893  93140  58572  11247  60819 121739  56615  79066  72787  36647  91154 108891  54759  91024  33213  33466  48265 107215  58965  32121 107098  13301  65970  32535  95813  39146  48688 102736  80315 103158 104713  78002   5736  89483  39225
  79328  17963 117456  48737  28835  64152  96339  64181  50014  48473  74422  81042  57463  43295 101484 116664  42702  53701  17928 107021 116830  43259  94767  86120  81364  50929  58321  89491 116745 109111  21331  33415  81057  49392  25344  76883  31136  53257 114854  45926  21152  87128  57656 112611  59238  43025  23764  29299  63986 117976   2582 121626 113547  85768  55400   5870  62606 120449  31736  89997  12041   7345  80489  30565  93539  68399  95059 102661   7487  14650  46069  72237 102906  36011  80189  59374  29434 121583  77095  73927  63179 107454 116532  16736  53720  82324  30425 120506  92278  65720  52685  17353  58705  98760   6520  91553  85154  47634  83833  24699 105796  85042  18588  97592  70201  81513  42559  87999  96296 103409  68691  27226  24859   9122  33467 116839 103234  25994  66163  31843  52628  95937 104173  54894  67584  55444  20909  62773  98017 108359  36201  93422  69710  78968  27052   6851  18515   7677  31620  47954  51118  35836  10228  32940  72286 100220   3150  25121  27665  29489 112287  10002  28781  80785 118091 107078  10371  72226  73400  37959  33749  62571  10961  93816 111651  48694 104188  47731 106446  48192  28099  18294 119774 114978  26953  48700  90612  22015 110334 106647 114680 121943  24079  20431  18560  86421  58206  97955   2661  67507 104089  94978  85836  33459  44643  25476  43230  75705  55026  50571  40961  83622  54215  36656  19880  86497  57428  47295  94537  72501  57139  68771  39465   3071 116094  83978   3830  83110 114679 113612  75746 113491  62011  73222 110115  81970  96788  69128 114243 114532  72266 109100  64157  81555  78608  67472   1704 104684 115720   2257  70131  12916  31964 116289  21300  55975  22439  17936  53234  95922  21738  23473  47082  98793  17957  29762  10923  36606  78960  39899  81333  69257  27923  92637  17744  45994  29014  94315  68637  49258  35029  19599  87059  37082  72798 120543  67958  79585 108263   2035  31024  84702   7509 116554  37776  72129  42671  10139  11370 104990  28314  67747  24457 105963   1926  13010  14302  54351  11006  48269  22321  93787  56700  14670 116767  52622  33551  73377  32658  62721   9494  79096   1233   7254  97585  34282  53342  29966 105917 103183  57880  60307  85858  85905 100499  60742  62152  54118  23632 111339  28146  14719   1619  85217  58190  32164  35956  58445  81155  52449  44929 112924  25445 120011 112600  75164  72687  29374  37308 115541
 118458 113781 102603  79408  78269  98116 108392  26536 109509  18031  11576   5785  77954   5319  15062 108846  31802  49926  57974   5692  50678  29809  11770  98843  33822 103595  53011  25784  80143  16215  22044  65714  19865  36642  61113  25487  18077  95292   3570  74483  84044   9889  71168  28878   4233  56589  90225  15173 115114  85070  12508  50280 110522 113128  70136  83346  98589   3836  75812  19200   7875  42705  88556  47044   9661  81835  92436  52265  51179  66405  10584 107424 116609   6380 109044  29077  34537  94880  55003  53454  97126 112996  96742  45651  29742  30374  89076 101247  54119  46672  93057 117093  69851 117884   6673  77827  59026  45815  59492 110499  47633  91852 115841 120660  46033  18892  11862  26546 106602  43414  13094  59522  61909  10936  25758 104128  26817  41991 107462  39260  44752  90590  99958  22447  82003  89224  84286  83120 114052  23665  24775   3385  40457  42117  99554 101754 100742 112322  36703  87441  39195  52095   6706 110278  25422  43379  60650  32570  19506  97588  45608  22451  59329   3348  95741 121798  22354  22128  46670  59395  26984   2706 108900  36631  40451 108728  65057  26693  42736 105085  31959  30787 115734 101779   7083  87615 117119  41089  30819  10595   4506   7006  66167  50418  59376  13619  56349  73152  27299  65879  31133  76665  66009 106486  22037  21474  72640 113969  89644  50881  49185  69359 113949 102679  49423 117548  99222  63488 121370  73795 116018   6266  20661  40024  70109  11161  97665  43960  81431  78911  76454 107283 110060 106667  26159  65170  39151 101752  83793  45165  24001   1870 120113  24488  48094  12613 114286  31220  30828  51458 102617   5234  87352  94275 121927 103466 116476  69498  33364  66116  73208 122474  73191  36529 121582  10524  91773  63644  19269   8336  77028  59918  26660  63436  52947   3939  33514   8114  82623  38923 110108 104753  23040  13633  29894  33189 105900  95073  62617 118932  65519  74591  39868 119502  71000  86357  84659 111007  97878 116030 108095  14745 108484  46086 118964   2484  16493  81248  77672  29723  54678  90761 109374 103370   8979  19132   2893  68553  91283  16283  62268 114870  34605 111019  19683 115902  80707  53081  65631  52169  88751 116495  72083 108000  13371  18391  44505 117048  42759  87621  35964   8479  74501 119050  25829  84756  46583  78062  67075  15184 120810  58086  56258  32550  15104  21580  68086  11456 110001  53966
  98601 104848  54935 104365 107463  95619  23415  72420 112225  49883  68946  51328  16775 116941  84992  13641  30402  13886   8466  94030  84720  48914  70704  75571  14710  29794 110068  40237  48253  89598  78263  39279 108542  93099  69711 116457  56488  97872  86167  94839  43622  10929 105475 112590  15935 114470  82274  65584  21012  29291  76175  89543  27788 110596  82215  71415 118553  35972 100696 101240   8672  90365  72427  25214  98113  25083  62384 110893  56860   4177  69910  45647 105809  97036  25133  62650  59023    648  30588  78464  75226   6643   8210  32734  54697  36452  72349  55415  57591 113090  98430  39876  46376  26769  44297  51806  14355  41000 112475  31156 120046 101584  58227  16668  52488 107717  37944  52450  29985  96613  58019  96280  26901   6127   3133    289  38091  44628  77820  29076   6545  86742  89075  58987 115414   9359  44799  18271 116518  29058  56606  63864  70191  79355   5859  66898   4382  29842  55863  45541 118810    487  54674  62476 118133  22632  23295 110300  93474  12854  49537  17037  54841 101252  39277 110515  83824  51584  59815  66449  30494  33846  15930  36254  48849  75358  29268  97144 116781  70397  20773  47874  78309  62328  15722  63118 107461 111043  62906  82016  20801  63027  78780   4469  61734  34472  10792  10013  15629  65272   2283 118977  69634 117188  62226  43971  98565  94282  93971 117607  34846   8582  73811  63635  69643  37254  36676  29063     75  17580  17901   8718  49264  49698 108591  26295 102912 113316  87054 117332  40591  38174  73512  95617  11010 102998   9754 112127     52 116050 103528  51242  51159  81785 116864  36891   3945  25192 113696  24582  17254  43542  38578 106398    198  16900  79427  94545  72405  58897  67934  21783  20350  32711 106389 101227  46906  49136  92769  89126  60476  63341 105719  39409  25429  36834  73166  83946  63223 113695  18652  59405  59270  41406  44300  20310  96568 115277  46319  60213  70016  36583   2480  61429  72111  25737  58929  40987 100323  30061 115865  77515 101299  82848 100811  81965  32813  28528  57025  51743 113976  97542  54214  66481  60076  40435 116596 114885  81592  61592 117183   4654 121001  26739  75960  48877  75977  52769  51217  24154  79675  43135 115335 114509  86974 117876  31084  29247  41291  68554 111031  53685 116894 116975  46216  38865  18329  40528 113026 111999  35793  28228  57513  65117  60197  76227 120822  25490  63717  41937
  27075  91559  91987  52478  36111  43631  37761 105772  80990  98812  35965  81366  50220    745  36805  82698 106838  78586  75445  38614  11835  71463  65663  58895  37954  10547  42883  23651    357 110987   8832  52105   1479   9227  82913 118797  12010  54247  83390  73665  13189  64464  68161  12951   3708  14270  19835  89905  72516 116025  98938  64360 103411    149 109412  98120 114202 109145  20179  69049  23321  17671  41887  22998  93479  24475  83260 121512 106056 109195   7255  32277  68987  35775 118666 102584  90874  87283  47603  25188 110686  53606  37696 113411 105929   5392  14102  17104 114386  52460  18533  37774 108994  74237 122273  54435  63724  40225  85626 112603  70410  17192 107331 107590  21846  78198  34046  19386  41925  67166  54556  11410  85777  75599  39960  54785  63747 107445 104919  83525  81992  94801   1892  75614  27313  80033  14452 117996  28657  38080  95459  20561  42185 122088   8264 112652  58438 114135  64092  56346  80666  56181  35520  77685  68200  47056  75857  92728  58970 103602  53039  64151 112626  16596  21187  42030  28476  11551  79196  27654  96585  79446  25799 101549  67140  77465  92132  21117 100168 112986   7581  79727  75449  60651  95698  42496 102760  68993  19775 105160 105526  88320  89893  51882  69914  50664  35133  80612   8544  21839  91453  75460  98886 111137  41238  74332  64412  78041  80658  22974  55156 110731 118146  39113  94762  94979   4383  69226  29696  10418  24651  44052  54084  39945   2041  94199  66353 107850   3642  24957  33012  79955  15086  72475  23381  74188  84120   1534  97977  44841  36293  51448  19443  29102  71849  84408  19327  81294  73701  42999  54634  94682  61919  76558  32748  75885  83393   7272  87357   5260  12725 116336  23333   6537 117649  93126  56635  13631  19198  98592  67883  88735  41068  36056  19123 119329  67888  42876  68215  86131  40257  71892  65398  80463  21801 118225   6234  67049  87436  98035   9942  37270  80881   7266  93055  36326  48069  94716  26029  20185  58030  85395  95683  70454  36490   7619  85917  19211  89178  21110  51705  84110  22073  25468  79880 100069 100547 106294  22511  67009  86717  41415  34495 118754  46326  78574 120048    868  83919  58484  32789 115872  17956  68964  82170 122214  67130  75774  69408  30439  26405  88939  50229   9007  93734  96590  16762 108533  69054  71681    820 103705 121911 107010   6182 115371  34895  56387 103544  87409
  72274  94810  15059 122125  10105 118041  87158 112117    347  14140  32069  92241  24057 117527  50338  77343 107282  84962  15575  90597  46055 101489  49843   4602  67352  71943   3539  29733  50153   8743  26682  60361  12027  53572  89425  10301 116536   1429 114252  52873   1261 107837  39587  96875  73336 119579 110280  78459 120239  57126 114858  56415  81559  60253 102800  87212  39099  44620  62550  50967 111146  20458  32446  76308  98112 105803  11618 105837 119734  29171  23807  84343  58331  14645  41702  13501  20700 101802  36597 110323  38384  51292  81339 105793   2088  16475 101042  87025  18207  45003  71750  12537  70009  33774  40258  13002  62793  10272  83069  49993 118180   8349 119183 103696 115816  72206  98578 118363   5590  39939   6132 105201 102892  45630  35051 122218 114567  94833  62816  97112   6198 117475 120262  27924  80001  96566  74561  44500  59785  44186  16463  96465  85211  29726  48021  17202  58543  99295  89841  46559 114798  90370  49851  40695  15611  26653 110533  86197  60248  85330  83513  30620  93114  65557  89139 114062  36654  29232  52055  43777  46221  88920 119131 114263 111029 120845 115508  41919 107908  62050  74949  50837  62401  33730   9562  60146  31624  48956   4656  50704   4821  57240  30470  91122  88048   5382  30073 120002  37628  25293   2133  94571  98963  74895 118877  91820  41088  62755  96826  74009  82525  57268  34998  22308  32273  27506  12511  35905 107442  82332  88065  75888  92327 106579  19101  50914  44223  10140  16588  48401  97108  16465  13763  81572  87542  56443 113815  59712  72220  48496  16522  31669  59548 109663  24255  85505   8235  34244  32104  96324  48404  30225  32807 114737  19343  63303  51980  58511  29240  11295  49789 120439  49403 103323   3451   2171  50985 113468 120345  31977  80740  91312 115846  40494  41568 118591  88410 107571 112891 107553  87738  15733    807  64670  89505  55580  30066  23937  70974 121392  13957 117572  95850  33025 108154  39702  13798 121658 115544  87364  27876  79223  30874  17341   2236  15903  75424  52384 108876 104517    120  86075  61561  38774  22723  80617  65292  28198  32391  43758  18331  38284  18743  50475  52809  57948  75691  89310  11181  53855 109944  46427   9817   6735   9330  64838  83688  65240   3392 117050   4749   4581  52329  71276   2005   7975 109172  72884  62325  96153 104332 112677  74098   3433  65992  33238  88204  72308  92934  51064
  50107  66919  39157  51659  73161  44217  85937  36144  27666  26396  52476  74120  43507  19913  72962 114796  63264  12944  75700  91105  83293 114312 104117  20177   7221  11885  74303  97965  29447  94052  32966   8053  27103  32409  49842  99200  63399  94579 119067 117723  32354  15992 117573 101513  94084  69189 103713 105596 107528  92431 121433  57130  57165  56755  22495  85805  93547  86426 109198  60172  40821  50988  71942  20964   7480  87276  88946 104013  22750  64552  68278   4693  64888 104210  98114 118196 116356  91918  77843  63117  53651 120443  79474  32873  44552  84208  37420  18884  42808  26862  37618  99547  93120  45197  34348  41099  31744  73372  61709  41304    836  54004  83250  58905   4979  27082  50796 102110  36718   8680  55813  80532  58092 119695  80317  41332  72001  15543  38433 122089  82986  74953  91424   3201 103515  79779 121829  92868  92406  70376  35099 116818 119122  15895  94760  31109  47669   8334   3430  53810  49952  92801  88812   4336  74995 100330  55915  13487  33687  19833  67998  91976 110983  17099  60506   9650  64892  90753  41109  94363   1206  37645  54898  69172  62341  11719 108796 106312  44571  32683 106174  20591  35460  16938 118831  79857  33929  39110  55812  57776  27729    943  14846  36648 112103 108431  32015  74279  74529  89512   8361  47286  56082  79496 120346  24436  91912  13612 102663 101872  13112  19646  97518  18682  58508  85325  35374  57990  17477 104701  30926   4283 122177  43334  48888  80301  63357  42530  50041 103163  71768 116869  35413  18761  49774  52957  96623  37611   4277  48611 114650  12139  66475  90781  76808  87881  21411 120367  47252  87394  14959 112386  80005  94443   2382  73567   2990  28474  24067 121166 102242  53043 111191  86162  96368  74258 120105 101028  58731 109239   5874  59494  11351 114732  70447   4285  85657 113092  25004 104102   4335 104803  59715  18912 105933  67582  69259  90449  20491  42032  47198   4308  50031  36530  44943  24348  55109  12374  50996  60333  32255  16553  57618  57922  70505  17540  84749 105067  70193  49187  17221 113723  21582  52964  73638  45104  28607  97341  45410  17558  32947   7551 122359   8914  91147  59454 104938  20155  80754  59358  27551  80708  99381  28354 104339  95556  42096  73245  49320  64172 114492  53877   8474  89956 114107  55792  90425  74436  10275 111465  88009  12482  27614  58808  56371  11850  79358 121154  50630  89455
 107504  52000  48287  38606  12569 107192  42985  93378  47866  90246  63044  26687  78271  85712  44856  83743  83435 113170 107842  48300   6637 109778 119683  24131 117096 112005  91632 114475  10469   8640 122008  27566  25866   9064  56499  97560  46352 106511  11792  32020  46535 101936  54055  14646  13775  15757  78177 119434 114968 105074  89372  45874  21122  37566  77165  96099  97492  58611   8538 111080 111302  48090  85928  90602 121879  42376  70847   3662 103659  51464 100688  21909  81250 109960   2397  41538  99245 117760 120310   6148  83888  54460  60868 111264  29878  84755  76138  46266  26838 104534  17608  33393 103273  88271   3673  73928  24934 106334  59413  75971  71595  50769  44466 111905  18282 100990 119262  40378  15449  76845  88661  50842  66154  44534  11817  48087  24718  99301 116150  49542 101241  87580  78941  11063  42502  64177  43312  83560  96726  79801 105494   8838  62070  64687  87984  15000  17655  28650  98003  95506  15571  99068  80661  90699  62396 101874    588  92430  44528   3056  36727 104962  76791  90295  44363   1343  45863  91788   5154  70597  78069  98021   6538  45743  46820  61550  40570  57551  71340  89717  23904  69847 116637  71915  68395  22048  10571  99224  13868 117192 110498  47230  88351  12688 106474 109685  27806 107221  23884  89718  69206  30387  43520  28215  43638  11187   5897  22361  80428  77357  37364  33341  79707  82561  47660  62139  82378  58317   5254 110672  10715 110655  26398  49481  33190   8740  14310  93571 111930  34949  28450  87036  82088  90262  66114 121600 114205  98833  71732 120237  41585  15603 114506  77756 104963  22650 114733  15098 117387 116340  15480 111926    712  80530  26086  73058   3697  13810  12684  69772  67707   1666  61021  54516  88643  11904  24940  11068  15041  94504 106072 100764  43426  19280  85508 103474  33208  90436 113554  63966   9566  51279  44687  59883  12813  74033  38797 107560 121815  35780  99450  54842 104111  42634   5420  11863  92128 120149  59015  62741  98225  95487  16378  29563  44339  63740   6164  78431  27557  87796  46127 118045  11259  17942  28477  12972 104758  84034  21322  23729  96018  12251  59691  30165  15096 121632 104122  86533   8723  44441  83204  34866  29707  12332   4347  63090  55806  46160 101032  68089  84042  30270  91151  18174  53861  96948  88942  47349  33712   5006  67302  58763 111048  65015  95458  61911  69036  30345   9438  48709
  82688  52855  51663 121790  71202  76109  83661  48677  31917  78545 101112   5910  74505  91971 119459  90478  68844 119249  93688  77669  22416  51523 107177   8085   7836  79505  52526  48447  64220  62174  15963  84422  45786 114149 107403  66694 119945  53243  46801  64830  81384  66553  22368  22380   8584 118911  24235  18078  94287  90647  86492  24279  59217  14965  84485  33714   5207   6393 113576  93682   5660  89262 102707  74439 115385  63633  60907  83502 111750  50084  52922  16338  33855  64148  64948  10492  59800 103047   4218 118221  35108 122256   9752  81708  75290 107154  98609  81858  72919  51499  34109  92912  82098  42418  53950  19210  97740 108947   4908  32862  37480  64192  60285  13483  50883  41942 108252  83965  38594  89896  52696  10236  45180  65063 119527  55961  15818  91998  42384  57377  47554  97347  34708  61928  38806  50150  47663  15158  50616  80048  24836  82927  13472  32233 117405 102070  33702 120738  58407  86303  74487 108816  13316  89056  28997 114461  18073  81139  13400  37963  85183  36470  84653  50539   4692  74519  58029  57363  46563  37950  35047   1831 121302  63766  45007  88047 106748  55547  56707  12263  25296  74281  33447  27794  29569  89324  48651 102409   3892   8645  38171 115234  99604 116694  47503  37613  59531  98349  41598 104864  40851  35892 103760  40379 121229 117574  39091  68455  80879  39156  67118  38589  46759  10453  52198  73885  57943   9386  49326 108373 118913  83779  71497 116186  87929  18723  64178  52098  52717  74698  61384  92603 108982  66842  77914  36100  87830   9878  69862  91388  76290 102431  69722  89890   8956  71430  53127  65060  85573 105281  21418  28313    866  52191 120306   4752  57262  45272  70911  60458  99337 110588   7983 113294  22654  64836  92384  32672  74540 119027   2058 102950  43864 113833  81035  88244 110204  49624  63097  62764  54530  55715 113746  24923   1822  49141  19596 108836  47682  30632 106706  57115  27063  49426 105384  37266  55370  41401  86629  15823   1395  21083  43575  53926  73684  87012  19519  87824  63753  56442  24072  47576  44716  57782  60188  28589  46099  90347 108784  84821  18689 107116  15860  83281  17648  53210  16632  93252   5226  50184  76336  18807   6849   7826  56318  58223  36142 114859  41768  93385  71889   2021 118568   4849 121921  32907  47029  94160 111709  31571  85188  54345 111281  86631 113003  29137  54519 106735   3823  34606
  63260  44670 120280  26182 119097  49618 101486  83504  53595   5110  12486  61841  77867  34170 100359  20367  32616  19609  31543  77790  40401 110704 107118  90084  24415  61659  98713  22846  79237   9090  26414 105394  72769  17645 110532  56194  27784  80424  76653  84895  21302  15619   7757  69274  53568  72865  15673  20530  62315  92214  56003  77197  12811  41387 105568 119490  12737   9001  98838  41693 108979  13016   8657 106567  36332  58216  37705   9389  88453  97762  86265 105131  80135  49602  34691  47761 118657  51374  83047  18435  11212  30452  10079  11705  49631 102371  70334  53167  21576  69281   2147  89910  74199  95394 117045  40012 109566  40371  64866   5068  86431 102390 109206  82538  75368  82920  98271 101998 111155  41368  70648   2488  25105  33009 115332  89885  42777  68211  29583  38405  14168  37847  66317  95613  56552 102907  87010  78977 104649   2940  23745  49055   9469  16889  11664  10813 113720  90307  90750  20106  77536 103135  75848  90096  91901  72402 113881  18673   2160  37093  77596  26195  39810  13080  20275  88007  30125  70644  99576  11170  78196  27940  53426  84623  73426  73226  98257  20037  79056 105940  38813  88692   7679  74458 112232  26442  65004   8930  93621  89155  18667  28993  49801  17195 118802  56939  77641 118309 119867 121952  84151  23955    507  74607  74859  23901  96456  84643 118342  86907  93548 120390  94888  50273  31534 113161 107015  76046  79211  10271 105070  28691  19425  53251  38354 112511  28522   9783  79144  84644  67882  82878  34268  97572 116086  69152 111117    214 118896  66666  96478  73418  91793  34693 105001  37436 101155  83181  27597  10410 112152  84116  72666  95979  40898  14777   5124 106401  23030  95740   9143 116920  72210  43291  97633  47274  85673  66709  40268  90448  62018   4459   3631  85758  88606  43599  37803 119225  81063 111390 115767  71837  64577  24407  10239   3322   2944 102187 107241  22570 112125  62391  53091  52347  75328 114789  20713  42382  67019  29175  27555  71636  93146   6421 120756 119347  21433  71046  75028  73056 119799  89955  50162  33314 101249  15135  74350 105487   1320   9944  11392  80241  33871   9556  51756  69543   7850 121367  28452  17630  17155  31869  70726  79805  34570  45625    616  46850  50260  88302  19713 119023  17866  83051  91145  96443  86659  33632   8561 118903  13143  88644 101518  50546  18663 121868  10398  27619  75931 104435
  54256  98176  48505   3210  90489  95581  13359 102849   9181  25057  19508 104160  42248  99585  19351 101146   1017   4983  87919  26715  98791  57096  17250  85755   6005   1104  93380 121553   6821  36462  77667  94047  11629  69242 104246  76327 118675  78986   1250 105254  43814 106859 116861  34459   7069  91369 106582 115575 119921  72991  32245 120984 110489  54225 115141 122203     18  48380  13200  19640  44463  35126  29976  30839  72692 107471  11745 108553  80734 107604  93541  92774   2449  83068  40179  84838  59853  98749  31338  43286  85046  12584  96305  75122  17993  18830  86713  95517  19662 114979  35402  92263  61270  57530  94307  95250  26774  54851  64378  93098  41560  32750  43659  90841  81354 104135  94683  32749  95989  65558  90971 120651  83381  30010  41021  48795  43207    796  82406   8158 113586  31554  70703   5727  37398   7297  91297  31976   7041 116291  94511  91236  32221 109049  16738 106030  67619   3801  56522  53349  17373  15408  89838 117041  83024  93159 117667  85509  44814  78174 113397  70141  40943 121929  85132  62869  47508  70814  87828  50752  21990 108658  23417  77124 115348  34475   3000 105099    486  47011   5640  57404  77527  19757  12622   2772  48754 101838  64354   5016  72027 102010 114082 105693  66590  76567  52208  63877  52500  43608  89516  19926    370  94871  21519   8177  67485  47901  74168  90896  48363  65178  74974  43767  28851  34961  18361  37887  84890  61725  94679  36135  57157 103117  24708  16430  23825  55192  26673 116093  24092   5876  85363  44288  32812 107224  15677  84692  59139  52338 115877  50800  21056  34898  27750  87945  66998  41708  71637 115631  20407  65168  56743  85810  36432  73859  92954  72057   8206  83989 114787 113347 106956  56942 114536 103268  47132  50576  31350  62247  56502  12281  25711 116258  29860  40335  67360  45711  75598  46223  58237  77380  47728  71727   4545  52746 107994  93167  84444  97418 101164   6336   9052  55196   4204  43890 106189  67033  53770  48759 108686  39620  90121  66117  22042 118818 118658  10026  83239 119903  62426 117622  19149  23915  50023  53074  76541  67559  40396  63154   2585 117428  48945  88338  66507  13825  26011  81049  56814 118128  43828  39499 114794  43498  17676  16994  31031  27911   8527  48189  44970  22279  49546  62201  97481  96752 107418  95703  14841  50641 101577 113070  47891 100111  26583 119174  46441  25664 101356  64724
 114020  36976  53003  52453  84221  92219  16197  14182  20594  23497 120104  78059 121928  32927  55331   7277  84917  10853  92127  67478 118588  28804  70531  23045   4260  69570  36515  39740  10913  23857  63352  45734  16716   2742  53432  89206  43014 117028  96295  38984 111771  79989  71329 103768  97578   6077 119923  21511  93881 120566 107185  44341  29883     77  38551   4698  11640  17948   4678 120665  10131  37520 114102  60331  28865 114583  53724 108114  52015   2840  27963  65380  67348 115044 117187  30411  33915  44149  48012 110558  21423  85337  58578  26065  83651  43884 109527  42141  65397  15705  29732  90864  49094  96137  74700 104647 111119 115664  34432  51040  71330  52480  68107 102383  10542  50816 118864  14092 111742  81138  20336  48935  33604   5171 113797  55971  40862   8422 102649  26595   6490   6833  95872 121128  32783  11307  28839  11974  75909  65755 101053 114181  51185  36757 113013  42826  78010  36228  80431  78725  71709  37100   6837   8414  40774   5821  52507 107786  73383  99742  90897  12276 109798 106527 108051  84054  52177  20925  33902  61458 103127  89618  89939  26127  56703 110342  87153 108874  67790  22096 122279  74676  70565    589  37674  79226 102805 102988  62083 101083  40908  38181  50434  34331  56756   1854 104785   4599 103598  26276  36666  81890  71955  23020  84893  52546  24498 111907  12729  81462  26754  79953  73035  37167  76683  92755  44353 102127  93999  88626  60164  13410  19594  50428  87282  31414  97792  36034  64109  15360  53218 101813  25006  84709 111209  87324  44873 111839  80146  73447 105483  64244  46238  50638   1992  17877 114233  17511 113007 116952 102532  19163  94022  21394  95974  36414  12657  43169  42480  67247  94900  55263  44796  74993  85644  13408  37578 103526  13498  35944  34106   9755  40102  88420  57697  24084 105617  85696  35561  95488  42331  82519  41073  86310  89094  86929  95376  50566  22064 118794  15282 105950  53555  82645  19040 116918  72561 109230  52056 112191    318  81223  36582  19130  17854  85960  44744  37287   8625 111327  99399 103328  15774  95558  36826  48494  79577 108416  82712 100202  53708  92195  16494  62077  98840  74654   6711 108975  40417  66033 104352   8892   1067  10781  13309  25143  40275 112868  29684  94222  18562  99857   3532  56921  81023  95131  32019 121881  83745  97814 107304 100835   4253 118650 116442  11128  41261  46585  79578 110336
  98986 103979  76828  89304  92908  76652  90477  38660  12497  69997  57199  21983 122251 109630  12241  96252  10783 109269  86576  20547  23783  16715  55775  27856  61072  16576  33513 105694 107367  92756 102692 110258  68982  30315 120201  33819  20899  48769 114167  72514  47723 119186  53764  22701  28023  60599 112840  39111  43288  10890  34448  72170  97489  32278  40442  54683 120944  38199  36910  27726 116591  97936  97536  77102  94830   9060 116916  83694 116768 121481  59858  11660  92485  91049  16879 109818  89529  84569  93092  74340  32987  22888  66606  69636   2211  25931  42025  96895  67190  64308  52245  56507   9951   1111 113391 106683  15518  42216  42640  89465 117846  94195  52112 105317  24180  63649 114451 104175 112628   1074  28154   5853 109776  84357  70824  46079  41106  62211 116436   5222  15706 109860  49674  99100  50949 119032  31751  91687  97421  83887  23547 120509  78519  53815 101035 118776  16022  14015  73482   6622  66338  40467  22804 108976  31889  79102  18441  27847  10553  75374 121115  52093  76794  38738  71678  45599 106767  68201  17564  49995   3784  28585  82419  67498  91759  51420  92648  63822  37917  35784  74663  65141 104281  84222   7788 106170  53199 104814   1309  35011  87385    397  77998  26847  88319 108986  26013  16577  52160   8693 109436  74824 118804  22282 117318 111534 111952  42257  45120  31108 102324  64860   4058  62947  28451  87081  63983 119391  36103  43091  53409  74911  75856  69346 112267  88582 105155  90396   5553   6419   9456  66563  25653  88968   2514  65315  84142  39226  34181  35616 107704   9051   9579  56193  51331  97353  33218  94281  45543  11185  13565  49648  31886 110268  85019  66585  33868  89996   8027   2765  22966  95557  75505  24638  16137  33535  18147  33169 118905  56994  25023  80400  80852  91651 104957  28564  66508  38138  84143  45922  21662  59803  55911  21372  83484  45597  48391   2905  75703  65677   8024  15744  15527 120719  57056  84261  86495  60292  49740  88285    341  32004  31909 116717  70932  86209 104231  61996   5363  17287 101739  17587  81217   2574  17096 106140  35301  19238  43738  23254  87086  95184  54537  66222  31874  19285  14665  30822  72336  54653 101548 116299  36492  47742  37171  72732  97813  89299 116191  61489  83207   3967  79032  57660  85476  93221   2455  70190  48924  33986  59346  94395  98605 121188 114987  84334  95268   3918 111233 111343
   9277  63565  25830  30214 112830  64097  80598  87854 114083  16723  15230  10585   1288  25073 120156 100641  21028 116638 115311  95526  42395 114501  30971   5013 116477  97431 100384 113633  68579   2312  20590  81637 106823  24105  36245 106199  37476  27459  26792  80374  55108  89721  34104  16556   5620 112375  22582  92523  64163  41272  88842  50947  35387  58477  16363  32484  75957  18212  82183   7361  23943  13891 116706  45775  52640 104280 106724  71619  83731   6774 104323  67974   8612  26750  20533    553  67598  92950  91621  89948  71341  15244  10499  89461  56716   9864  15200 102333  25233  43515  60299  62248 105223  66552  14706  74066  29823   3752  93469 118445  93030  58911  88894  31499  16676  88664  17127  99844 113582  58185  71962  71700  31190  30528  83129  67715 100884  25971 102611  93206  85984 114137  94735  40749  58685  69919  54904 119006  85125  90618  94616  66030  40665   1450  41471  34528  18532   3648  48666  26819  15350  33665  12791  36003  66021  95377 119244  52982   8814  27610  72000   4341 103216    164 115913  27535 116825  71223  62596 119404 118822 108973 101497  41501  67265  90855  24098  86827  18762  18948  24467  21923  25627 119302 105165  40239 120446 114973 110595  35389  52965  36481   8002  97380  28871  82676  53591  38451 121563  49720  84957 103497 104063 112423    127  17013 113906   1835 116224   5149  20869  10169  92942  70679  70786  78354  49982  79217  95604  73264  87370  51141 107198  98086  87907    633  65878  83707   1548  85444  25890  40709  41522  38515  33814  99115  85588  10373 102551 109844  22396  37652 101934 113051  27525 118544  24495 121426  22611  26004 102558  68971  87140  36020  61120 111621 121853 105766   5819  80896  35173  54018  88230  56901 107208  70606  38787  79401  35152  97596  74186  94723   1393  94566  86070  62260  62982  57641  44763  42792  77773  14515   7862  33293  90079  83715  81679 106872  70790  96973   1601  16798  51771 104257  43003 119061  29539  94676  87511 108174  61602  50815  58784  72067  28935 105010 115604  21286  45801  20261 114093  55007  31488  70452  78345  20153  46910 105229  44754  15631  89472  28216 108349  33394  11040  58243 111110  81859 106897  15475  59127 106343 112321  46073  27520  30901 108714  13042  37731  44626  19992  40606  97320 114881  44932 104842   1782  68650  73151  28308  39594   7311 117651  70243  65906   8633  14865  63527  53754  56205
  82728  77571  13012  80867 109154  27256 101933  59852  22414 120815  71850  81558 117692 108386 109974  79019  62238  53392  65767  72374 113618   1319   3817  95628  86412 102337  35854  68344   8504  90162  45807  21019  80497  79686 118857  43338  32464  41525  33043  13913  74637  30249 101221  27281  84789 108366   3827  28807 117703  24313  75072 102676  28115 111115 115802 103676  55662 109379   2813 116796  80833  56731  99990 101084  19388  21451  80300 108845  84990  19298  87050  58570  56776  56511  66252  78169  87028  90555  24108  48410  21426  51238  91176  78468  83272  98954  90643  40103  56377    414  41559   6462  42342  97469 104044 117888 107394  20021 116223  51999  39790  65671  53289  55127  93200  86689  10915  92403  52876  90570  43272 117025  79357  37080   3269  65188  36314 102923  46293  32932  17274  97485 122079  35604  74694  34296  24157  84257  58587  91090  23294  20556  91290  84307  56910  58399  82115  18173  27146   1475  44058 120628   8400  43052   3331  85218 104968  35691  77950  55530 100665  51346   8526  32617 119739  17071 103863  74541 101611  40007  19262  38389  18721  83025  68975 119093  57863   3922 109360  66557  18971  35746  60437  79140 121949  71874  30268  69590  54562  18856 110230  32701  61398 115741  77168  52028  34469   5513  35070  45350 100316  55599  84773  79126  88211  70951  90867 101766  29670  31061  24441  15997  82021 109971   4933  39572   5050  44978  92081  51193  12797  79922  41546  62100  68863 112268  23686  80749  76650   2308  93220  58641  34167 109789  64355  28024  53439  19484  85586   1963   5730  35129  61027 108621  76312 116992  81007  16096  77217  11937  45338  34141   6463  16456  17909 120612  96000 102541 114762  58882 105742  42632  43553  52243  43570  44084  20271  51526 120510  34662  27114 100871   1485  67115  51984   6282  18192  14688  23361  47911  69922  70762  93774  91678  67881  81981 111515  34359  91689  56374  19783  64089  95718  32781  44152  66438  58674 119517 118249  36510 105178 100606  23004  38702  37164  61941  47859  28730  46896  92771    247  84273  98383 101157  91682    212    747  37116  41208 114292 120085  53248  48573 121674 114747  37196  59133  68605  46803  13583  60239  51909  97662  75994  87219  14327   9250 113104  90501  15965 110385  11027  87885  58982  57746 120086  42991  21031   5073  50960  14134  15681  34976  52416  90591  97599 121263  60427  85231  35741
  18097 116407  97194 104901  37481  72157  21650  52667 106241 115484  74284  29535 116619 115458  97627  16011  19342  94148  86445 115366  46311 103034 108034  42172 115873 110059  18243 122356  35177 119554  84370  14597  57256  79873  83324  72776  95689   6136   9543  28466  23178  96945  26244  57778  71035   3645  78524  57207  71983  76338  78631 118412  33591  20492  12425  47308  57720  75055    454  36646  47548  49133  59404  61835 102307  38473 105591  18387  31193 103812  80784  65212  38077   3578 102574    209  54918 120536 119894  79733  60226 122199  35420  24732  41589   5311  30934  17819  91273  53499  53939   7418  50545 112024  84160  45226  73945  57272  93239  92673 105702 101742 111288  62758  86284 115973  16921  22318  74031 109108  45514  81871  76104  29922 100785  23347  65070  22540  36253 117300  91206  24693  11917 105999  55285   8751  70840  48773  78645  68811  86418  61770 108409  91573  51278 105931  17916  40762 100682  45013  67061  93498  58654 105858  88293  57675  35248  28665   7616  51592  58961  99061 120623 111781  57825  52641   9757  94507 116428  11952  64056  68546  67893 119826  97969  59922  33008  27723  81589  82460  75850  58137  28211   7697  51696  49434  10479 104423  41013  40569 114468  74963  63503  92766  14284  31721 114646  16684  40619  42254  70533 116775   4192  11055  75179  10762  44055 113466  83909  50814 121515  44957  84951 115314  89122  58433  58413  66374  48673  10840  64825  39364  96397 110201  98798  35800 107373  94283  42966  94623  14375  32513  16679  75935  13764  22397  78240  69485  32542  16971 119309  32125 114673  44591 108842   6729  35253  25727  10235  90938  56573   7237   2047  13312  50321  14501 107750  85771  40004  11355  39511  90973  11976 104833  56313  31111 117946  75616  86094  51022   7848  52852  93944  18428  16372  80924  15225  28059  64816  21096  24568  74705  92496 109643  72407  68114  14740  58613  74280 116446 108905  20035  50995  24716  76778    678 118578  55524  70669  17348  40949  43903  66294  81106  93764  99827  38827  60339  97910  98968 112890  21309  28231  37165  96189 116172 110781   3688  33805 104354  12930   7683   8768  81832 122292 106755  82574  37207  68350  77576  53604  65966 113736  56469  64674  84965  20374  10658  23363  22667  22756  32180 121880 109416  84668  10333  44173  61962 101377 112539   9319  23912  58183  14772   5624  63611  48894 108109  14616  27267
  42394 113446  59565 118661  94491  56738  55621  75030 108491  67185  76123  46781  90427  47960  71462  88712  64469  29916  21922 104147  67754   7824   2578   7102  91571 100245  98255    305  72376  91125  62563  50905  94700  30679  49912  29890  21938   2579  63901  89011  51792 116748 117040  59112  71199  98976 119785 120786   8075  84848  59226  36505  27541  63334  53386  67173  64343  76309  68790  53740  29773  36961 120370  26152 113857 115592  58390  52693  14773   7942  75464 112678  68255   3859  26330  88645  37938 119747  47794  43897  92048  58951  87636  65421  87235  65547  58088  70511 106116  95154  47145  55195  98519  92220  75853  13253 111873 120929  50980  13899  67839  70810  18125  20018  43030  80549  78673 119365  11597 106890  96910  24886  62456  59079   4762  79449 115585  64241  78474  12193  71248  85846  42241  70279  84645  85393  45014  62709  56516  47057 101590  76352  91015  54404   7448  18165  12488 115811  56850  24239  23982  96633  48131   2108  10007  37181  73818  21095 117357  54275  40621  34202   4907  56300  54339  59148  53972  66139  71964  72269  81665  93976  56725   3190 117177   7964  42438  50762  13738  18901 116971  24202  78011 107350  15912  52289  72500  96980  23096 120082  33006  40836 101081 108157  24299   4711  86762  56035  92891   1181  25679 115700  54163  51411 107960  59927  19507  93116  25380  82106  97664  83351  53996  46965  21768  63190  80183  31086  28047  38536  26075 116116  22987  28631 100059  52995   5482  15001  80092  35489 120962  10946 102277  41618 101355  75769  77804  85462  47647  65731  68465 120828   4139 101873   1989  88213  92054  59033  41816  29179  35290 116298 112781   8370  25181   8974  96673  70515  14032   9315  14802  86496 104156 109996  40777  12071  35915 113014  42920  18070  60074 106078  55637  45201  63552 101359  37976  86020  73410  31303  47815   7372  67581 115310 100399  97673  51076 108652  56655  29783  94789  22578 110670  89207  85619  33910   4049  97478   7378  83482  47095 114014  75542  41943  40026  83568  97704  96797   7800  50396  27359  72655  95066  67199  92783  17297   1916  52589 117546  67300  98541  16856 116860  35057  64000  53035  75902  80942  99086  81666  20582  82626  76057  68836    759   7170  50055  99535  44984  18245  48735  97092  74263  14709  52524  90977  30287  14727 105013  58999  94988  13374  38939 111371  45167  87995  56644 121856  54053    297
  25469  58789  62418  76008 113351  59075  26748  21431  57821   3929   4172  87939  20423 122441  61616  62429 120732 100331  72356  75629  34038 112045   9961 102717  87786  36653 109479  43042  28910  70097  45408   8236  27234  77752  84468  36844 103864  10616  95962  60918 118156  77249  50672  20426  19622 118134  44819  35191  48329  17526 120302  58932   3013 107364 112765 102730 100526  84206  23728  34763  73163  69781 105432  24851  86558  32551   2110   6822  10229  28547   2234  80119 102516  74200  91931  16917  96869  19802  30243  50683  87956  82236  74840  38524 107848  45634  56015  82750  45800 105194  76732  67480  55311  40972  90161  34391  12754   3873   6368  67614 108421  57677  80075  70897  26290   5517  79659 114022  24881  38422  77870   8857  96708  30586  86600    572  47860 104570  46317  47851  67684 101929 109856 122025 113022 104536   1869 114214  15385   1494  37619  59095  25156 119893  90539  37315  53879  19611 108985  58098   5357 107909  18359  13617  45285  54892 105661  65877  71518  94118  41847  17203  17590   7364  11856 110813  92746  34224  14913  60909  97087 101487 113329  55532  86366  78685  28658  99608  86065  46744  16809    319  66825  61074  72045 103199 103732   3778  79076  77910  80364   2168   1649  82132  70867  11882  49245  87401  44630  51898   9251 119443  42181  43722  23114 121088  74465  19236 104433  74615  81608  57332  26859  94185  49659  33030  33674  99564  97603 110846  44221   1599  67018  72325  61188  62038  81312  17409  65048 116456   8679  98846  54185  91038  16880  22893  83932 116253  33608 109090  98285  83147  90238  71318 107421 111307  19086  52178   3515 115626  58420  32290  65530  69783  10218  26222  90700  88672  82374   9901  65236 107595  28106   2373  92336  53142  91521  82796  57499 121556  41279  44558 104336  47284  10958  70848  32746  55942 116737  19959  67342  90732 111961  93714  54720  86223  22400  89729   6023  25964  84518  21711 117007  95321  68087  35246 112082 110445  67599  84400  67544  56335  11275  51386  35141 118258   2277  92468  12872 120477  50189  52572 100887  98018  25516 118048   6806 106409  61091  50603  12271  70415   7725 108471  84814 112425 113775  12532  27655  14707 118933  46418  30449  21705  10114  57171   1236 115178  68773 102878 118016  35866  63286  88399  43267  31319 109807 108939  16890  93822  88521  31189  14999 103324  63617 112436   5011  43833  79581  17469
  59780  70449  24586  36352  55937   5654  76742  29951 111478  20080  39243  27144  43952   8710  35411   5106  96713  94121  22708  88392  99952  14491 107171 107874  57338 103119  95658 122146  18804 119536  97510  12101  15682  64485  70694  73026  42498  61752  25855  96206   7658 121536  43812  95575  62813  86695  78970  22850  62466  20804  64794  99881  21781 108105  33436  77332  74301  94941  85317  69626  28002  14285  31650  94963  64098 104376   3820  88938  48375 119042   1476  19428 116953  80221 109300  28212 112243  62412    756  59151  93247  72369  59097  31419   4186  41219  95514  65347  67542 114655  71138  20702  27700  81620  71538   7928  40679 101145  76592  88638  40991  53825  94895  39213  57233  95225 115774  57201  70807  29683  69005  16612  49107  95372  89842  34007  84242 110508  45327  45219  48872  13271  42519  41400  19412  92030  96806  26814  59526  65330  70434  83794  60032  95379  98916  35326  32872  37893  45626  81977  20901  29983  22102  53189 108960 107426  79039 119936  28232 117239  99511  78254 107482  64186   1130 115149  22960  78531  64758  31121  38224 106806  26952  39467    871  64833  99171  49894  11685  78947  65828  48743  80979  40775  90475  23055 113958  20028   8635  63056  44515 107613 107748  94207  68576  87112  13599  96306 104662  34781  80883  76041  14513  86435   3328  60845  49161 119837  96602 108837  71419  22985  59949  84541  77903  56075  87513 120725 112880  50408   7669 117578  75162  90506  63233  69709  35538 118460  19867   2794  47395  35776  30012   4095  81500   7947 107754  54224  28785  88076  35423  73051  61042  67685  13263  82679  96258  30395 102184 119375  53232 111782  92438  43802  80951  42282 118891  81038  98236  92754  43138  25665  36240  39636  10520   2800 114810  81053 107492  84184  80329 116259  53508  91633  46812  77505  71150   4121  13038  89800  52787  77054  33286 102235  71800  48926   3421 106303  78284  72006  44060  99460 120090  15761  51470  75634  41307  38847  59378  47247  24267   2066  19932 107036  26619  33692  83883    480  28846  86164   9862   6781  96074 111994  82631  59663  37462  14162  59224  71829  37263  63384  80528  92726 100078 106363 109893  34925  51309  13090 106043  46014  90022 105071  91749   3580  60340  48906   2159   6151  22579  38123  76167  52716  83221  47438  11680  92952  41196  17410 105869  39360 108396  12824  37806  17531  22404  91606  64612  53771
  28770  71926  42237 115506 104017  49726  81402  47592  51509  10843 114742  38094  99798  15760  64232 122367  41839 107743 110365  26177  94541  26640  33021  63004 122206 100440  42446  59963  34356 111121  87338  90309  57555  28157  99001  52433  18771 103514 112552  28112  80541  27190  65926  24193   5014  18869  32376  42050   4440 113295  91564  39376  83084  71914  57221  92780  66018  92151  17959  39845   4089  96471  93191  84606  87365  31657 105060  46634  56490  79672 109476  79558  67117  68209  29255  46775  11559  14780  49662  93054   2568 108586 119128 102157 115748  92176  14527  51905   8374  13882 114982  79818   5807  80342  57693  91026  56219   5465  62303 105079  34953  70930  84711  30311  51192  48396  32197  80382 105948  17064  35562  49142  40838  55507  25594  14687  14066  21205 121737 109725  26480  12915 110425  31761  75779  80235 113190  41132 107428   4303 111222 101366 121743  22198 107522  26470  66976  20536  86996  19081  39130  77616  44181  28514  52740  45694  81019  74175 117987  16568     27  25189   7252 118953 113297  45244  27374  53345  14522 109217  56881  84496   4001  44315  86705 111626  18975  17425  86008   3867 101077 100284 113412  85525  43826  15789   8769  50336   1596  54523  87703  21378 102327   2456 100814  57213 102382  45829  38894  24738  34704  77333  13554  16566   4353 120052  44489  71571  36722  53964 120398  62632  97057  14063  11076 112585  49532 103719  43148  43717  63888 104232  68075 113202  66377  93224  39726 110046 120029    456 122357  25814  53514  57858  93837 111047  50725  58270  25012  78838 117562 106248  67311   5249  36224  68221  93737  90247  90064  61204  39291  28425  31833  17716   7258  56823  27272  25919  55890  33063  26818 116579  34408  90273  47034 110984 116216  72853  30531  63838 114780  48529  12973  20263  43118 107128 117201 119471  49452  84088  78248  44636  11178  99271  29189  84609  51202  28293  64392  21225  20692 120355  98790  64316  49122 112796 116597  63077  17187  27168  11609  34260 116805  13198  80086  67623  34930  20631  20976  10034  26456  73631  79041  60812 101899  63364  78674  29132 103908  41971  67540  99712 110645  84175  33812  20121  61412   4729  29472  35417  64657  25969  70670 100206  63390  82536  87649  82882  90516 105676  39758  16135  47995 110105  78810 111127  27989 111635  37563  12910  63788 109057  63568  90682  89994  35087  88984  84715  52498  83335
  47478  84847 117815  65570 107833  71817  43396  55336  79293  59384  81188  13433 119944 110025 111528 112794  35822   6242  65951  13333  99915 104828  99790   1334  46329  89140  55488  98107  63255   2884 106357  40174  28174 101126  60097  93839  61336 100971  73983  93085 121664  10238  44603  44808  65802  51123  35015  70226  56482 101364  69448  81518  15240  82673 122370   2089  13348  61761  24577  34862  10402 103465  76814   3692 101616  69960   7693  36461 111241  35626 120012   5208  11827  90063  41255 111149 104139  86185  41537  16601  72100  85824  89705 119416  46143  93211  34366  76148 101895  55335  13354  50155  94125  55148 105469 107684   9353  21253  35730  45747  31882  61991  65181 114351  18676  69569  95478 117514  98005  19578  63683  95253  77754   6307 113374 104571 100415 102155  75306   3091  30271 114980   1443  43804  10162 117530  86204  89473    211  72901  64369  35872  96254  45193 121411  76228  24554  99884  71876  88421  27976 119773  56241   7127    573  76004  70098  54967  93810  68049  17275  29478  40329  61045  73193  94300  23967  93733  81279  65155    900  96598  35266  68956  36281  22363 101492  56146  43680 109950  94775  21084  41455  24928 115573  54672  79531  38942 121308 101275  34143 118272  71978 102807   3457 110820  79439 118955  89540  42940  37988  72746   6417 121654  28709  31064  41092  55250 117677  13637  55635  38351 113005  71229  50869 100023  54533  33776  32468 121246 107638  31175  50783  58274  39476  19374  18980  69008  25684  71887  94070  23603 106127  18056  45419  96977   9708 117986  28315   1847  77105  26816  51709  20960  35260  63373  98967   4967   8162 100584  28382  41263   2775  95371  35554   5617 112884  51439  71782  44498  78582  79602  91803  38672   3977  56870  52372  46302  65648 111630  81180  84082  34564  63848 115260 117248  20308  42717  65580  15626  21695  72805  87552  59990  29601  71042  59832  70215  98747  19878  39661  64006  85593  65968  10304  79249  22983  42569  84009  31226  68270    317  59343  10076  22641  42144  49428 105088  40383  71816  21165  20131  61576  92437  36303  38941 111898   6123   8821 109795  21965  23822  14664  84407 106134  80144  18938 112879  28257  89395  53118  13740  67842 111693 110193  54739   2774  82895  48372  43188  88281  78643  63640  32830  36189  43377  69068  72615  38403  16204  70359  85247  53960 108287  48915  88228 100001  90404 120143  48374
  23101   3192  18057  95555 109852 116582  82191 114356  43800 100810   7735  65352  63184 106383  86193  44769 109013  52166  18659 103613  60471  65207  32506  43634  83608 113326 100862 120869 115907  61969  30641  17107  34761  32291  86307  68667  88525  82597  41965 108482  11699  47921 121135 110840  38945  68778  16952  57147  31606  31487   4536  28034 119537  18110  99263  11045  60360   5093  15886  27569  60744  36777  47714 112306  93784   1278 112000   6212  58694  36888 109256  17971  60198  59524 116627  13028  96733 112453  99010  65328  17772  54558  37086  55090  65492 109181  20948  19817  55227  69069   2045  89639  54694  82192  33052  62994 117886  79629  98607  13497  48592  23526    348  98044  80696  51749  21780  73484  14844  54565  20895  10979  73938  40792  44115  50061  10647 116659  82521  83521  97131  34698 105300  34663  12089  81699 107362  85364   4264   8281  27319  31532   7212  50705  23989  46247 114993  95302 121037  66049  55519  50989  94205  99649  75573  76829  11097  15068  83130 109969  17311  55725  19323  24198  38829  88115  58344  59580 106298  51868  23719  95944 111095 115681  29984 111356 113149  94718 101321  47626  35005  85692  16039  97909 103807  38491  10543  25686 118426  48765 108029  37337  30489  78748  58995  98392  63818 101350  99036   5931 115649  78499 122238  75225  21260  34762  12778  86181  14833  19138  98229  11585   8716  57599  89276  91062  69770 114077 116152  79753  11502  52124  53748  16223  30867  82766 115301 110797  35809  32049   7783  15119  60085  73437  91794  38566  32434 104791  84740  96092 118192  90367  92192  53139  98320  90114  11174  34119  49654  43016  73203 111536  22244  65595  11488 100377 108240 106976 111396  32543  24774  13801   6078  65840 111501  30168  20808  71883  82660  83582 109596  61569  13331 112989 101598  64062  52313  36929  91802  90919  53540  18958 104515  42470  35628  18291  32553 106074  71716  37713  17046  72864 101187  64110 117120  57836 116496   5024  81483  37336  99139  33873  99279  92191  45495  48784  93386  84471  24373 116640  48110  15863  17243  66395  37801  14033  72023  59196  38691  65792  48228  70031  69936 115158 109678  21087   4215  10341  96046  39102  79526  34072   9255 105458  17607  73547 109565  10897  84862  43321  35899  28680  21614  12166 122492 112279  28199  13293 111509  71854   2425  81720  27648 106276 111825 112149  63128  52436  18574  63042
  99092  92973  15924  57597  13174  37099   2372  16733  95885 122207  22371  63614 102664 100043  73096  38314  50226 105700  76530  97216  98253  68466  11712  24345  87793  85635 109690  12218  32520  11287  19064  57985 114948  20725  32696  36000   4189  91336  80550  13791  64872  72230  23981 112218  84119  44169  68297  59169  62940  86626  90836  12709 116491  97979  44426  22375  56520  52790  81094 106270  59268  98624  44550  78944  45935   2662  65721  15545  87687  57072  75515  65074 111958  78881  28320  92665 103992  67764  17848  17048 104302    910  91900 122057  56183  48796   8241  66960  96857  26657  40178  43220  96049  58836 106796  52292 103361  73219  86955  78503  84078   2275  61986  83235  46864 106309  56809  61535  36327  14434  52766 119121  51384  23878  10598  66738 120006  93343 116128  50266    571 116502  61314 111936  25794 100200  14948  83900 101800  23144 106791   7723  41731  92991 109522  22226  93943  11562  70982 108853  66764  78723  49687  33545  60795 115715  47570  28110  91267  37063  13485  80323    320  68617  31215  95719  75830  61995 100458  46980  95536  92963  42465  17646  44158  67159  80345  47224 111939   8958  22238  15773  34818 118654  21460  94141  61466  24439  82359  19360  53569   1823   3161  96924  64666  92055 120710  99083  54243  45312  58742  15048 106335  59232 116974  59682  73279  14231  78323  48425  78498  36737  23273 118766  67280  82738  24525  55369  49689  37769 117715  74082  80872  36217   7308  54727  17018  57774   8026  44945  18922  23662  27098  98741 100269 100861 120838   6006  32721  42186  18457  14627  10719  98930  51615   6688  98371    147  12410  52545  63598  37528  37859   7454  44996  98974  40766 120843  91841  37901  63188  59865  74856  70037  10895   5775 102132  15554  37551  29245  39282  21552 107269 120910 105873  49968 119005 119397  26763  41617  99237 109242  56118  44858  15172  63504 114204  84056 122313  57670  11785  82187  52875  11496 116166 105907  96182  46771  52111  70702 120138  22585  62912 115740   6350  13478  63554  77334  62814  28478  27691 113520  26421  28429  94108  46928  16093  95200  55539 115090  34013 108256  74404  41663  15192 100803  47725 112963  99157 116896  28114  89479 102937  53505  60998  20098  43816 117317 104201  82594  98391  57027 121225  53793   6319  20540 104827  54770 115562  27809  10193  30075 117146  34591  51102  18863  96338  96313   8167  96799
 112185  21215  59125  30640  10931  94476  42360  83758  65202  67312 103452  41721 122317  15636  35044  30262  48838  12098  49301  69048  33886  78670  80096 120826  59055  92321  78022 119770  85315  17462  97539  28456  47737  32103  29786  43375  70563   6328   5026 103527  48918  37374  93662  76174  85683  40583  59229  22454  67569  23210  59680  81166  46782  46093  48610  61417  18404 121957  31195 104867  97511  55440  45396  31787  41843  14459  19712  33933  80967 100051  24272   9637  20372  67315  49884  88900  59728 117149  99446  43521  88574   2785 117636  15380  76180  90024  76970 115347 104184  93036  47948  69101  68899  46925 106039 115586  25560  56664  35848  18267  48884  44923  67663   1182  78164  29872 112339  99556  20577   7949  67366  33673  83852  79274  99466   6064  70722  36251  70945  40034  61883  17059 120563  23845  96538  33425   5148 115058  83408  24139  56173  94168  50427  61884  69591  43658  75156  23494  15110 110045  73114 119890  51208 122421  33082  29792  50206  60347  22190  63703  52830  53751  97064 122266  45563  85205  86022  49028  10724  94837 114828  66494  58176  28086   7405    346  18577  47115  12124 121510  82182  71858  20721  33979 116190 103269   8602  91005 120781  52352  81586   9625  17367   9099  19314  98412   8796  68260 120745  25550  46604  47844  75946  97709   5108  19452  19363  68612  69398 120558  72961  33792  43853 111832  91646  92456 114515  66221  26528  69158  31630 103384  45752  79042 107474  10319  72439 108531 112580 113917  72417  18362   5998  40352 113671  46680   5813  76342 110591  10695  52786  82911 113095 121682 101582  10136    225  46181 115246 116054  81243   8646  44732 105307 113706  24735   1921  89689  17573  85720  94586  42700   9787  82342  78453  98006  61423 116471  47597 113604  95306  93698 114322  82845  34902  52736  99956  55020  30434  47450   2546  25175  33079 105714  71896  60723  21515  48432  79859 118956 119366  52484 118333 101315  32546  63542  72662  37185  39325 119319  52386  26655  55348  99675  90080  16743  69370  98993  29279  50364  34123  35233  47051  11364  99202  21896  82837  86125  80692  52469  25447  39996  45665  90207  75646 103765  76459 112543  91591 114410   5697  25755  75780   1222  56199  76396  55450  67826 115318  33994   6897  45794 120099  74845  10334  44319  15838 105671  11558  63413  25363  26097  44046  31544  20606  98871 106345 117320  13523 108404
  11354 118262  17251  68928  55200  21231  43297  14637  39647  29289  54923  51897  52770  14111  83678  86189  98490 103982  11744  72573 116578  53068  77366  91511   3291 107696 119562  93136  75117  55724  95324 106005 109954  97276  86360  63349  87639  69431  73593  75133  20567  48787 121060  40769  15319 112920  42110  69364  40729   5770  83495  56630  34403  52326  12588  32431  78650  21310  59011  65046  46385  24883  52823  36836 103646  22291  42726  23548 118231  53414  56987  39244  65543   7274 111039  80218   3880  78764   5850  76913  13507    548  73069  68041 106268  61407 122195  57810  84550  58672 122118 103014 107052  28988  37721  59266  16865  22623  67672 102948 121337 102786 100924  79376  26198  59337  41929 114553  96329  45431 112220   2436  15793   6036  49685  55215  77817  92645  79904  22154 100970  39816  39609  10941  15352  73823  15476  12817  25010  25891  72039  67682  58023  77439   1705  90291   3265  51248 119441  61815   3315 104319 115280 115325  16674  36260  69160  57422  57827  13769  88221  91502  48556  75632 107227  82668  81695  31965  24416  34294  91634  70360  12838   6558  93127 119982 112607  40277  24588  95068   7401  55839 112140  44336  93435   1940  70353  12798  11455   8363   4740  53423  45046  45740  25335  47460  19383  46113   3381 108663  57970  91894  34177  76254  84813  56569 114139  78598  42855 101392   4964  32845 115254  10494  30458 106551  16413 118879  74564 110988 100509  83079  43737  36264  35509  22089  67293  58238  22335   4975  37199  76474 105674 109800  26356  91317 100587  18678  22796 115027  93891  54001  21799  73642   4160  99634  88975  60133  83812 108598  10406  32411  53262  84493   6642  29073 120768  53300 110274  63793  53776  44915  79715  83856  89218  64824    702 116985  92255  40145 117204  86547 116565 109492 122388  33360  38308 110154  22894  35069 109603  45666  89375  74669  34776  70626   4082  43843  48971  45552 115365  73615  85097 107683  15095  36881  90285  52346  12097 103297  56833  52101  69892  65573  37381  79344  62295  82720  53367   5151  32485  88629  86161  12818 116113  42491  79918  70866  60921  76996  14190  83165   6046  94407  21689  11149  34516  86287  43083  17680   9136 118996 121646  79697 101546  80076  99766  18043  82516  58358  88598  24303 100064 106210  81320  48846  55307 119804  58537  69589  91937  36016  14916  45708  78200  67704  95375  33646  99711 110119
  16613  44885 121313  52013 121299  86029  47241  19536   5041  13813 108316 102699  70820 103539  93049 111275  50891 101424  64063  45222 111773  73467  76289  68901  26329 122060 106158  57612  84580  95138  90244  79482  20986  10470  64754  73290  63338  34740 106703  28719  39797  39508  54072 109842  51459  80999  96600   8223  64595  79110  61692  82157  89725  65448   3188 118211  33750  97153 110931   2660  41803  91760  70876  11823 119968  41978  83689 104182  85888 109529  91255  70045  38239  99943  92280  45673  77501  56986  19283  16439  43723 118760  26532 104266  94299   7068  36706  32182  85291  19769  28638  25773  20385  52034  52718  54272  57419  30775  21594  29570  88872  70010  30087  86632  18826 109514  84199  44750  51858 113899  22566  70240  36780  54159  14761  59870  14488  82672  68059 120088  22619  12490  42635  34643  97997  51440  21410  22426  42731  31565  66838 109808  31336  58839  63234  76105  63249  95095   5237  80933  24535  67690  66320  77962  29993  37679  52966 114930  39515  57672   3622  60718  21134 103456 119269  61665  17973  94891 106614  17906  53045   5459 102533   9511  41234  58251  12582  16391  27927  92842 108969 107761 118893 105626  24274  55042  53017   1836  50181  69222  19248  14921  19332  94355  95494  71623  81422 103111  74406  95452 104558  18691  98366  18858  70552  10862 111785 106118  67174  26261  48668   6048 113470 101192 110234  56348  28975  98626  99744  68184  18967  78961   2756 119821  77007 116588   6406  19264   2974  78458  92785 117274   9696  86963  41164   4712  49608   9542  90020  11226  68772 111827  48954  51020  68913  45294 100358  62428  30877  42126  32659  44972  53297  68360   1302  81889  85303  37505  12066  91467  33454  54317  44868  24724  38066  27028  29810    908  90621  39332  58192  43902  50104  10072  57930  36350  68346  85724  25322 100523  74208   8574   5719  54691  84987  87286  58709  29643  31132  22638  87330  21604  98612 109988 103068  75879  36608  20443 116366  39025 118697  44178  37176 104104 108453  94225  73446  80738 103805  17288 120255 103029  22590  42922  33772  78106  72753  27714  33376  78946  64679  10312 103698 103657 115099  74480  83465  76593 109085  41504  95480 109148 114691  78311  67370   6720  70731 120643  60224 107167   5559  40947  73583  82058  45808  71754 109468  74438  87250  35995  25331  53005  41422 110974  75215 108646  71448  40428  14547  29193
  88216  73378  13936  20401  31381  60417  68951  70920  34315     11  34632  55445  95093 119879  78567  11050  29955  27647  59508  75673 109620 122117 119277 117648 118205  41113  77336  50487  91905  68403  37224  82354  99291    145 105960     88  76071 109011 114272  91857   6979  23973  74018 111725  98249   2834 115659  85794  80250  84191 110949  17841  27951 119199  68136  63655  50099  68295  52657 112300  25671  17141  71052  87708  14668  40113  74717 105685   2553  54041  34148   5214 101085  86450 108984  25260  62013 114424  40069  25325   4339  39336  85137 106903  46654 113974  79170  84115  87470 116515  73600  38631  14890 119065  94664  72803  20967  41468  20311  19394  87549  50323 109370 107266  72340 113701  43422  62888  73779  11860  70197   1342  59108 104344 111593  52482  33438  24556  80109  75767  87810 101467   7997  47373  78905  27296  15039   1459 116154  14167  43041   4652  61156 116187  19739  32247  96412  33706  11915   1488  76043  94943   8127  43431  75533 115731  82662  28062  45172  45379  89803    852  51557   5938  93215  42232  72892  43954  71144  27087  39342  23453  31211  23374  43859  55466  75803 107275  28606  45963 107317  70711 101386 110877   2969  83669 110472   9701  58386  10962  63092 106000 100019  84019  63770  32276 110582 109925   3923  34033  58242  95429  52211 105548    524   8704  73980  95882   3643  44051  22272  93203 121573  41080  55418 102971  65659  46703  17135  54767  83086 122165 104950  22407   8969 112335  92435  28072  36812  58538  33145  54105  45966  64704  96457   9955  29937  65984  11981   3360  46039  78460 112829  36749 116884 109024  78075  67415 108583  84577  54207 118604  32042  77495 120132  50085  91120 101686   9411  27867 101381  41796  82946  74017  65688  88548  37948  66632 118916  38507  31893  76904  75870  27854  80273 113653  59936   2050 119733 109537  96557 104556  86405   6997 121867  35589   7924  43228   6640  38798   3065    452 119541  54862  18430  60274  30885  12147 118370  45060  33786  45021  82109  14630 105556  65139 111022   3387 119753  93155  23461  96393   5569 119538  32889  35762   8962  32000  37555  36256 101566  41456    621  52632  81643  56390  84348  56400  16916  70239  57651  41251  86928  81109  29109  28895  69262  51613 104659 103390  86648 118946  20058  92986  45400  52097  30266  27435 114717  79521  33607  11091  54590  11909  29493 120407  35271 120998  97597  87164
  90862  54491  14511   5976  64572   2677  91552  61073  96493  40953 111272  76054  86089  21895  31344  33355  96755 104977  94734  22441  80030  40834 102133  66620  12075 117632  13979  13709  12321 117588   7728  17761 104505  24355   6246 122416  72091  62961  89147  20795  33184   6002  43873  95094  28651  76825  39299  25953  67218 110982  77180  99264  97439  25144  46608  71608  28981   3579  48130  12521  21065  59289  88237  90747  18463 112501  62119  91710  50834  62634   7908   2512  10745 114071  57813  16819  45166 100459  10214   4018 111400 122391  90239  35162  24571  54253  90594  77859  65850 111133 109712 105294  75142   4386  14293   2037 115020  88928  94026  81418  56164  91370  71940    665  16891  59219  28925 100898   9347  92976  86662   5556  16029  98752  58388 110551 109095  27202 103985  64131  46611  18811 106037  83447  70035  58910  19652  62310  80724  40019  87287  29312  83475   3703  24318 102112  83402  92035  92557  43264  37809   2091    307  99703 117472  35441  15243  24266 104792  41567  40351 107973  10858  13683 103146  50366   6841  38519  68422 101848  63622  46951  67824  72703  67887  65684 108910  85176  62587 104846  77427 102149 104125  33311  94501  68366  50674  77291  32914  68682  29906  20156  76285 116511  59671  18242  99009  66734  92333  53908  83146  26674  57284  50556     23  40772 110139  97319  46858     22  51106  95348  74997  97676  27494   3819  24188  32752  57848 115574  26929  47339 113536  28190 121271  78910  88403   6448  82089 119221  28410  81009  29318  39148  87358  84678 113211 116168  91409  82010  27588   2347   7957  75528 104907  18813  75777  45113  66554 116280    765 105435  37604   8458 115482  39913  70371  88164  72630  95022  53498 118867  82769  10960  53288  62016  34720  69247  87555  83265  37606  22616 104930 105139  10770  55800  18606  67108  88562  73029  55593  35974  74562  22779  82386  98898  46264  83695  58026 110281  98080  93638  63778 119245  53156  99865  65098 120856  38145  26417  25753 119876  15791  39103  75584 121085 114639  50045   4502 119792  28213 105855  20818  52367  47211  39916  51977  51416  42003  99781  43789  64164  33742  76126  16479  88316  83409  19266  94291  97221   9940  39943  81212  69073  40707   6303  70961  96547  48260 102454    853  49313  35826  31409 114879  91810  18231  94127  47612  62065 121838   4906  69245  98340  49362 108290  37977  33803  78067  69928
  29829  26762  21274   6960  82383 104690  84538  94956 115015  30801 121288 109997  29052  86700    983  65655 107736  27438 119681  66671  22051  97201 104630 122321  22223  43461  24590  48791 116666 118859  64555  35755 110784  95380  69099   8556  96384  60729  57175  91193 100197  83792  11861  39404   5389  28596  98910 108498  17281  63238  73663  68963  97984  63059  38311  96729  99019  56907   8931 112274  65847  90384  66277  16402  92239 102229  61917  18273  19147   6140 120316  76455   9761   7188  33186 118015  65616  70173  76357 118751  16035 101208  40397 104857  12747 118560  30134  16895  18989  60483  36950  82092  53884 110220  43571 112481  55679  43673  28687 107306  88504  69300 106226  50990   1815  54196  40929   6367  71101  43234  45245  87246  80965   4320 110435  62094  41356  24456  96229 112673  25016  25017   5401  28289  12398  22251  51803  49775  57603  30902  54195  88668  37305  53054    393  54968  75239 114092  45739 102776  84784  93893  25125  19247  89934 100888  48230   9501  39313 104677  44266  19893  56830  25395  10429  75710  77520  97881 105530 119417  38469  21798 121629  55649  39892 120922 121214  25171  32259 104272  39264 103437  19911 121417  77834  74605  64675  75940  70629  28790  85200 111469  72939  49938  62775  25885  32098  86011 114034  55339 105952 113739  65417  26145   3808  44022  23733 101680  32971   6235  34927  48607  10267  17334 102700 107437  17450 107113  27332  36367  55004  62851  12266  72818  61937  35843  40981  92256  72688 114652  52131  13232  40941  92061  27165    720    471 103669  75749  74318  81416  64432   2596  53970 102368  34604  25091  39015  41231 120694  42860 111229  95160  34286 101443  78767  66451  23387 116430 115757 117956  35274  81177 102589   2926  84728  72497   7704  49994  57852  36473  88097  75597  11203  21434  16130 105805  85811 104014  18177  78488 104583  44492  98254 106348  18531 106484  54843  48209   6665  77840  11579  75980  16611 116243  67905  32531  91729  99266  38144   4042  94653  90332 103434  49232  97261  61066  48486  83343  74494  22802  13766  65981 117134 116354  72899  91969   8110  86393  79243  43728  19346  54099  50945  36322 101080  42621  21172   3011  41199  30141  35026  30479  57181  67097 113538  55734 111823  36273 104304  46451  56361  95525    417  27651  43783  68720  51852 104368  22855  30415 121242 117945   8673  38957   6870  63804  49378 104258 105866
  15016  99533  48716  69127  37121  37990   9814  15633  60806  25221  85747  84215  21698  72832  40680  12100  17602  27391  32774 108723  83759    288  74154  44302  24627  55005 102397  52617 112319  59353 120859  98568   6942  17438   8860  86141  76524 102888  10942  43253  61806  25734  18670  16944 108398  93078  49732 103620  98711 118300  35724   8779  93603  63107  18976  88822  82605  60910 120117  33276 112080 104199  59003  78680  31028  94996 112901  61793  98585    785  48921  31853  58652 120611 115704 100939  94565  72463  80731  48901 101329  77085  96952 106119 122447  34213 115782   4929  85520  88568  11118  16293   8453  73842  98481  97978   8513  41275  60881  43357  67519 113625  59111  99198  97842  69835 116524   4518    992  10474   4106  16547  25716   1694  21477 114115  72894  44417 103267  93193  55794  10219 106132  18837  96851  24152  21266  44845  19558  56714  37276  54472 102823  65538 117005  21663 119887  23639  56159  90823  88117 115645  79395  42785  18471  89892  84000 118813  92824  62203  77103  27696  20846  64225  70351  86854   6488  74170  57015  24300  43784  49613  60622  67196  45318  88778  66223 117231  21017   9188  55260  68622   3276  43424 103225  19634  26085  92348   5354 105595  71550  72385  80018  91352   4102  19849  49547 122358 105416  23657  15428  70362  32374  36392  39200  80279  50711  70510  37113  99545 101178   9172  58311  77313  78939 110882 101049 113307  95408  91495  22247  79291  54352  94684  65696  50058  34405   6550  37467  69027  30941  21970 116553  48740 107660  94176   2233    664  91300  49943  38494 112250  77053  14598  30651   4148  74684  79352 113783  70838   7458  49043  79833 107507  32980  13415  13126  33388  94280  59618   9317  64033  63593 109990 105724 120927  63221  75901  56266 103828 121236  38682  14399  39715   6504 113648  37867 100537  47397  90716   5502 118025 116653  96343  84264  54296  43649  90168 104946   4258    103  79354 102613  12752  13837  56790  84187  42908  93104  57379  89943  72139  42925  20826  13393  12700  37640   5720  51224 104483  96291 121933  23372  20413  59456  64868  33230  29774  58939  95055 103636   3286  78577  96450  85109 108951   1967  20485    475  38718  49116 122384  39840  62594 114255  35038  82707  81219  55247  50012  29855  69025  64201  65526  25715  52206  13601  91086  79579  67885  88557  68732  99769  77256  64375  85483 119609  71262 108550  73608
 120032  12206  84073  97080  60415  71375  36305  41875 113738  25626  14322  32241  64269  25786  48350  50480  60951 105007  23474  34074  61115  89169  76339   8902  35494  23255  95659 104108  74389   7560  84231  28550   6730  51667  90321 103948  23468  89159  64908  25244  80941 115132  76044  45022  75744 108793   5163  13985   3344  32301  76556  95171  93204  27790  76098  78640  11377  80783  76086  50601  79050  59357  46124  23540  91850  86676  90940 108015  21475   6760  86476 116469  24189  66530  16537 104403  63955 121990  48858  15689  63961  42320  40289  12832   7321  11896  86924 109018  29954  51397  43841 108267  34515  70906 104664  15354 101978  79773  84244  24273  61628 113682  65985  38300  97494  31769  20656  66726 105604  65115   3857  29095  37956 103378  64839  58299 120015  86588  42843  69777  88541 103525  91543  37281  29606  85316  87269  97035  49215   3563  35067  94227  13270  21803  69796 121554  90111 102729  72123   9040   4912  42712  59256   3687  62117  11383  20515 112670  63383  45420  17591  98241  64759  99135  40483  50836  82915  73470  78620  15057  91477  43046  97548   6780  75184 102502 108368  83100  67287  24992  36842  62943  44214 119448 121063 103429    675 115584  27900  39356  40048  48993 100658  22114 103074  34058 106143   9047 109728 120378  74085  30573  17109  98834  89314  14856  86025  18118  62975  48927  99350  50332 103319   5386 121428 119756  87951  37753  60469  38489  73478  98934  63385  61787   7585  86199  58011  99410  19956  78229  80898  51732 104591   7029  27946 117349   2913 114226  65248 121163  76037  18563   4474  84770 119592 120829   8791 117752  37741  24320 108439 105979 108229   7203  63038  99180 119587  33943  52052 103617  69612 108192  87719  51361  83943  99206  26326  16863   6718  90379  67502  44826  59993  95381  46736  52891  38275  29439  17483  78355  80299  44396 112213  81702 112094 110433  45103  82663   4539 120765  35684  34120  36038 101777  25670  98715 105175  87243  30771  20708 117224  41950  57416  59138  17704  12025 115886  59861  18348  51529  78681  78552   6262   6374 113047 101110  41701  71845  14933  63283  60149  79007  42811  65161  35209  99804  39184   1138  82040  21986  73585 113610  63893  24117  27538  29051  41771 104489  18124  75686  54416 100760  36312  83064  88445  18390  44973  11898  13132  12616   6731  72958  98125  12145  78900  99788  72494  87988  49630  18485
 115156  56713 104560  16681  33080  15607   2699  68877   9445 113872  73455 111034   2346  88799  11871 117861  61572  48000  64578  51537 110607  39263  52442  55273 121189  77783  13712  95024  25940  95471  56624  50876  68648   5508  71013  82592  89274 110335 103250 115781 115418  69545  32730  63930  40887  83432  21151  24607  60967  30462 114391  60876   1951 102920 118209  17184  33988  53973  16817 105692 103082    687  43645  32155  81816  97279  96804  68594 109212  64586  66531  62308 113708  10538  33453  62605  55334  78032  71786  35106  67003  26189  58500 113970  11531  33038  66257  33532  42284  65496  95254  23339  34326  21428  94613  90458  50653 111201  59462  47608  21496  89130  26843  99786  14994  53413  81536  32195  76951 104250  55996 114983  58045  41630   7811  91899   5854 116838    786 112018  51791  22094  82352 113039  35802 105627 120391 107323  94842   6941  92073  73576 118074  88600   8382 107640  78517  18249   1798  19732  47058  37016  85306  99294  38038 117879  90810  40242  85543 105428  68389  58706  50008  92722  16232  48454  36814  44063  20528  62277  31814  52004  83785  92848  35857  40642 110717  47277  80384  23024  17431   3402  60365  85298  44273  74966  17813  99394  50803  46231  10725  56388  49655 101720  21694   2343  99445   1349  86155  95693  42756  41749 116632  45699 115417  42467  15117  82710  96359  58346   7722  82490   6029  67121    631  43417  44324 100980  41515  62639  34455  75435 112019  86525  79299  71523  70641  74822  37838  17324  80163 107618  77574  83456   4010  49784  17898  60112  24020 121044  56484  52727   8641    775  85480   5421  87985   4332   4679  91644 122491  90517  36200  51080  64070  91942  86905  16920  52949  54543  67187  54048  94382  73074  74155  78176  12920  61222 117129  98634  65438  93521  92938  49377  76869 121570  99110  31636 108112  49923   3474  89254  96332  39664  93330 106867  17079  27826  93636 117740   3393  77460  34222  50473  36725 100996 118531  56837  75941 112374  28342  86771  11895  57068   6431  71131  37529  45511  96223   9825   9262 109279  56906  56099  53320  64453  38417  77670  65358  11376  45444  57275  38947  44585  28674   4135  23789  39032  87787  74503 101882  75405  95175  12967  91433 119755  65497  68881  69026  81034   2231  40389   1260 122187  91405  89326  84620 106271 102394  76557  60941  42198  29027   7586  79600  89681  33965 113900  34319  42206
  51000  56428  71458  63918  29195  82885  20221   4549  92244  41198  28646  65607  31670  36048 114802  53789  88628 117763   1409  39170  45151  42543  39512 109152   7032  39735  84903  84477  81716 104797  34659  76405   5804  18651  41590  55548  19836  63291  72399   5298  60337  80188 120538  18543  88726  52489 103905  87890  76858  91468 120655  49824  93397  92777  66396  43848 110410 117124  16207  88589  83305 115998   2522  53355 103298  18406 102248  19943  53876 111972  39838  35922  15758  57410  21697  64821  19556  24130 104456  92549 112534  96795  46083  60679  61918  81198  73091 106845  33072  62024  96964  24541  14560  43009  58922  57716  98613  15502  68299  73882  67165  29630  65974  46617 109077  10338  79121  19100  28303  12194  68143  90456  39233  25522  40779 111135   8737   6687  33895  32145   4530  61205  88046  74767 102522    251  65702  65517  67364  99629  72646 117870 119853  25701  91101  95864 119493  88517  39210  61409 111351  94558   2115  32064  73816  44145  91310   6317  99848 110944 104230  55406  16304 110723   9528   9551  97441 120530 110896 120635  96239   1934   7305  27187  87784  41425  50862 100053 100616  74371  69827  30827 119090  45696 120157    121  96576   5135  97349  48815  59535  81696  14699  83961  79236  53014 102841 107233  99776  32893  26742 121732  67193  43829  94502  39062   8293  25340 109185  91485  11602  41260 101557  77554  78537 100651  43406 120970  30057  91641   9506 119859 121043  86554  36855  73930 106653  52283  91355  82161  87660  33617  25409  36639  29280    381  40760    124   2447 103132 119468  72606  78901 105572  62914  87987    180   3164  43863 100163  32919  15683  77898  11672  16200   8702  64123  81230  51155   8416   6955  98971  35568   6365  51403  57450  78316  73764   8995  28630  53929  42020  59258  85017   9966   6569  40405  96431  38135  45032   8915  89203  52398  62718  79251   6767  78834  66800  56201  97348 101662  74026  42997  46053 120841  88960 109469  76831  55755  35623 101319  38935   7503  37511  58204  82351  76465 111317 111477  62222  77712  25076  79529  57907  99676  54169   7968  96501  33385  25713  82735 116824  14787  97307  61201  50658    483  24679  39079  25894 120093  73274 104290 111844  76058 122337 107705  57705 119652  99064 100451  15645  59873  54436  24027  63519  83470  35377  29234  23215  26111  92652  62383 109457  70690  46481  89118  20212   3768  22038
  11039  50950 101181  79134  39548  67926  42844  51263  35683  46940  62313  31780  82856  54991  34670 112556  86259  75996 122130   8701  35587 101569 116304  69181   5320  96005   2483  43618  71899  24282  15194 101948  58919  82454  19668  99397  39579  16704 114159  22340  44138  70382  49020  41781 106700  86446   3639  45588 115617  24178  62974 102822   5695  29031  19027  38517  11522  34465  92138  89010  76076  24298 108522  12518  23160 115534  16136  46970  71737   9843   8831  78624  69467 117054 102677  77792  52370 120491  43846  35257  77606  58077  96769  64689  70784  43652  48994  25533  17308 120315  81915 116658  52157  57359  76052 118322  64845  66649  14815  51229  30642  11526  62561   1146  68559 116939 110238  26368 103836 115263  78768 118942  79049   4806  50019  87912  53228  75707  86289 113242 119345  53906  48274  17863 117739  75400   6128  60073  88531  82948  39759  38352  69064  82941  71023  27059  81815  66151  30761  35213  78590  80267  36448  77352  29758  55788   3038  88681  24170  51675  94778  32487  84568  18345  75602  12821   9962  50234 117963 112598  64405  83027  76891  22020  88761  67709  16316 111035  31472  91914 107029   6492  49808  29693 114734  22521  12189  71081  32124   8554  90894  65700  72702 100137  85300  84122  22866 114359  20834  14234 114294   2803  14840 104922  79139 113794  15226  76532  19399  56834 106065   1310  50096  51634   9085  38853  27815  44070 119993  47740  66158 102884  86617  47827  46122  34666  93413  70809  95083  33260 101731  96946  80465  40123  98865   4708  83860   2169 118195  47102  67322  28245  83763  92501  99539  61143  66052   8228  94079   2348  89652  50593 106519  51922  67399  36405  14683  26320 100834   8719  31288  42721 103911  64619   2431   3129  56915 116741  14871  59249 119671  22179 116080  32224  13376  97250 121828 109584  97618  61134  29824 106714  31979  55270  83885  69993  79283  65730  22109   7822 102507  26629  52842    725  95001 116474   4759  27322 112454  98204 118700 115138  75278  38361  43277  72777  80380  14925  58533  93508   2179   8227  23891 105648  22932  37051  31473 108751  78117  21992  62724  53612  74551  56049  91181  85122  30878  47363  84901  78933  13701 109556  45139 111160 115035  58848  33579  77240  35317  49254  96808  36513  98905  16321 119902 108397  97743  31505  94182  17309  33446  88779  27378  91592  23355  32252  86591  88536 120893 119505
  21996  40789  81544 117744  66969  76817 114008  84685  83945  49684  11005  35161  68235  52979  44428  53788  25148  25599  77027 111752  83314  44805  25033  96805   4045  67997  12617  52339  34556  36122   3319   4373  78393  52148  81617  98931 109320  56771  33239   3729  72112  26073  90368  78851  47558  57205  49667  22234  92725  16790  92352  99050 103742  42123  60303  36379  86049 115128  84615 105026   4178 109824   8696  73088  51201  56187   7236  53149  47488  71033  84068  25369  44526 103367  38910  36028  27552  79445  16666  92599  79588  55355 101560 108801  40311  76302  54615  83581  64312  81928   8682  64602   7803 101705 105824  89850  82322 102876  27218 112352  13895  21093 111370 106802   6632  55129  36763   4710 115666  89919  13255 101374  96796  70200  91602  75891  74928  72995  32882 120723  71791 100054  95967 117916  21338  77744  57966 119348  35222  42077  18848  73368  77879    636 107169  37756 104897  26594  18451 102304  93937  84059  31179  14371  26316  15641   8849  11173  10443  78696  33210 110951 100327 112003   2619 108089   7206  24069   3620 122137  31854 110888  93948  90799 107000   9037  66957  22801  23661  54810   3652  47205  45231  31302   1866  82542  12960 118148  40058   6829  44204  25045 112357  54984  49017 115463  51359 101174 120392 118273  66578 114156 102802  58337  53585  66020  34940  18583   1569  70757 109631 102428  73856  65827  92424  46230  63591  15124 104840  34345  75486  21377  19055 103961  82683    106  97846 116037  37363  61456  29381 104392  68801  79580  76267  48875  30757  50293 110812  66691 113382  63577  44421  67070  49237  83126  17458  73109  31240  69447  86106  20329  81604  72576  98237  85339  65092  70996 102926  91263  25993 120311   4096  34435   4705  43544   9018  54363  50756  94615    516  65954  89820 120542 100677 102579  92897   3358  64203  11430  96715  33269  21831  99562 116998  12830  81203  62534  11346  69194  49882  51001  64380  90494  33065  86561  91522 108317  89200  79846  42884  19808  69890  10296  31479  91593  62078  14793  41258   3165 111956   1160  86950 102759  26882  84377  37945  92862  66429  20051  53301  26779  14611 112017  49381   5299  41871  76272  87450    766  15844  93748  97047  46554  65729 102808  60235  90745  83008 115499  92091   1765  99557  28903  29857  45385  66064  60527  66464   4625 106417 120933   5512  16710 107457  14941  83830  96639 109072 122424
  28193  43635 105814 112416  52008  40181  59609  32181  60489   6405  51571  73204  34240  63074 103999  77854  60051  67874  28645  41545  74642  43489  79363   5065  90014 114524  76294  47254  29514  26531  85066  93750  57596 116782  30473  38410  45576  22259 116016  64720 109220  58284 109175 113100 111834  52012  52698  41370  99094  36644  64582 114403  96281  86156 102962  48086 106932 105124  76351  28310  51128  91776  50911  15775  20370  71068  12442  85327  96205  37885  98643  45681  48859  56996 117509  92602  41916  82033  48163  23780 108694  57148  42857  55592   2023  26753  72812 108365 119368  33231 103228  68889 122109  95020   8168 121901  91947   4234 109966  45200 120496  27292  56238  30534 100356  44977 121424  92864 112992 106351  97239  86627  89839   1215  35856  84988  58563  26382 122058    932  65849  47523  62769  40044 118737   8949  86932   5377  50430  64871  83303  81956  28089   4925 112801  19220 113182  25593  48720 106578    735  49120  69430 113874  24379  50544  54019 117612  24669  61346  81628 119638  17572  85582 112952 118442  76602   8883   2033  32337  37058  71103   3172   2330  10750   5397  98899 114903  23248  13260 107635  11466  44399  82880 110608  26062  30676 118774  60571  84646 105575  93371  51711  24914  31006  95963  85663  47038  61121 120067  44415  90248  23498  92847 118293  75207  57633  31290  91575  32379  89222  35286  80462  26539  41564  16888  11450  35713  28886   9923  40130  73206  39635    618  53914 112987  28567 115040 109160  88299   4055  27510  54194  15679  90259  78820  38918  22773  57809  10934  21792  24004  45230  97698   1965 105531  16526  49707  91446  24425  31766  42799  51937 111960  52838  73324 100496  84037  66166 120521  56132   9885  77429  61622 112221  74570  98958  42917  67305  29043  74784  47980  42947   4127  80012  33778   1588  17504  91455  19899 115895  41899  10980   1180  42400  88895 112401  29479  90640   5761  42372  61371  70093  33622  21553  50449 114665  62699  58803  91457 103843  55174 118006 114597  91134  36800  11763   4061  18400 110568  95728  55656  76488  51252  19537    563  92736  75437  71971  55648  35919  21098  84898  64528 100143  34871  53073   6391  54827   8163  92481  25452  65265  39750 122114  61790  61305 106339  69401  82576  91430  86047  97037   4583  14050  51682     29  80381  39947  37869 105463   4437 106090 102825  12022 114187 107308 120696   2337 120494
  97475 100552  34886  13416 120787  13122  13620  33051  38756 109730   9276  44386 108534 116012  17777  86092  65837  63304  20227  88402 103581 110827  51482  63629  50117  75194  91962 116085 122373  20770   9651  24490  34169  86014  65156  60254  42708  91906  50290   2486  62876  93678  72766  39321  48361  91819  70091  33982 112043  19348  23570  63129  16480 118499  27436  98295  22489  57979  66714 100314  26289  46844  91722  40750  45184 105002  45782  80081  66751  85107  97652  34061  29538  74587  26916 110954  52557   3105  38565  89515  28180  66236  89748  98296  76169  57482      8  77880 109660 105616 102581 101294 106609  64912   8865  37701 106785  88189  54834  88447  75495  51143 122169  99757  67250 113522  31234  69133 100579  17831  39394  31257  71991  37159  18466  32629  44727 104383 112059 100800  88008 108529  56091    338  78423  57151 102568  19097  57492  41269 105726  34042   7903 101956 101703    449  61850  53403  15455   6862  81082  38741  21566  26995 102709   1591   5652 101556  17506  67717  99148  22177  80363  83727  22991  66327 105827  96484  30770 102543   6505  32338  99709  22468  77905  55709 108466  28696  67767  56895  48316  38770 107325  30510  48009  89125 110436  72815  78203 103606 113571  81321   4193  87863  49460  10414 119383 121819  42782    191 108913 113205 120327   6751  54368  21547  25781    102  22415 100780 103289  41344  20474  87733 108642  13710   4331  46830  67361  39413  29597 115605  43637  20088  14945  36113  50079  70407  95103  56571  43201  17332 114002  25072 122068 115766  49121   8985  18698  90827  29319  65641   9922  18770   9125 112256  79092  42214  79024  55562  56156  61618  54013  24573  74686  11426  42146  72471 117281 102605 114183 109554  11783  46469  89278 100328  37975  86324  78244  15821  43393  84328 108682  33829  37061  60105  16533 121567   4284  17644  41641  11082  17168  89831  72118 122369  97173  16109  71575   5128  11402  17717  11070  44714  59309 122219   7136   5428   9700  79450  66757  46456  79503  21334  91257  79392  98707  73677  48833  28177  70524  10568  54137  15687    422  87315  13697  52060  89038  99592 110315  67943  85095  85900  41983  89944  94488  48202  99374  88688 102151 100208  90345  11587  64291  70066  29808  87181  71270 102739 110939 112338 108556  18642  52239   2019  40599  83244  45387  99785  55972  38580  62683  27142 120406  17451 117575 105710  94345  65830
  98292  53570   2471  70409  18861  26067  52679  44122  94234   4507  44761  44101 119175  55218 113296  30742  68164   7181  55746  96650  90176  90487 100022  33510  30569 108655  79852  83942  19725  66642 119092  46310  91286  37546  64996  17857  40587  64091 114336  47232  26893 121503 115832 105197  34562  11816  73343 116444  15846  81515  28076  33717  65723  63265  73299  61333  41329  14137  64272 106648  46248  80476  36641  87816  51019  91806 122226  63607   8375  14499  19009 101826  35256  81233  61060 109628  64915  90828  54500  31219  30923  80828   8064  33244  73248  20915    752  56797  74530  58920    490   4846  73440  17986 121588  83442 106862  57909  59672   9071  15562  91584  94370  83973  26530  54955  15533 100601 116234  55291 115300  65514   4213  65944  85429  67527   3448   8543  54722  85052 114330  40481 100668  22512  87044 107727  13024  75656  67529 105506    324 120147  51258  34797  22794 109184  42981  46399   8089 104450  74391 120593  16829   5724  27685  55380  59449  75241  38413  11978  22681   7156   7086  75788  32041  58478 106811  78514  11814  90428 114239  77104 106380  80207 119379  61744  96859  89357  54546  65541  45923  91471  72851  52216 112360   2015  92428  66172 103153  86759  26439  40918  84277  48584  56234  33540 112961 121852  83081  28387  22751  34928  93674  85241   7333   4259  38540  84287 121984  90282  49029  12232 111587  12955  32756  41287  68709  26598  48327  27502  67972  27571  99097  61965   3872 113732  65971  32725  59001  95146  20066  78283  19076  56953  26110 107211  41583  58912  68930  66947  75027  22702  95836  98687  29009  88675  72076  30909  51784  77921  32557  71020  23553  27999  66612  92477 104390   8284  37510 106122  78325  29463 121105 117754  38216  55228   4954 102283  25126 115110 109182  20277  16209   3932 107667  82219  12308  17199  72389  87437  85274  19380  52214 117236  78373  75334  47908  89337  94401  63204  36013  48799  19520  84853 102217  39039  45335  16883   1904   3844  39188  92260  10557 120629  55493  61056  81172  26048  28890  32508  24119  99569 119624  81718 103859 112762 104114   9830  39743 106459  19672  73247 117831  90467  94593  60542  40534  47622 111673  63031  77733  27862 121131  82925  43369  79258  75967   1221  41622  81285  78434  78129  20847  80111  58361  26767 120384  89616  30490  36609  23963  83862  96400 122438 121665  95923  64738 100254  41418  13793
  54633  94473  38251  79400  83757  59795  71163  98090  18287  93664 110620  65379  83012  53738  11984  81766  57855  57117  53293  31276  79972  46360  50306  86571   5979  63180  23343  58166 112006  36614  37407  23400  31875    681  95122   9841  77537   9634  20730 112015  42536  13736  35678 121074 104800 112488  80053  71910 111575 101098  34824  79087  97281  29980  77386  77863  89746  95132  48635   1898 107465 106834   7584  31021   1824  83801   3187  84561  54222  22309 116644  96904  10343  99284  64415  10534   4481  80405 121052  31124  75459  89973  19228  93095  30127  62059 107123  12221  51189  87481  78392 115265  52019  81260 103941  60066  32964  31196    837 104639  89108  92926  24944  89757  13897  80571 116227 111783  36697 105893   3329  86913 113929  42696  41553  98283  32372  88912  37296  56492   9488  31370  46916  98873  24711   6450  51887  70445  36564  13938  20974  15933 106699  43596  24392  72968  41609 114339 111069 100604  45898  39709  50695  58426  32926  57005  49933  98307  66354  16268    392  89548  53627  44270 114513  99551  58260 117289  65855  85500  18710  36082  23463  11445  85826  58773  46349  45875  90964  78413  47792  47538  38368  38878 118538  68229  88144  79399   1713  92925  42469  62110  77182  99840  64020 106982   1214  75669 108364  76259  26535 117291  41290   5321  97487  30213  41734  53921  72029 116199  49338  45453  67163  92246 103011  76511  79438  83177 114865  13967  25375  27265  23222  19194 116106  21764  81407 112407  27526  50507  68966  11129  13640  67537    404  12094  71508  87274  59928  20653  26495  12634 101389  12201  67316  84026   8208  50078  36465  94942  11437  51311  64513  79511  19722  70805 103955  64973  56328  91800 112510  72792  58038  51488  82297  35529  74510  72582  89504 103582 108419  75732  53874  51052  24304  10411 115432  21425  13629  81298  82565 105069 119864  67784 112048  90958  26670  41486  20210  12699  38622 108405  65916   8105  61307  67246 112776  86879  37781 110388 117751  41990  61882   3603  71618  55574    406  81081  86578  78215 111487 109362 111319  97436   6783   8961 117335 122134  60792 116652 100662    377  59436  93586 117208   4703  38386   2869    844  94695  13652 105737  88073  95852  69911  20576 111379  85287  72887  87927 117072  46979  32965  61669   7017  99648  92111  14558   5563  22878  64633  14552 113998  20105  35701   6325  72686  28497  94429 109031
  61626  40977  54876  90375  14146  38583  32594  71368   8941  62731  56093  29003  79239 103045 106302  79968  91208  52754   3551  77398  77556  50893  72571  93197  48353 100166 107668  70271 112088  51413  11503 119039 106572 114042 112658  82057  21758  73686   5491 122432   2911  23858 116727  86876  44637 104342  22066  42729  20150  56983  71957  98984 118453  28884  94073   2618 117508  52195  90011  61194  76899 115369 106540  49753  83621  34102  95946  98397 112542  56524  70631  39142  15082  38307  46915  10221  37357 103418  99924  94334   2961 101858  21625  51525  74325  99456  89069  89237  97277  99187  81466  25042  95215  64510  45263  33543 106457  64087 105533  86087  23356  56195 105019  20521  20052  20393  39107  72071  47958  27069  32619  49183 105344  81721  85111  73242 107995  56643  35131  79695  14775  25048  13065  66146  99287  32269   8093  45659  38963 111391  78201  66423 100783  35531   2341  65546  11650  64280  34735  26811  50972  33885 106869  75738  63121  13124  39168  54168  48152  32929  36613  16248 104622  18820  96861  83296  53794  72246 117950  28485  66387  42205 106522  28469   6587 108958  52205  10945   3710  44661  62958  64487  57834  19281  97937  42891  25870 109729  30189  93369 106152  32171  10561  10047  13951 110076  85071   3951   6700  27960  20042  10161  86541  11803  46106 109882  99801  13577   9460  15482  62820  37255  36848  30743  66545   8799  72515  41695  75052 113146  51513  70480  81442 112882  80256  45532  34147  20235  80835   4087  34280  65621  26747 119931  50656  92975  79882  67687  75078  82860 104401  59086  75694  44020  70337  66706  94826  33401   4488  96316  26263  23290  67209  50612  45878  68423  92418  91770 120582  19818 106798  30046  63652 112395  75195  84523   9050  89894  99782  52270 106168  89805  31325  69679  87794  85439  95724   5219 105503 113428  45039  43538  17632  71169 119810  21307  82472 110510  83823  24599 122010  61699  31776  43151   8415 102904   7090  21722 118534 100148  20143    860 115570  56660  43704 106206  31638  44032 122162 104615  22972   1174  19670  77031  26783  50665  83917  45406 102702 107497  71218  21824 115713  98453  74702  44165   4465  60676  99477  33132  93964 104414  58474  83457  28539   7931 112248  60052 112171  67552  22203  43912  68028 115426  89009  51954  90431  32184  47642   3031  74955  60466   7597  67848 108687 110214  16858  72969  57818  16023
  67114  58453  64531  80716 119337  88844  47513  80767  49132  61765  39000  14157  34325  87434  76404 107079  91910  34635  31801   6792 110677 105402  32196  52481  45539  47061  82165  35243  23940  78657  79701 118235  73339  42770  72580  18645  42073  32031  96237  22090 115288  32131  93739  73606  53661  14674 114774 116267  73636  40355  16796   8997    744  36357  14029  21374  40657  86550 116898 111129  44837  14969 110597  94090  59820  52959  62786 113060 119007  59745  11931  35198  15621 104174 112065  87625  78840  46401  24740  96210 115714  70739  81329  33304  96881  80142   4548  38262 121833  88915  79696  82038  90279   2901  51632  10447  90649  20342  59916  18022  73106  92527  60612   7599  98811  41508  74048  93515  37994  90145  64856  52059  89518  34914  34116  98251  82326  37472  70754  79599  39682  15005   7925  83925  69258  63680   7045  79872 122153  66917  94851 117913  96645  75983  71045  45212 116414  10910   5342  53986  37386  10096  21784  44406  49768 106435   5007  80369  74552  61724 111166  80656  54701  16740   3102  94863  71554  41177  62209 102983 101260  21556  47093    262 100332  92340   8900  89878  23959  67325 119918 103791  97688  42166  93763  77115  71545  40053  47972  74753  64264  28317 104137  30785  33175  90637  44517  77842 119031  61054  71339  67697  33368 101010  43127  86242  25875  59811  21325  81286  56572  49336  79565  45367  17379  91816 100991  55451  79916  45636  52220  71613  23563  18541  40855  97939  98290  83791  45293 105699  44226  26572  90557  54951 117209  82375  83832  29464 113806 116040   9886  38697  80038  68166   8944  13284 102440  30312  95796  15594  73804    388  95358   3989  10224  31313  88610  34645  39884  74547  32505  49858   1277  43287  52985   3586  35771  74306  28711  38230  97772  50864  31218  61089  48177  19127  10689  42836   2925 111739  60737  64601   1860   9747  92913  24729  79704 104801  94202  82268 103792  41946  37819  43792  43901 107307  45105  96854 107677  17560   3465  37293  21804  34277  87225  77443  19340  90536  37340  41897  88885 100656  37821  73566  88805   9415  28096  85372  32533  86078 112390  15605 110254  11132 106639  67976  34968  95633  72279  38897 111988  88345 101331  89812  16499 117226  38267  34098 108102  20208 105322  36973 100607  91248  93347 108643  62063  92943  51763 103651 113084  69976  20630  60273  42326  71598 105843  26760  70451  32251
 114556  52920  41061 105464  67152  69515 102413  86236  57964  22187  39078   9192 103302  95228 102953  19806  59236  70251 113853  55299  86579  35023  86515   1899  83834 116881  69198   7655  51969  68747  65323 113688  54127  37143  76364 101342 115405 114998  75163  13082 113632  26087  65116  87597  71851  26181  15565   1826  97257  88340 113218  52850  80174   7197 111512  42402  40926  71601   8319 122264  18537 103414  35574 117764  38353  33686  33612  82744 103174   1720  27152   4028  78954  15622  35817 115293  48929   7532  99777  80208 100946  37313  42165  52117 113684  98721  13225  31278 113261 102686  91278  18328  21495  45828 107270  10104 117859  62511  57045  29192  19349  58316  16874  27328  38240  62658  61880  39754  66794  64840  28538  65349  70924   4013  66107  13481  38988  93693  26937 117722  39326  84811 107766 108783  23471  47984 116194  90518  51100  41683 116031  15092  79366  11380 121464  84806  63871  47824  48037  18091  30667 113692  11642  99981  73999  74114  13246  44199   6889    306  99609  29021 110058  68510  73656  91838  28419 106155  28752  98839  45152  87444  46664  40074  41247  28526  14697 112669  76318  47565  49405  91016 107264 115167 106452 107360  35366  66490  22839  57161   2475  86451  97851  88366 118368  56884   6802  44356   2923  77321  32359  48325  94492  69992 110541 104120   9577   7961 120771   2720  48179  88836  50251  22323 106523  73992  75293  94321   5690  96097 120433  97217  92615  10602  22984  49650    682  11484  81836 101523  71142    327  93647  11943  19504  84798  86527  87566  13460  99240  52334   1641  61061 119069    235  29703  13349 115485  26255  92131  48942  68372  97658  32694  59837 107533  34501  76678  84051  85149 105550  50856  73961  31723  70028  64943   1576  58843 100540  28392  63458  28233  27702  12056  93002  73736  31579  85969  91284  91150  20710  62006 119990  94318  43610 113439  62385  20291  20307  36502  19317  71934  93974  60486  12378  85195  58068 101804  12389 108684  97146  85045  73350  18808  92531  46475  86168  80758 119904   9723  14369  21076  11483  98070  29555  56815  58597 112032  73949 106040 112931  43119   7681  60233 113255  31402  92362  68124  51753  96202  14397  14877  68527  15951  14313   9403 113977  95009  24747  36576 110194    647  60341  41389   3634   7429 108954  59191  82140  14021  92791  88621 119637   5748  35376  47041 117960  81426  99734 117719
 109599  59099  63971 116769  73139  52511  66046   6196  95256 102733  12940  32027  62392  24891   4744  19056   1781 111654 105632   9992 101736  10056  57164  47541 110345 118851  15604  42537 120528 103209  49299 118179  77748  43796 104860  63959  16072  12230  53182  44166 119236   8221  98171 120549  68447  95635  90642  73554  34774  70047 106632  19994  55531  28939  31131  36376  15783 103583  46636 120824  44986   9129  37114 120401  90736  18412 114547  82844  47853  52535  49063   2924  23772   8371  81873  67328  24528  85452  14978  85378  37999  45403  73664 101677  36786 115407  18964 104110 106794  57311    946 116048  35508  68330  58005 110561  57805  66496  99199  70406  78786   9207   6444  74854  56956  90629 120321  76506   4923 104593  73700 107388 112385  65608  47942   9299  88256  79822  90223 107574 101619  51241  98417  86271  51881  36593   6539  27366 105273  62722  51081  43140  17016 114426   1982  77010  64136   1638  23673  29386  66964 116425 106487  64729  77694  17172  29147  56880  11044  41302  48991 115266  93709  50095 100216  42697  88074 112523   3260   2482  50655  87182  20570  64376  22568 105031  72681   7605 121376  29445  82985  85676 110271  65306  14337  40896 121389   7935  69311 104286  62228  16021 104056  17296  30980 113188  19401 120670  80795   1961  16189  62765  36717    478  69628  52654  25568  72106  45569  23618 103912    644 106675  83795  27407  39406  37782  63584 114586  67950  30985  19697  95441  45284  27305  53001  19134   1132  27198  12111 119176  91786   5782   7295  91437 118670  23752  73678 112160  76270  73065  69141  36397  14519  35803  91071  46001   9516  62177  70527  61920  96130  71254  83673  27781 110083  52050  24049  19590  96847  47427  77855  88468   3162  16112  20946  29335  88284  79568 116970  58244  81854  84950  94158  21217  80631  59645  67037  52648  78015  47054  22869 118311  53065  41137   4412  40300  70346  70309 114309 107380 101688 115152  39283 104016  29956  50605  86005 113346 110783 117030  44609  15034  12325  98475  99161  72060 116246 103481 103549  17752  66195  99215  76218  40984  41123  54039  33317  14763  30074  58383  38024 117417 110821 107003   4244  41417 118124  24534  85258   7663  73836  11210  40067  17479  16002  92475  85717  84155  64559  73675  99146 110010  17972  51699  45011  26914 105763  20671 106468 103832  18624  12674  81894  38571  93833   1667  81482  80283  90377
  53713  36154  34947  81238   3153  47871  68680  41347  45518 109475   3664  36808  11457  59113  16299  60551 113537  60473  93312 114531 102900  69555  54645  58499  33106  57430   8694 103428  82622  61086  88032  58684  30187 100346  85485  39655  27473  25417  36789  51896  68988  63499  55874   6662 100369 117328  96846  10645 117369 104564  35345 110337 101795  33254  30427  16015  70375  22349 120209  15464 101166   8541  44064  83193   2261  32637 111519  27918   2759  27478 102636  86712 101378  94759  51131  90520  36098  14531 110371  39343  41047   9507  39911  65474 101522  45204  54095  52322  63757  27558  26968 115976  99075  16832  95172  28705  79284  49224  27529  37813  65823  53980  74815 109484 108278    313 102741  63532  28751  41427  25438  67407 118582 100998  52409  42229  30379  71549  60594  46716 105287  25441  12593  34374  48285  29053  97468  80254 118261  34932  90785  19844  19839 113050  80390  83164 106125 106983  66175  22817  34948  14704  38871  16341  76579 101444  94634 106543  33249  70550  47358  37238  16411  95281  83739  50654  99096  93721  87799 117244  23448 122038  97440  82025  94134  74894 100469  27921  54040 119038 106717  66031  23242  64873  35123  93000  43865  14149  78927 101596 119871  37614  74838  19353  89230   5368 115960      6  72779  39274  98875  26899  88811  37892  80070   5798 114120  30366  13792  57099  38541 109736  47722  30465  76785  96699  27269  66231   7451   4726  20957  68008  84426     66 110725  81258  61469  33544  35523    740  45897 100777 102314  60796  93025  58909  57329  80039   4974  30477  32466  68910  51704  25992  35973  29864 121119  49364 113923  97272  81947 107131  52731 101994   2150 117519  95676  63213 121523 110593 103115   4511  14185 112547  60384  94857 107854  35690  62590 104972 104200  36310  36440  57476  34705  71417   3846   5642  64748  19413   2376  90192  19920  54619  38127 109640  83468 118308 119617  66989  54396  75644  75914  41277  47969   9793  78370 104612  22677  72963 103379  39858  96766  76438 121808  69241  55486  38966  14823  29050  78874   2072 120458  20855   3961  59970 104064  26328  79202  88286  56356  15916  31269  87895  20919 122184  40068  50880  99151 112240  15627  36491  17524   9348  60286  39016 107110  77737  60209  59559  24452 113356  11440  76286  69483 118234  25674  68482  95159  52721 120918  75954 115928   2988  77344  41562  61434  41310  96462  19675
  64117  69307  30253  48690   3537  90740 111485  26435   6809  99179  94708  74149  57124 114340 102331  70827 107389  79928  67978  98757  57448  28339  58124 106793  98053  32351 121675  52782  47620  96013 105390 113441     58  72047  37284 100950 120179  26807  26759  40903  12589  81008  98381  67125  70322 116929  17614  57163  82793 113096  62541  98849  75822  87688 100487 111482  91927  23323  55868  88547 118167  82502  38634 112262  81850  88569  88718  24309 102194  40282  84372  14852  73626  53639  27030 109549  57286   3793   5881  59683  42357  19772  54180 118291  82768   6224  43675  32425  72822  67714   9953  64108  95855  63648  29919 111447 114695  47710  67453  32963  66955   9425  15816 113823  72025  35438  13508  70779 108580  56089  39187  13779  67486 101843  81659  46067 108636  41122  55349  46164  24625  19049  89177 122402 111097  89024 108814 120951  24581  16161   2121  99285 112784  99536 100732  99902  77408  67616  75508 107759  19072  52918  40204  57033 121860  40698  76758  38466 113535  45768  40726 111220  78031 107656  31204  82652  43146  76335  98280   4986  92566  84536   4897  58382  77972  92265  90274 103856  45787  81760  20075   1777  65121 119743  30630  68979   9909  53455  66230   6848  35194  58875  65894  47748  26946   9186  70082  99373  79493  99516  32463 100787   4471  40139  79729  43038   8989  99741 100992 118598 119012   7838  19219  79740 107281 117727  58527  34014  39811  33834  18664  23867  85688  96485  21422   5289  26383  11251  86283  31725  52397   1613  37647  68336 107868   8753  25338  13160  25849  75453  91665  52744  82585  54982 110771  27455  95493  26702  94827  48019  16498  97041  40512  49078  40654 106253  92837  46166  46024   1267  79637  98288  63487  25937  34298  63705 103327   9372  40235 117243  42841  83936   9002  14386  16760   9063  65689  30767  34772  44859  11004  80366  33809 110103  58670  61410 120419   3769  60534 114078  68687  14214  49540  15564  16309 122339  36868  93045  19807 112079  63862  12330  73921   8825  11688  73901  92553  68137   8398 104949 109101 105821  39854   6907  45068   2544  55622  67587   1352  80420  50518  32226  72603 108190  47610 107446    613  98692  36847  13061  98635  97155   5783  88181  70603  87554  49666  82090  49476 113686  84084  99568  48548 114445  11151  71835  13878  42489  86718  26854  10283  30290 105978  90029   2939  79415  63771  80630  44564   5510
  92561  28143  82680  56087 107791  89330  93284  10955  21640  65775  14367   1238  71790  15719  55957  34406  23132 115539  23691  27591  47337 120247    707  89485   8247  77224  30482  70539  41390  89947  82694  31938   1724  84344  17617  67711  60771  10741 108792  87809  87173  24370  62133 115106  55658  82909  81752   9977  83395  13676 114640  90391  15030  99355  38790  85088   3751  10516 116935  17072  44748  19337 100930  80765  78921  56673  98629  53801  80415   6577  37104  74378   9591  21164 103531   5657   1653 104183  58983  56844  46078  44696  70788  54210 110381   6660  53477  64517  31057  23808  50527 117184   5317  78666  87508  62878  84968  31470  64965  99948  46424  66266  28653  36178   1507  64468  39602  92483  67186  92107   8314  83210  46593 114019  75151  70969 101668  46571  93752  68443  47002  44247  37883  35519   7307  77358  62045 117408   6635  61046  84476  95600  26239  91537  47672  63013  90360  41239  82061  53309  55447  91410 119148  73118 101667  47470  24410  48297 119447  94808  86819 118026  73473   1955   9394  20272  44895  91684  19702  59781  65056  44537 120752 107273  28182  39117   1230  85388 114169 116595 114629  86783   8656  79979  84796  56487  94215 104550  84367  93742  34646  27120  92102 110197 105426  39577  14625  32068  10141  67371  89469 122385 119674 105347  38032  85801  22640   5445  37179  39468  13151  41596  18376 113985 116755  91818 113214  19159  96425  58566  56770  25883  56477     41  73932  80742  19034  27000  62523  60498  13545  29026 113685  17490 103584   3560  67960  31731  43453 109164  37097  11435  47629  53436 104898 116993  54261  88830  11537  12825  10849  30696  42625 102832 121533 112200 115875  78651 110675  71579   1026  24213   9076 122121  53814 110804  37934  43785  27903  48923  88657 109430  66404   2228  36957  70295 117174  63170  94427  32582  94854  91123  31586   3994  63363  78054 113925  13171  66770  91311  86215  23131  86111  74874 103826  36283  84322  41861 119692  67578   6473  99175  88605 102016  74355  60406  42184  24882 104327  83085  83799  83157  43505  87656  22961 104590  80790  46159  65101  48619  62844  87572  82849 107027  30551  73537  80433 101391  31904  14502    173  59319  61720  58117  79303 104880  94450 113417  66536 120819   3374  80336  80325   8148  51405  25824  33589  50488  21632  58408 102346  27074  29654  78221  47623  12875  96976 113416  69246  16875
  97815  63996  31541 117709  27717  67169 103156  76962  45633 118159  77771  65740  73185  24822 108099  25197  59527 104347  16270  45814   8486  41128  83301  98657  42769  49715  15422 109319  75951  23795  98456  60736  11419  40326  47272  69639  10701  19546  89394 114455  34837 105271  68261 115244  87148  73346  27106  82267  57884 110903 104287  50691  88071  99944  86868  34689  21772 100057 106906  13274  73395  10377  79957  39293  35622  49228 107931 106421  68719  92043  76282  31628  68712  45098  79165  86066  71399 111138 112821 107708  46657  40486  35613  52474  83285  92173  59187  37331  39907  20832  43171 114991  89672  35876  48645  54620  71211  75534  98350  55735   4401 101128  43356  21828 106622  13824  15534  50040  79940  31774  32336  81105  38624  12440  53695  30561  36396 110284   6845  98139  31901  61546 103002  22738  11933  85146 110726 100352 117646  47162  17682  97521 104181  15279   6998  89777  36109  73951  20281  18731  93324 118747  44404  15405 104295  14797 102732  79627  73013  28882 112908  53077  13340  14749 120920 122284  75876  62861  42846 113661  59756 111057  52706  35855  45262  85270  52035  92077  89279  67962  51911  81982  86735  14879  49210  93241  35154  74846  16031   7727  68328 120846 114224 119849 102788   4388  76744  82105  27094  28929   8317 108285  93149  11391  75350  46958  84437 102610  51929  82465  13830  76414  38426  44573  49290 102941 121275  39744   3521  50256  10473   7191  95220  17011  22156  19564  21993  19199 116721  66847  17143  45483  77421  48214  34614  22892  38765  63257  93641  55992 109726  31271  39547  86270  12296 111814  29592  47139  43943   8706  12994   7524  99492   2326  87169  68689  51912  51568   2562  90354 103667  25216  85398  62267  53567  41530  80991  99090  94464   6061 109081  75254  59291   3176 113981  20100  46110  13401  19529 119289  33023   2020  62613 103107 112435  48825  87916 102109 113274  33666  62479   9525  28328 122029  66533 111609  77642  50628 118054  73742   2149  67609  34065  66603  41240  20450  84942  79434  48207 118012  94591 102183  92530  71427  22127  77526  24236   7230 121388 110581  51612  52536  30265  14679  82334  93377  36231   4165 105478 109262  78405  34464  41433  14926 112443  83039  12814  46395  90188 105405  43999 111296  20851  10546  86403 120675  47176  63535  45125  49277  19656  35063  58051  47401  59486  94968  85096  70839  50037  11095
 119643  63968  19090  96710  51404 102219  34035  40634  76804 102896  59010  88930  50519 110279  77383  57609  28681 111890  36752  30883  40623 117416  21272  35749  92108  75339  49735  48128  58865  58975  35553  26985  78295   2599  19588  38013 121462   8018  99297   2857  48634  60667  66132  99467  33200  33423  66968  98787  29589   6091  18960  93271 105052  29974  95000  95513  12929 111527  64593  39254  95218  94140  95419 101316  75862  77134  16313  56504  29041  82211  16912  55306  29545  81064  73492  99612  93936  40668  17134  89583  95823 109567  33848  11626    724  33766  28940  91582  37816  90294  60857 110779  76513  46119  38647  50622  89622  91162  50204  31050  67490  91768  36227  55797 103942  82725  77241   6856 109604 102241  86517  87631  14663  21407 109920   2879  33630  25572  13914   7731  55523   4641  34542  39957  48810  10599   3895 122092  36568 115921 112298  71181  55793  20914 106076 120712  40852  91735  41888  13961  57676  49214   4141  52756  18641   5943 121873  69537 106290 116516  89740  35592 118551  58347  72886  98939  26565  42580  10947  11177   2413 116213   3064  32986   9396 117097  83949  18341  33634  33271   9155 120462  68918  53583   9291  41790 108160   7660  61785  65793  87866  34638 120619  80429  66722  64083    284 118319  77824  58984  94087  51692 105225 114888  97908  80882  55603  76444   9042  80482  60388 108606  13096   2202  90194  37537  48281 102326  39513 110958  63949  11520  20081  43844  36294 112657  42225  67811   4298   4184  42842  90717  80863  54773  10367  11964  43499 105857  79100  74454  40734   9241  56555  31548  75080  99186  50198  58218  98123  60579  60316   6521 104284  66528  92044 101375  19155  23034  27528  32867  98401   4853  75488  27939  75904 120809  96671 116662  81909  65864  97351  30081 121285  54662  42897  34378 112566  94247  95772  96812  55612  28761  88978  42083 104906  71354 114752  59720 110746 112330 110344 118667  63402  79246  10448 115204  54902  61446  15708  87487  60190 107849 108237  37842  98636  57595  49592 108329  52627  46010  20790  81726  49498  80222  42040  75025  11361  19589  60419  41976   7542 108850  90028  78812  49511  70973  47593  99176  99310  42942 122122  88155  45077  80928   1874  68148  52261 119037  81791  13455  62269  68590  18862 105603  80006  56614  34896  45479 110297  30417  15667  27650  18181  64631 106877 113352   6298  24757  46090  20016
 120952  91737  52708  75330  41057  85320  73340  92466  51164  91647  96271  33596 108526  31059  60558 106123 100511  48648  15802  92238  59386  45812  41632 100982  82470  27197  64702 113434 120007 119271  35894 118062 117340 119029  28113  14082  36935  73319  75310  35759  54318  13513  28737  99534  74938  14629 105466  87247  74718  45178    110  12627  28031  11991  56370  93838  92789  86439  39144  59982  11754 116281   3965  21821  93390  87108 118850   4526   6088  69638 108065  21249  10969  22980  26677 108661 116481  59876  25823  95457 114528 108447  37487  67092  24540  86611  76304 116904 109869 105910 117631  60162  68872  60229 105585  52723  39990  32457  38197  98344  18748  63083  98698  79461  30400   8081  97631  76747 104361  68263  31860  13548  12074 106382  29947  45470   6175  76347  71316  89432  67072  53736  36897    240 101002  77724  48862  12461 117892  48270  52045 122221  97340  64549 114750  85784  47963  35479  12643   2953  39595 107344  25277  32661  85693  67945  77871  99667  87298  77938  37690  97414  91055  23756  63419 106994  98097  65851  29257  49061  57257  21079  67724   8940   6871  10716 118242  37233  48749  74002  69958  94173 100340  37913  52950  89433  30335  92513  54581  77257  44919  87666  13047   9618  44389  88128  85069  59150  12347   6958  42352   4046  14855 118066  53324  65712  84672   6628  11604  66733  55292  61167  32266 111360  88873  82131  27687  95843  85309  86093  65148 119157  68102  20622  60028  42464 107910  83451  10182  36768  53066  68653  71026  94261  94720  78907  75489  71693  42585  89523  89440  20852  39721  22143 117220  40768  78638  11870  17421  51518  89313  94532  48569  73021  67258 118901  55577  33537  35933   5650 115399  64935  90009 107799  78178 100958 103024  27925  38539  53889 108865  25357  48707  71481 117969 117270 110633  78642 100408  33600  39311  83951  14368  34322  65548  73333  96455  80417  45742 115518   1009  14872 119808  38713  49500  65228  37639  52908  85463   4330 102869  91054  10533  60462  60863  27983  67254  26698  23971  24533  57917  19811 112871  35898 102328  32993 102296  26795  61754    889  10331  65941  16058  74129  72462  35624 101308  48172  89513  63782 112237  30377  84106  96845  40875  23335 102000  59225  33580  57790  32772  80387  39436 109812  72223  63285  18726  10932  10365  31947  65861  82277  16842  24762  60167  10346  25810  19995  39660  60660
  44400  86724  72763  51836  53268  49296 122450   3117  64584 108353  95290 121149   1895  32722 103177  31270  72059  92095 107473  84055 105156  97259   9933  60128 120658  73100  46332  59979 104275  66598  56640  81841  51910 116598  35022 122398  53632  45181  84500 101666 114448  20568  24296  90780  29355  77142 103092  33130  65796   6589    559  55427  76790  47086   1153  78115  24791  10388   6377  31539    850  39451 111181  55121  28987  49543 102556 104650  64570   5747 104190 120894  11079  62839  85870  89083  19059  64597  26050  22394   8285  67749  86345  59726 119546  59192  61395 108334  95436  73177  27154  20007  50247   4280  25746   1942  36796 120820    418 114920  24169  63586 107222 103810  91085  38450  20410  60976  37969  86245 122047  47572  73955  67765  80600  61381  17481 106882  17750  61648  85577  72989  65031  75610 117218  60833 116784 120580  65761  68404  79764  88024  16584  41174  44784 109254  66534  20689  43714 106657  41753  54286  73688  90644  71071 102468 111643 121614 105193 121924  71547  50973  54831  12893 106019  55117  91334  44041  35661   9842  86661 111663  63279  18246  92651  27420 105302  85537  38092  38018  10241  36710  77474  92559  54786 108755  56244    677  32157 116531 115925 122328   6759  16963  60522 105087  31443  68031  85557  51511  28025  86922  86151   2325  54230 111202 100404  27522  67043  70592  96214   9735  84172 113883  86502  41817  24532  26327  83971 103393   2107  31717 106028  56556  22392   3799  65804  86606  47364   4695  43790  28543  12323  41027  63506  88318  87201   2787   4378   5741  17775   5252  62743   1220  43881  66467 104849   1079  86105  26710  29093  83388  85987  33201 111046  28880  13687   7440 121522   4295  78344  63103  31191  57047  22460 113063   6429  31044  22889  29777  76999  79914  74286   2962  84938 105424  49179 121124  29344  40550  16437  70724  56299  39540 119266  16069  93540 112512  49097  29615  68777  93532  10441  69837  45369 108907  36791  20432  26243  86030 121169  34427  98240 121212  75526   7775    585  15099  98067  43113 121996  70439  75798  85202  79097 119030  17241  42261  30974  51736  42918  43772  36372  45968  54240  37081   3775  79141 101651 106091   5107  67354 119724  58624 118312  69788  62824  98369 101839  52533  35109  72472  88514  70667  68867  44824 101815  72493  48708  84650 103123  25689   5152  40757  93898  62406  81746 101228  53027  35203
  21908 106229  52350  96434   2689  27376  25604  73269   3058 118435  36171  14976 103764  15763  68949  96086  54203  54997 108152  70418  73133 121892  48174  82376  31118  58219  49242  74128 114739 121255  44894 103674 103131  40278 121987  90453  59443  22505  65859  69338  99473   9846  96247  90965 108382  58459  47435  89448  80948   7331  78736 118481  98440  65979  82116  90261  98174  34273 100720  20071  92417  76482  97508  73001  85997 108896    488  34304  58707  22430  66657 102562    916  80821  71264  52509  12603 105452  49075  23442  11000  88476  49708  82867  17108  92677  27060   6059 106833  61013  24426  45760  44405  62381  77079  76898  42505  26654  24632  96063  55034  32230  68081 111145   6574  13357  99755  11470   7073 117581 101753  35088  51894  36230  11715  66851  67410  48016 121418  60853 117432 118136  19423  10014  27166  45586  20197  44253 118158 113892  56960  99205   8784  32527  55636  77156  64071  14757  76756  42933  81447 117921  66206    641  62919  44083  65355  94730  79336  22087   7923  29430  63905  31837  44892  14264  93967  79133 116079 115070  55655  88803  75017   1293  40612 100533  80308  34966   9505  76032  45691   9232  72370  98935  71537  61051  15754  30668  39901  17931  75484  66295 117909   4847  47695   5188  58062  91108 108083 108820  18476 113808  22836  70089  97423  33437  78606  44644   7030 107976  21238  82957  39344  78669  28797  65959 119634  44079  34115  83254 109422  56351  41713 113795 116088  33731 104411  24749  73365  49033  79207  60166    250  23597  30365  70933  24090  90628  97291  94441  48036  61567 118243  59411   7732 113422  76989    670  98750 119830  24600  27036  88775  36829  66047  80116  12739  86417  92598 112858  67136   8280  61431  10877 101263  99261  44283  99747  36014  68785  16452 114839 115910  73305 109251  15031  44260  81924 113861  90843   1906  51037 120507  87224  39848  64301  57914  71324 110833  10841   7579    286 115322  98426 113121  10727  78958   6785  89766  30989  44692 121827  32549  70729  72855  42582  21298   9692 118068   1952  98691    940  21918  19310  68109   1876  91473  61776  44546  44304  49173 117919   9179  60887  54652  78928  14834   5423  81668  64459 116776  27773  91200  98866  23816  32115  25887  72263  73266  84626   6606 101009  66466  30605   8951  74861  45622  56529  27041  85731  99070  55324 109302  24463 118570  79793  37127 120403  46693  82834
  95692  55414  83962  33174  59234  58400  34959  61736  52968  46788  20542  55833  23351   7027  33720  91963 101188  91835    798  60008  21692  17585   6297  70034  64999  13091 121191 104923  46999  80635  46891 103246  93400  27045 108410  85365  79327  10964  40290  20190 115395 104575 113388  24031  67413  32420 103160  65008  78634 111586  11956  23666  94589  76666  59709  52720  30538  97373  58146  54906 106313  23418   5021  88485  23291   2270  16387  68523  48414  96132  33649 100430  17693   3870 118787  89329  27543  98676  45822  30558  28147  43458  54754  87782  61472   2153  72756  21042  58540  60766  64637  67436 120014  27400  19586   7152  67957  18247  95529  40793  14127  56625  64876  73054  14242  82705  51726  57222 111126  24544 121783  59002  51768  40193  11986  31030  98146  15880  54868  57915  44538 121935  53240  28872  76178 119521 112264  54614  98892  44196  14728 106638 117746  28319  58502  96314  79978  63400 103966  42806  79362  87132  44347  68268  62546  99507  57066  20482 106779  34253 102672  50589  23575  98061  70850  30638 109782 121634  70052  66775  60158  36795  16055  96516 102961  56440 110450  16792  35151  46628  92272  42049  48022  61794  62965 114937  16864  68970  12954  93710  41478  85080   8709  81163 117468  30735  56292  58620  40253 115656  16073 110830  12478  88263  26600  73370  34943  13123 100875  66752  92961   2799  88888   2344  99412  69377  18308  49660  18928 107579  71186 116892  31793  87376  65622  11572 101333 102986 119889  77091  44507  95186  66633  73270  40646  43197  76648  42258  43456 109612  19804  23697  91990 108722  16700  52804  49583  27827  86930 109821  63704 111473  94093 114876  97796  71886  73490  92537  86956  42354  55103 103371  10383  54989 115776  51018  27145  23171  16802  97710 113989   3663   7689  94840  54220  28083     60  38440  37991 117788  15298   8094  27004  74819 104346 114331  13114  34834 114612  32969  96971  91761  70828  53294  37653  38463  47406  46886 104036 117609  52238 101148  47690  39328  24763 118434 117249  27584   5967  89915 120690  17156 114624  12202  94197 117216  27344  95288  78750  39915  99170 115909  46641  21673  76682  72362  63147  42220  89239  65055  75096  75005   3283  64121  24327  49871 103020 111087  90713   1249  33444 107178  94994  70604 105757  84331   2460  13750  36824  38586 104408  87888  15902  21230  27563  83095  20588  17538  18384 110216
  34661  77618  86170  81271  36081   3120  66616  13067  21761  95542  34855 116728  34063  97732  23941  90911  40857 106973  26534  52406  77400   2042  93350  15642  11886  90579  32293  66686  57701 108577  88552  78006  39989 121180   8787  23741  72877 106678  57913   4624  68578  62969  41355  39591  38090   3839 108587 114959 102254 103569  60013  49317  23643  35869  69929 115725  66982  84504  67456  67573  72182   1086  29731  15900  84528  21693  89020  95247 102465  82527 121775  33563  93365  37602  29205  64959  29793  29181  46204  52682  98480  50568  15478  39381  77210  97823   8296   5095  60033 102671  76284  60837  18452   5282   1422  34274  60517  35375  16655 105851  22513  53631  71405  68300 100744  15469  92357  38493  78817  13695  24631  20593 100042  56302  33879  13902  28856  18298  12671  68641  90032 110309  56222  64826  53955 120169  67706  97789  29486  77602  12315  27003 106876  29578  98150  54342  72856  45353  56310  29749  12286  16534   6511  18992  39203  69872   1354  33858  46838  90613 103133  98228   6154  45448  57760  35983  25692  81547  30904  86388  78858  22835 121511  99282   3126  15848  37275 115898 115198  62054  25968 101048  85285 120847  20518 122016  96437  38965  46995  96532  16869 114450  97544   6206  74250  34881  56239 118413  44116  54288  27210 120587  93351 115056  28955  38529  12675  93144  96593  77258 102202  97488  61695 112247 117531 111484  71110  89759  39341  28515  80750  95359 109456  68174  57120   8306  54825  62761  36010   1918   8675  40284 110884  86459   6012 108717 103372  25288  55917  73523   3441 111462  88693  48175  19961  73946  83066  98510  87220 110785  56282  63466 121825  93279  67388  48530 107634  31429  56475  24935  89419  45249  59469    890  13848 118067  51269 107755 119114  24697  67303  18874  46729 117971  63624   3104  35565 108868  99242  35474  74573  69177  41939  67211 103624  16050  99325  94964  35347  76723  24358  18658  24330  85175 106773 112502  51510 113447  16340  76877  83488  31974  43741 107977  88460  19967  22729  60049  91458  25960  89161  63084  99423  68538  19781   1000  83271  37597  23088  31353  17030  37928   4366 104861 116757  47073  62156  40829  77192  83401  60262  61613  35882  73548 106032   5873 106953  35265  93117  39861  36912   1536  53246  80976  68194  49563 110642 102433  50363 109899 113365 102795  57918  77335 102597 112711  98693  49951  68348 115803
  11393  94916  16599  76569   1316   9982 117088 101811  39872  67449  79062  78558  89656  40345 117890  49146 116470 107511  46213  81052  12888   5978  70914 117889  28870  79173   1165  49628  96667  42148  98870  48169  26915  99231  70621   9584  34892  85221  85135  71031  51432  93169  33981  18128  43156 118841  34126  95127 103666 106651  42589  27853  47528  64017  85496  39237 119707 104212  24605  42012  77246  57043 116204  66346  67555  33884  84133 111748  55646  64497 120428  12267  47705  34399  37035  70425 121311  16928   3621  65623  93056   3483  58163  63935  22315   1933  60480 103731  75141 106286   5507 105252  18134  30341  12083  10426 116488  66289   5773  44307  21946  62108  81701   8025  48226  99496  35643  32362  71102  56951  85558 106429 103770  61921  92259  64641  98571  54212  10266  23420 100491  21173  32363  82408  11644  55071  84689  41312   2198  46117  65764  82813  95401  71063   8935  47772 116073  75821   2082  71509 111526   2744 107545  38131  98048  20758   8364  83610  91128   7081  55243  91902 117252  33475  84686  71514  53575  31680 107856  14081  90538    709  70007 120162  95278   3588  20923  89226 100926  61402  65958  14208   8540  98655  38200  74590  40608 100851 114005  91452  65085  75875  24422   1299  48402  29163 109557  21817 117163  74096  22382  75630 103075 105767  20933  47590  16099  35808  40580  92478  70465  31978  82964  19794  43595  31795  68066  70199  79073 111665  70926  97379  91489  27870    206  31767  49903  91210  54071  20399  60675 115881 113099  80636  84499  81631  68603 120140  36896  48408  30930   6129 110668  57899  40002  48224  87489  19140  70935  29254  20475  58404  80529 107537  80343  69014 109916  28184  53942  82589   6755  17317  29297  54057 116701  39775   4310  29713  70583  30848  51983 112418  41009  20759  95903 117383  83182 122246  58107 106033  47367 112193  49194  86918  66888  97586  95277  56127   5725  73838  10080 112102  63068  48912  62762  29494 108425  51484 122338  32684   7007 117874  30023  89615  99463  34507  10892   2887  48886 116821  23568  76250  21762  98497  93977 111326  16496  97229  59409  82513  22433  97876  95082  24652  21497  73676  15248  19813 112939  90416 121167  42224  14870  98744  18685 106679 121234 101950  51554  76588  31785 100047  18036 114588 115076 106327 119396  70890  14861  11781  11598   7919 121545  36033  11603  96489  72470  25360   4297  62380
  28828  86679  13438  27115  92383   5592  17358  96207  58128  94678 108776  92397  77572  24653  84560   8605 110179    281  72450 107456 110733  20122  46682 107983   2377  90435 104441  83099  39199  37549  43540  17289  49440  65842  49505  13450  89775 119730  51974  34854 118186 111058   2393  97963  77412  22049  89561  89204  45938 106284  76767  19525  17826  65925   1069  22733  96482  40797  45843  26856  81772  73861  36841  90686 117641  79078  82864  70203  35442  13039  17991  11235  43605  83203  78189  30003  60405  40175  74750  36022  65694 111620  45062  67748  98396  70613  20169  72069  57820  74419   6654  38023  75972  44966   2080  70672  55434  35006  14639  83549  97154  80556  24101  66679 122132  16354  22860  62285  12064  68104   1004  18104  11568 112023  65229  71250  29507  49987  35516  47885  59968 121217  94190  60109  89438  12963  35264  12446  57951  64727  69204  42233   1411  91531  88850  59681  89243  88951  94165  87586  35312  47376  92315  41120  43339 108356  84605  64452  70796  49817  73776  89686  13684  21014 116461  99156 112393  97931   8272  39007  39893    921 102223  85745  62010  69666 120613 102880 102135  63021  80690  96686  61784  56409  97432  32571  81190  70923  51624  79574  37264  93667  28108  17207  58177 115433  77000  62329 105909  31545  71662  44506  98273  31019  98367  22061 119832  50164 106766  58721  49390  73085  69764  44202  95287  51952 117742  24243  18890 104652  43142  21485  62583  25796  48264 101363 109799  47586  12215  37598  51333  53823  24210  10180 118420   5928  77450  41107 103555  44257  74517    845 113540  95362  11363  11126  20420  97522 120836  57177  40895  59359  23617  61518  17905  56044  74417  98718  28457  16828   4349  29372  25915  54805 120245  49651  94458  50308  80806  84157  77514  15299  19299  76809  51350  99442  88604  72503 115272  65044  87292 111863  20062  99132  19084  26793   3949   3097 101306 101065  43098  57719  43729 114211 104141 118268  80572  96660   4030   3947  78213  29413  42954 109392 112850 119237 109811  22516  61615  89520  42396   3499 107296  15557 112373  64008  29802   4674  62817  55268 103654  71094  70071  12925 108887  93038  60878  44809  91249 103593   2549  25726 107588 106164  65336   7439  23155  86490  37360  30606 109157  33358  40015 112763 114669  92944   2012  33881  10787 120427 117480  46457 110739 103921  76481   1787  14248 119044  47035  62468
  26185  87013  16153  17136  19853  99721  36852  98388 121230  35606 121264  70005 122314 105764  56276  42781 117907  49913  21911  57190  45940  92215  66795  32053  58598  74137  15612  36331  84276  70683 121875  67301  76740 102083  34171  55375  98703   4996  40927  53034  22631   1683  32440  98402 107187  55552  64350  12287  59162  11957  19331  40166  55058  35847  11279  64479  78052  50424  77361  73211  89380  88463  71632  70852   5538  46040  51760   6892   1213  75465 116849  59022  98527 117647  43502  21616  12135  84877  98729  26026 102519  48243  33046  46505  22491  46176  11105 116779  16436  60880  10208 110447  75036  74191  66658  16288  75731  32945 103304  90197  16361  27447  41056 114100  65921  89859  49369 116581  21202  75035  99158  88542 121056  75623  64076   7809  94843  68621  68942   7778  27817  82978  70142  72499  13976 118660  90993  51560 121013  69676  12293  20627  94713  96235   6232  69502  19711  48429  74319 110263  45894  72910  14076  51671  31063 108581 101271 112494 121216  75099 108323  86052  59664   7834  74918  43077  70863 120343  58158  81120  72525 111345  27463  36346  71435  32665  72078 106402  21050  27836  62935   3495 110184  30244     15 107746  91387  52730 118559  75452 110459  27967  34778  78987  65423  81603 108698 104954  44658 110682  99889  59473  65972 117425 101653  20550  34364 109337  57796 100486  30116  62959  40427  86721 109658  60115  67098  55217  83640  68968  43073  74932 116771  44678 117233  30294  98944  24742  38415  76326  80523 118807  15188 108750   6680  94533    901  41035  34533   3357  66551  72280  14074  76457  71778  58980  12803  64910  36471  92535  57998  60538  27621  17478  60642  22005  18330  95318  73250 103844   5458 110679  59834  35556  92056  35444  28279  10347   5055  82937  33974  65722 105662  67327 121120  38834  22800 108032  47003   9273  17371  11566  28907  49645  22281 111310  61670  37766  73297  72806  12336  81242 106289 109207  24167 107120  42091  43080  10998  98668  62097  60807  65002 121656  85144     45  19373  59717 103978  33075  47314  21237  56587   3920  18778  43644  85892  99597  41547  24911  98956  93639  46841  59687  43612  17816  99436  55455  34258  55994  76645  75809  61958  29269 107877  53816  65508  67237  32943 110616 110554  25564  99082  86079  29443  58936  51393 111104  97534  25598 106288 109490   9526   6342  57688  43239  94077  27556  35013  97564
  87630  72783  23687  95929  35280  60022 100364  72347 121644  67377 107729  12261 112654 101814    199  69573   1772  90869  34757  59472  38162  22425  50908  13705 104609 121031  52255  87139  49536 121033 119260   9535  85212  55617 110724  42441  71838  58765  48237  91577   7745  86334  57180  67011 112692  53962  33299  14919  16432 119938  30044  10019  53735  15275  62508  41408  58309 107783  39057  32917  93524 101886   6254  46845 106728  68675 102165   3189  84551  86235  32143    519   3391   8502  15822  99407  95331  11449  76215  24214  30615  86314  41404  57370   3780   6244  85074  21524 105775 107587 101361   8967  42462 112177  98512  24068  26920  69113  31803  46402   8389  86390  23036  58898  60824  26300  16623   9967  30455  23621 100058  89508  95883  92616  51918  22118 118844  19303  65746  15809 112540  20701  60633  55558  80704  97102  99428  37477  46674  68378 109224   3713  93376  42460  28824  11386  39202  29161  27434 107993  34924 110030  26287  59994  74345  57195  96218  51291  47873  37692  54332  51008  96091  55221  94264  39420 120130  46268 120122  46929  88019   4952 100916    509 104322  99131 101021  37998  95490 106585  12000  80514  39546  73351 113034   3354  33980  32080 105095 118446   1838   3888  93392 111571  47924 102557  95984  11009    142  78752  74290   4205  82762  23873  29070 103021 118194 108050  56766 111510  35491  89825 111036  11030  86754  74462  64870 103631  42307   6459  20020  80735  70038  57334   7831  10004 102432  60657  51401  21188  12560  79000 106048  69731  42668  32956 116248  71053  23158  65032 102940  75104  49643  66323  29056  43270 117272 120210  71157  23149 104756  74588  37527 117433 106477  37069  87770   7432  54229  19736  72110  49856  52300  57786  13543 102340  26190  44988  22104 113333 101602  35548  40651  87875  86466  80272   1271  26310  62884  76328  24772 114348  43240  78209  55134  67564  66555   7739 109921  20907  34310  36602  29080  99475  47771  85451  88358 114714  53968 115831  61433  66799  93198  44325  23974 101323  22018  54063  42499  54718  67431 121038   4483 108559  50909  36759  49256 101457  33264 108348   4491  18784  36772  82254  51072  80608  44811  20034  78553  73635  58719 110913 117499  11805  56188 104774  88137  71260  66182 119732 101011 112161  31005  89589  11431  28965  83365  92705 117502 105919  26925  76495 116170  39571  66655  63923  59903  19831 122479  16882
  59400  54580  16163  90408  45853  23184  93868 112380  54569 115163  51775 112538 101706  16744  34371  69880  40674  10507  11057  20285  58049  51741  70150  16353  90460 101888  29387 111758  60937  15166  40346  62397  40990  63429   9900  15259  76964  85203  58339   6894  21598   9957 122498  17360  58657 109472  37122  26556  21406  36127  16976  77832  44522 115884  84930  77912  25979  79234  56376 109087  35831  48663   8968 118307  42432   3930  70385  48407  42222  67381  73475 105570  85792  93266  85539  58155  87327  52389 102714  90073  95065  87007 114482  46163  70285 108735  98615  62510 110291  88246  90881  27690  52544  59802   1144   3935   7350  43412   8674 108963  61084 119961  51940  80314 104761  69355  65217  62439 100420  71004  63728  90229  95197  44391 107291  13807  66756 118712   3956  81488  73544  22078  60783  99869 120610   2319  54174 108919  18378 114946  39843  42385 117753  24398  65241  48394  37250  59058  88249  70363  68859   3334  52621  68358   1454  10164 111243  16198  36084  20983  64590  41582  79917  80181  29007   7469  35871 119532 100577  50587   4441  49581  90233 108311  27505  15314  49202  10660  94757 113277 118922  53675  36750  64153  45274   9867  20436  94383 109670  41872  95152 104809  70276 101946  10230  21907  22137  54109  25075  73471  49442  30691  64423  66849  53560   9965  96544  87280  37148  94861  48239 116879  57568  61411  47033  45334  17124  82825  70207  98115  83516  50343  63865 107839  78612  47123  69855  92865  65110  46807  64090  67920 108676  79288  71212   5971  35710  57460   4694 121248 109530 114462  85532  40540  37616   7419  82958  97150  51334  88733  34358 102055  94139  33402 105189  19029  66855 121779  33098  20292  34085  90493  82448  66394  58811  85405  38347  86719  41059 121091  79203  88683  40459    296  99989  62549  69404  27177 107878  46523  78375 102113  75470  89503  30929  36315 106960  42926  30487  87089  40798  80295  41741  55239  49249  88980  78646  32996 103307 105905    274  63473  36665  88277  82396  92354  25061  25933  20266  80569  92804  71529  38350 109169  48879  18955  19328  39108  70306  34530  97550  35448   8337   7020  46022   7708 103671  68640  42633  40287  48711  14932  58516   6952 103311  89323 108737  10306    662 117020 103866  32024  38728 110399  80089  61629 117851  37075  63790  98864 106044  81811   5534  76896  63797   8776  69260  88138  40671  57483
  93381  35451  20862  58854 101365  33898 116867  64086  83933  91190 109390 107582  55731 118669 101416  48655  61706  30051  24932 120388 119303  88777  59662 117360  42371 108805  55379  90348 100455  11019 113776  91981  74311 114814 101697  37786 102735   5503 103529  37587  42516  78065  64502  25211  20219  86441  60042  90715  27547  12004  86536  38856 110340  22743  53669  42880  58009  10504  83423 107907  48628  62823   1889 112725  76161  25135  31054  62422  87368  44834  20749 108155  30456 113341  77506   8658  46271 119667  17955  61984  77311  31342  33282  20493 100060    918  58078 101006   6454  98594  21527  82138  91381  83536  25052   9302  92876  86012  15715  77132   2402  81497  99767  87117  78535 120884  37096  29874  27877  35394  51036  87718  77866 102632 102442  58934  35053 109967  72882  25034  15927  15296  44502  73331  91950   5090 100721   8135   3350  29577  43005  65571   8888  42719  70278 112919 119355  57553  73991  38477  83478   5438  48315  10967 110243 103865 106431   1603  39981  69670  45319  12636 105546  52090   9313  39914  44961  38286  46732 116449  86652 117748  14756  67813  79411  26042  26171  23801 109123 120339  37627  21156 113641 118151  33585  83692 106619  67170 117493  75663  26743   6003  21030  54406  75337  37040 101493   5238  75372   3092  42971  52123  51770  32991  63202  92002 106171 104037  66411 109102  81275 120560  55083  48990  36588  70802  26757   3608 107390  83141  26140  25792  35499   9660 121752 109668 109015 117745  10679 107724 116527  76760  36574  47099 110770 117672  83037  99408  74680 105625  67620  92086  68156  25396 109551    959  12258 114373   1190  18034  53163  26116  31203  53792  90070 100225  96988 106476  36374  71620 106416  43028 120062  37192  53226  32718  29566    733  61359  32736  20924  41063  58467 109550  10340   8261  67406 102669  16085  45253 108422  71479 110516  49404  51433  84250  32326 111330  11553  86017 100045  62811  26632  57351  45911  73936  27365  36126  18592  69944  63612  67880  44672  43768  26055 114058   3311  15386  27112  95815  67071   1183   8252 115752  13092  17842  35696  85037   4737  37376 118709  15693 101143   3547  53621  87311 110374  60250  83551  51104  77894 109303  54392  69187  34840 103986  72691  88981 110416  41973  20045  30173  14533  49932  98013  77809  18225  31332  62923 115845  89898 101076   2252  71258  39209  13874  74027  74388  17675  57558
  71310  28009  15851  35525  39779  96951  36954  18740 109714 111728 121472  31572  51956  88352  38206  32846   9776 113328  56113  53488  83125  60408 116806   1076 120514  70905  14116   2685  54680  14148  27208  51045  22759  86936 109744  72281  52360  54613  73323  86790  94129  40666 106405  11420  91731  32795  69374  34794  94715  42610  94371  66424  12662  50729  93908  72366    345  66383 115926   9673  93601  55722  70895  30907  76658  76207  15721  31298  93040 116562  45038  97391 106250  32471   8801  99233  13180 106467  17867  89407  43750  34582   7701  43766   9703  92499  22545 111244  58949  54999  76838  39437  69176  15669  69610   1640 103159  57625  43487  36219  54763  44141  48681  88731  61375  12279  63017  17847 107832   3628  25609  34504  13995 111385  22678  91363  32393  84383  20777  44652 119598   5800  54410  47751  70844  26966   5521  45704  98600 120993   1056 112464  95440  10894  13615  21861  48054  37328 117872  81795  18190 116923  99758  84687 111565  94470  28739  13668  75120   5027   4047  39516   7119  73735  20562  38125  84771  33325 121617 118828  85233  42104  10513 108775  56182  76092 119659  34134  93987 110600  78878 102347  33229  57128 121584 122069  45727 101511  91753  71401  49329  64592   5504   8404  66298 110386 121347  15223  29819  94000  37370  53292  24094 109579   9069 102693 115283   6253  37425  59146  75186  93958  48349  19887  80632  63340  50712  40801 112519  22485  80901  38558  50550  74892  53887  11907  50841  52280 103827  80322  73732 100180   4893  33123 115638 119584  35827  19606  92671  14113   9020  91636  95785  28374  92282  65787  16249  62744  88243  16825  22532  77355  28273  38015  72567 108677  86295  84571  80568  25190  16044  28102 122073  66173  27734 105232  69931  64710  43668  62297  83711  56095  64981  93258 119869 114039  40393  26872 107793 120579 117952  47281  47850  93888 107372 119203  29436  33660 112383  51725 117802  13890  49681 106604  14698  29938  74629  85726  23514  44993  74947  95219  25085   4832  43701  86019  47151  82715  80468  48840 104699  54911  86746  92245  98117 112190 120476 100794  16531  10043  72082 116725  53318 114797  36825  17083  59905  89403  68207 113171   1387 115203   3683  43496  52418  63315  30999  58489 104606 102467  16592  34676   4701   9148  13345  13746 111592 110061  74936  96992 100107  24538  20375  56114  74249 114116  53605  88674  68623  85874
  91020  52810  58084  17223   1133  50807  59799  92702  26831  66688  89306  35195  49892  31012  70962   6145 113098  70851  17443  29884 116972  30964  73042  60048  75496  43725  54359  62379  16544  49453  18888  97304  25805 117180 104902  82062  86678  33140 102588  95107  86761  27147  33479  24513  94483  62463    626  19892  51323  63244  98851  81032 100015  47833  81300  57645  50958 122091  39105   1083  57642   5608 120061  39266  15589  73060 110826  17290  10358  99950  37486 104882 106771  37135  26599 111286 106682  54290  30515 102719  66983  82890  90937  83532 110866  14548 118391 105121  94041  12496  35620  80113  50404 100993  90556  99470  48902  13930  21644 100291  46933  90531  74935  77508 119184  52605 116919 120495  34090   1357  12541  86730  49947  43516  66980  43255 105179  17575  50215  43932  27766  42487  28301  71591  43011  29243  58127 111614 119585   9144  60281 104216  80043   8420  24959  82870  52974  79692  95147  49046  84260  74896  24129 104525  35811  70772 113668  27966 104885  66806  78966  28591  92037  84937 116987   9256  63134  95789  10896  31839  70797 110834  65891   5575  55691 115052  57225  86021  65260  69534  47749  50300  18429  58393   9947  94820  96617  38792  67782 118906  32026  19793   5838 108056   2309  23590  39288  91475  46400  20813 120434  63944  30356  75970  65339   1464  92361  79152 106362  15183  98408  29714 104320  50574  66485  91663  29401  18051  93460   3877 122181   7956   7976  81146  95409 113360  67028  51582  88511 108584  27640  70875  27397 121036 115906  36963  74954  74344   3650  62966  52662  64660  28033 108181  81846  26288  33690  23315  76366  64649 108351  74537  63751   6030  73646  49548  88027  30107   9861  51745  71406  18660  93473  22101  54942 120540 106754  67535 115150  88862  53979 116713  85262 111076  27663  85617  82916 122362  91189  24168  32461  31713  71772  44205  63049  50918  24703  57000  26194  15771  53780  78849  30752 103181  87632  67005  33440 114826  26597  55382 115334  77936  31963  12933 119496  93913  18443  83206  32622  55098  75009  74497   8509   1510  94644  97170 104355  55107  66127  91048 107863  39971  28312  99936  49191  82529   2525  89570  16319  60108  17240 120997  55606  30259  19945 112896  60171  11347   3693  10091 109328  57101  82398  39651   3020  13142  49530  10700  24159  51069  85514 114603  15572  98637  24088 100262  62402  44709  31919  94104
  39807  12513  45276  79609  42242  32493  11493  42568  40753  64358  65862 100528   2790  26392  37916 118764  66285  80137   6168  66008 117000  47520   5162  86799  84718  77477  92606  13639   8663  28990  61514  17552  12853  49203  65821  16502  75545  11567 100542  48543  20969  10870  91482  59693  52286  18935  22207  61234    691  87946  84442  25802 117017  95332  58590  33587  35125  73031  70228    237 112076   8580  99561   7205 111895  63416 106998  19113  19715 107602  34351 121399  81921   3720  96581    283 119588  47484  56792    460  72730  30018  90805  59566 107121 100706 110066  28530  50244  33828   8822  91517  15867  73129 109536  86933  69312  95804  55916 110667  33383   1793    789 119561  70475 120556  27373  10904 114868  67890 101633  63892 117061  90338 114096  56456  27107  83357 115596 115241  28582 101575   9931   8523  95090  42314 100723  22311  89333 107460  29875  31629  15767  82424  23247  96567  55150 100642  44910  33048  70012 116472  20321 119812  10911 101047   6017  62788  56032  83237 100789   8771  29298 114548   8916  96321  78526  57903  46750  65377  34510  46261  28992 106617  81957  84099  37354  59767  28952  91652   3914  59115  57302  46132  38816  59716  54487  35540 103723   3724 108372  78143  96767  15934  80474  78357  45269  19335   6025  57952  62488  35970  47020 108201  59711 116492 111677 112096  68287  91941  28491  77886  58286  61930  26842  65368  53476  69482  15176  34030   8292 117842 112804  65463  23778  12548 121888  92860  85709 117820  88165  27602 100132  99448  93643   8630  18832   4328  29419  77303  86487  55209  33867 113515  40306  26492  30577  50607  62680  73750  78832  90491  54625   1627  79783  77012  46463  71644  82112  16115  87175  36410 121092  77869  14497  96829  17002  80423  42407  40739  55670  84227  19478  68406  97462  15168 119978  78158 109375 104227  21043 100418  10060  55844  95602 117736 103949  14644  58549  28666  82938 106471  24093 114395  22108  15157  25326  70235 109943  94408  52408  38187  76979 100620  52715  86183  21885  71486  73931  34610  19942    387  76795 111803   3049 117850    186  16070 112291  71398  86004  37258  20823  10684 101455  72114 114227  54003  75548  28810  99192 113997  63354  52226  84413  55892  84183  94890   4356  89270  31405  16225  83282  92675  55521  93854  83406  84238  53237  71345  69175 106079  59515 106627  92622 114273   5442  37193  87612  72433
  95784  60850  82732  54087  63501 102345 116416 117570  30296  52172  20232  30405  11755  74285 104234 108764  86825  54538  47739  73875  89650 117089  98959  22785   7798  65785  25797  90967 115650  35365  46731  81001   5738  95126  26179   1935    503   5167  75287  68931  80014  48048 110780  37947 106824  52413  46793  19305   7678 114333   2912 109067  47063 121049 103822 115677 107753  64318  82085  30762  94776   7243 107102 122236  80488 112445 105672  55014  71712  70022  33877  59091 119675  18261  97868  30194   5176  58071  81818  60232  32728  41421 121698  22054  36884  28021  37544  86782  42129  30349  51782   8360 116957  69583  32885  20467 101089  59700  39118  17835   7475  19759  15703 101301  20639  20510  43858  96116   4534  41513  46219  87622 101213  69358  63481  66674  45264  51941  19743  56052  68082  37338  16226   1818 122277  55265  73853  12359  24994  12420   4532 109919  52601  77295 111605  31708  81667   3227 100820   2819  60488  17637 115375   1803 121332  15537 116295  38874 116622  87221 120335  27007   7772 118348  74272  69225  45279   2057 117620  61005  67871 105516  73942  10063  83562    919  76075  30575  69959  63432  80659  53983  36177   2771  18966  80586  19795  72589  31176 112293 104195  58952  36192 102973  34838  53953  65744 114128  32754  77008 100736  47999  22444 105169  79932  40778  97219 115679  59598  40992  20602  66785  89519 107008  44027  31327 101012  46627  78472  48890  14275 109035 120173  57113 102379  82933  70939 106352  42168  57552 105467  84596  77691  72460  93826  49401  34039  22417  38601  70079  76195  92744   4965  13439 101900  16355 110528  70645  57547   7323  92419 118318  70960  81790 100594 102079  54020 110165    277  26634 100439  89767 111692  64699  74655 100012  27660  96466  66818   3036  51844   3831 104438  34484  97975  60317  49048  98552  46267  54403 102032  17078  54623   3409  35143  53749  81966 114581  76483  69615 120344  13860  76692  64448 110981  67444 121566  90193  63909 120382  22899  11589  87412  85420 109626  24606  33691 118100  28242  42476  52938 105959  31789 107105  42264   1105  82418   5111  58240  14042  96106  14020  46312  24372  59285  21883  38857  23523  42412  84855 113590   2864  58001   5970  32141  55392  78339  42484  63362  22615  88260  18199  89719  61589  14339   6178  55991   1914 106064  31992  29337  73145 103091 109677 100795  21670  75866  19869 120257 110799
  22711   3224  42890  70354  63408  53212  66550  84682  32225  59889 100457  75159  28862 116120  89566  31914  31700  40510  57274  47780  17105 103553  65991  73502  23704  61196  90863  19421  40330 101986  42994  59611  15174   8699 103023  52998  45297  29250 107431  37861 110626 111075  22930  75944  84907  81929  89379  56730  85442  86061 120968  53934  15321  48480  57629  52565 100347  26785  81108  96876  57238  58860  10064    537  14989  58792  41769 107637   3835  87677  94147 117104  43994  69874 109779  43280  55618 108388  10260 114038   9414  33215 102146  29590  98827  89974  15165   3899 105642  87755  77191 102043  46225  55913 113156  18170  90515  18055  52749 107409 108987 108385  67379  94828  96034  17101 116384  16552  69238  56539  29730  42059  23777  17688 114195   5633  75523 121738  55501  30496  91298  16626  83155  46614   1631  21201  61633  26892  94688  18405 111761  77035  17788  14143  32628  98908  15233  15508  41788  84757  10022  56470 111697 109444  97985  50017  44194   3464  73841  78755  71890  72126  69690  16034  79821 108875  52310   6065  80156  31783  49352  81255 118729  13883  76016  11369  34343  86836  73314 113698  98055  97999  78852  27017  41385 106113  32922  71841  73918  17467 112902 106783  35115  51936  68989  17954  11180  55296  69486  74606  33964   3376   2454 113418  77444  36705  89292 109886  71017  88448  37515 103488  89006  62461 105349  82554  16945  36714  14860  98363 119797   2371  16823   6772  85813  56459  76596  62327 116521  82751  98862  54617  55661   3025  39497  72257   4022  97334  14741  19249  14822  29753  30855  85832 118032  56523  66439  50509  79811  66906  54978  27958 113471  22395  25718   9580  59123 118093  73259  71881  49012 112145  70983  52552   2883 115118  94455  35204  69766  42381   9644  61811 117604  57710  71277 101046 114824  48518 111962  30416  23481  97317  17162   8731  88816  81671  94034  97849  25579  41353  54693  93736  62495  87842  45701  92476   3477  55429  48676   1060  89156  57010  30352 120823  74683  21470  66874  77453  74969  90382  85814  80190  83604  56735  71960  65185 111463  87754 107784   6135  93993  31238  88798  96470  85252 107968  89248  85318  31377  50921  12244  68242  23220  19482  86254 107800  85926   2076  66663  83413  58145  27405  78448  39615  64889   1693  42722 103895  77351  98439  28932  91970  32383  55303   3323 110011  79273  18260  99974   9210
  19008  61756  82716  15073   2820 103496 113231  20687  51685  67405  91068  61504  79911  78805  77788  88040  50067  29880  45892  49860  23953  86246  42063  13406  80389  51450  98177  22312  66256  62734 114616 101062  60641  23586  66575 104831  14636  64160   4241  73657 103360  78003  84576 119325  47641 112639  93815  65960  27035 117779  27335  61349  86994 121785  88917  87073  53079  38402  17365  51588  11639  81240  14245  93407  57114 100892  39723 102253  90147  51301  57249 119569 112147   9437  66075  99697  31398 107564  98128  59372  32404  68572  59896  77184 119633  48047 110609 120073  26372  65645  78135  82327 111094  95775  88067  45972  82797  55198   2955  96915  56758 112768   5578  60293  89070  84660  37390 103058  77359  90662  12717   9865  91094  33839  99169   2709   8175  59416  25987  40561  42344    513  68763  68602  75754 122403  96774 116487 101432  26644  90249  40537 101474  77273   2220 115045  95524  62669 114384  47763  31068  10765  74430  26183  31217  51761  14964  89247  44991  89670  40491  83153  16241  99273 102826  84509   3427  25982  15688  80201  18052  13421 118866  80547 112904   9807  51300 105825  92356 108813   5117  65257 105569  69067  26903  86751    715  97812  99177  65598  47671  36469  67289   6603  75786  50777 109257 120375  12841 117339  13469  14109  18142  36476  11565 121979 110077  24637  88866  41282   4208  51129  99987  76333   5878   5379 104509  46630 111112  46927  23791  70684  63327  15236 118175  67864  95831  24898  17407  32541  92382  68043 100493  73309  31498  10982 102873  74975   4627  85848  19906  66988  79731  37571  49516  28813  54468  72621  69681  49040    690 120181  96039  29475  53275 107290 100895  90963   3082  20757  44167 119788  67329  35727  45351  53330  65253  57898  71753  83691  39554  73059  42377  83161  84879  80438  60627  41581  33880  23124  88000 102441   2541  81284  44193  89844  84772 106839  55967   7578  40819  63375  45124  91916  70570  49518  98579  28745 104318  91604  29698  30197  36524  87380  62536  84330 110963   8747  88466 105027  43246  82486  80220  92209 116448  21807  20541  29497   4598  16420  79316  49887 118714  85015  41322  57686  85800  87469  51109   2030  34611  25079  72554  82234   5419  52132  48438   4490  37507  97745  35019  54954 107483  87252 107092  48426   6472  92328 100029   3258    934  54890  21810   9452   4815  14952  57753  51549  59051  54502
  79423 114841  37747 105859  69943  46880  37904  22298 104012  89579  13840  96142  46939  47336  22943   5283  19847 108673  36417  63311 103811  58734 100899  25574  62646   8046   3476  74897  61570  89174 100259  10544   4810 116630  81231  72768  92242  94253  68352  69773 112014 119062  57580  51832  76035  60688  19749  39608  21812  76734  96913   8230 120817   4892 109186  49499 121358  40295 112515 104786  66349  98436  41498  23196  84454  86846  12269  39373  87720  40100  28655 106933  77150 111769   9279   5524  37356   7183  70622   8369 120981  71348  83992  26399 112595   7733 107942   6888  32306  68153  52674  34157  36101  84767  56952  48341  60110 121441  56727  70845 116707   9829 116158  19168 121859  80712  67390   2839  21939  83342   6945 110567  50007  62298    737 106001   5058 101755 107534  17815  59283  54026  83540  51337  93772   6866  44791  61118 107365  81510  62061  20429 119994 106025  80340  64583  79051 121087  35225   3497  98291  18473  94326 112091  86137 111561  66750  57696  11775 113367  29997  85698 114282  90955 116549  17434  93961  99579  17950   5074  77864  85502  54605  79744  89928  55194  71128  20696  38050  37973 114542  51220 117659  87915  51978  19720  15544  61169  52814  32937 109306  21890 109885  20378  29942    606  54017  21718  42938   4454  81867  81051   6826  73775  11327  31668 104544  59012 117004 121864   5796  39028   6458  20415  62208   2204  61608  36748 101034 110673   3738  25511  27928  13972 102582  48583  62532  69103  81157  96970  77485  77798  94500 119123  20195  80321  55881  42497  31009  26052  85868  83903  24611  29923  46569  97758  34036  73448  84928  17003  52247  41889  34744  15028 101615  25754 121939    784  46486  91057  46193  23084  54136  59513  92808  65080 108708  10127 109003 107406  72595  90057  80500  65521  27491   2731  14071  54529 119515  93781  30591  84404  64081  70918  46525 108588  53253  76179  31247  62066  38900  90051  14842  73267  20970  29625  53529  34468  81196  29817  26205 122406  94032  18561  72710 119423  52357 117539  32792  32333  75761  30013 106024  32055  44091  32985  42435  75961  86823   8644 116002  96944 105955  47789  79792  72774   5380 114765  89794  37162  18290 107423  65089  15709  62612 106243  76616  20191 102469  26635 104942 107735  37039  56404  65076 104839  57683   6904  19071  73172  91281  27731  98773 119393  29220  21675   3838  90576 118220  26450
 104770  39090  75432     24  73894  14356  50088 121974  40519  77656  56581  83596  27692  25021  15936  13757  85946  33921 120585 116089  53315  99904  33790 115408  78739  76509 112735  50355  17968  30991  58916  77094 104238  39804   2625 102450  13754  34412  90389 115296  42741  94016 116365   1129  21379 116285  77944 103152  10856  15960 109970  28169  79265  63830    731  29108  97066  23834   3388  14043  15307  97192  10198 105624 114576 107730 117545  47701  27668  92788  85516 116563 116209  71383   1355 109591  73066  57933  69603  18789   1931  35781  74790  31728  20428  98092   9222  75085  57246  54086  36988  97458  63474  21234 119574  98678  64446  17183  62870   9930  22561 118181  13842  84267  68914  26272  61961  57823  56221  54453   3858  91845  14863  24065  54391  82670   7719  84676  28500   7550  31531   4595 106633  21853  85093  46802 114063 109144 111049 119939  16641  52681  24933  52330 106775   6991  63976 120753  39178   7267 117207  73394 105288  57095  89095  23438  30007  63514  95712  26337 110313  21849  68262  47411  94290  78639  76538  96746  53920 117135 103663  13256  98275 110328   6852 119078 120235  64767 105501  71174  92787  24347  86863  70713   5712  37588  70312  70543   8666  48200  66233  76271 104271   1163  53971  56777  43343  94062  82962  35752 122289  34297   6174   2241   5815  87983  59377 109679  88405  69400 120588  98852 111411  19240  98161  70223  83653  27641  75138  51586  46740  18032  38999  70585  14289   2238   1052  42794  88090  77658  90480  79386 108145  19850  92574  26187  45084 110945  12379 106002  51395  85185  96264  27681  44600 113543  66375  73749  36556  99123  71625 122405  60677  16192  97456  67821  98352  17994    746  57008  75903  16697  93125  34890  19763   1101  38419  80940  29012  59312  46000  84513  15698  65144  13838  97668  68821  95474  86434  22792    788 107941  53522 106462 118206  65751  89416  36304  87734  82469  58766  23482 102159 103134  59221  78312  12250  60804  68203  13396  79963  25243  15241  17620 103288  72852  33032  96950 120522  73592   1499  79840 111479   5156  37021  16203  14851  22079 102053  21264   3959  49688  73916  15320  38064  82727  61318  38903 117733 116181  70812  88575  34140  99933  21712  66446  83245  36099 106599  16682  17749  48134  94149 112701  96734  77247  79834  24015  59593  99691  55515  72318  89195 114808  43462 120799  66403  59945  61612  21573
 120727 121914  12078  80672  19663  25697  53673  47059  21257  62695 102214   2279  73516 104994  14298  45778  57718  40358  87381  77292  83987  35396 103644 113596  51916  55460  80453  36516  47130  83687  10124  68363  73909   7160  52299  27613  17473  63795    755  89393 120408  45613  58262  99116  79131  35564  97606 115765  14108 120773   8192  27971 110774  87333  18838 108146  92989  40224  28304  50111  85467  86744 103097  67320  23276  36837  66370  32169  74264  83463 110228 117543  97524  79649   1286  60018  49169  36095  25392  22769  29789 102056   3042  45774  13800  39666  75499  73517  38967   3154  33653  75200 105508  93566 114613  17514  26299 119418  28434  56140  57436  34306  90994  96749 106573  56719  92881  38973  14467  64651  84792  77573  63258  12804  96351  21502  99141  75521  88418 103008  31652 109632  69066  27842  28634  65806  58869 108082  62787 110461 116766  48286  37657  29271  53618  40786  50492 110738  93611 111152  59178  36209   2548 106970  49448  98325  60329  50558  31446  69820  44816 100072  48092  73255 117306  44224  37899  34174  94220 108449   5057  95708  93651  94520  88332  51366  78626  95352  49983  33798  82557  27698   5900  78949 116740  26497  61553 101732  65176  17122 119901  98464  98293  49092 111234  30610   5105 121054  53691 118397  41510 113459  81884  49204   7538  99235  17338  17638  81375   3699  17182  59052 120697  12586   2144  66234  96193  61315    657  77096 106985  72442  90875  49416  66963  64985  80379  11828  90545  19580 101877  10676  58314  81642  13960  53399  12506  20349  99443  61461 114021 100983  54598  53777  69228  77221  93892  62832   7671  88072 114413  53093  65520 111329  72211  17286  48760  63461  85799  97661  30322  37850 105746  42401  49573  86282  33429  21341  78205 110177  46097  53105  88474  74136  14873   6747 102976  71457 101343  33701 111652   2172  69421  16254  58421   1844  23427    874   3613  15956  45698  70612  24808  34979  61229  23233  11366   2305  93016  12519  21585 112631  76915 117391  49226  38495  93727  22492  64190  99422  49255  53181  91346 119071  98162  95767 110041   4057  27461 107435  23578  91813  55832  52231  63875  33125  22857  56071  12525  34731  87360 115370  43062 118113  79958  23217  90951  58978  69564  83252  45210  43581  74922 107575  75326 109489 104695  22473   2430  75570 122482  66907   4760  57135  10045  10755  59093  39787 113529  34205
  55616 109801  40715 108558   7353 112524  39434  53200 102640  92817 107420 106580  24975  91326  46345 104948   8468  43514  91320  59947  89899  96954  82930   2221  62633   4587  31759  46834  97554 118351 110544  95866  88200 104547  93181  57396  69107 114981  75462  57738  82248 104465  58529 108055  63969  51281  98385  43705  31609  71449  17934 103682  64656  96828 110275  24165  23116  42245  54794  82650  14229  27209 105650 122360  85301  48127  94192  82783  37056 101890 118335 120024   4943  64822  48292  80865 119680  17855  25602  48960  29665  92072  86318  27371  25976  96643  92540  42866  40667  96030  56566 121077  84873  67261 108812 106136  34697 120452   3938  85294 101408  32948  27330  80747  42763  99905 118796 109531  99880  14178  96844   6674 117477  36443  64107  91319  27511  50934  60311  17149   1498   4792      9  52705  62691  92759  70964  52844  34438 118404  24224 115606  20589  99488  23877  40298  98530  19581   5691  36076  28205  36384  16542 107938  18312 112492  83124  91587  46778  38310 118457  43078 107951  27496 115459  31127  62368  48333  90559   3159  57767  67708  88696  29071  13926  66217  52477  41652   4368  84912 114623 119395  58412  37221  10875 105244 110224  53415  12545  83005  12091  16766  95742  79431  34397  69641 108121  26247  15615  85979  16934  44833  35003 120882  83485  14343  42238 117852  57347  78630   5023  99221  61094    982 115545  12975   2101  84409  86201  56265   3789 107485 106640  20157   6562  38500  97877 113299  67497   7713  67741   9784  11394  87477  86367  12726  48603  76079  21228  31373  33042  82027  97769  56778  61453 115871  91203 112627  17570  43965    791  87620  43106  10247 100379  78980  71986  92160  84317  39883   2363  60629  55875  88427  63308  55533  87530  40057  17012  60374  28521  99650  81045  55238  35263  35501  64313  39937  56517  87405  51116  18765  90558 121303  16323  25095  84146  54756 117219  10031  82790  80469  17732  85963  35877  84908   3175  35732  96463  18542  37321  33623  69146  77063 106245  23411  79582  17169  65585 121420  55325  19160  91220  88089  93924  48843  64439  64717 101741  72360 109504  59514  89171  34168  38214 110664  24150  42552  15368  80483  14235  75253   8209  19823  85998 120972  86817  41450   8428  13258  95043 115727  53263  30751   2155  69426  44711  40477  12862   5912  47325  96348   2532   9308  62332  54027  68077  39201  97856  72364
  26967  78534 111410   1124  28580  79006  99749  86802  25047 120047  45624  68545  58419  78278  74906  96402  88262 115769  67038  10944  44940  33930  62291 102703  86148 111026  49441  16311  18364  83520  36984  74105  84971  57525  43198   5402 113595  24356  34571  83317   8894  44188  35719  53819  50551  17519  44690  80505  29524  24240  74619    272  96353 115510    484  29602   4763  51991  24259  73831 121445  92234 114168  87640 113968  78422 108794 112574  19591 101525  27446  88889  25549  78615   6043  19881  74324  47306  16132  46366 106971  69767  55629 116129  74627  78403  61676  46394  86333  12660  64217   7756  25683  60413   7607  75206  83251  96631  59555  49196    364  11691  55276  97807  73409  13827  23784  55178  57373 120912  81833  70158  45736  41352   9421 114240  62002  39239  39459  85592  33987  77002   7047   8970  33227  52650 118174  56041  28484  21510 116102  56531  43210  84849  19509  87114  22399   9354  39805  18782 115861  45005  81528 111711 122224 111498  75698  65283  19241  24688 103120  41576  50485  57235  83211   3505  80905  72911  32474  70458  85180  31032 100571   7900   7077  93890  55453  35132  17727  36509 113209  81575  87628  89478  89198 117259  27245  73694 101054  55030  50447  59574 104029  78740  68380   6782 105998  74795 113727  40689  81309  26507   9746  91187 120755  39819  89854 117985  77901   3462  46942 116127  60456 118462 112157  74217 119306  22676  63636 106236 106211  22519  47863  38344   8274 104705  66026 108313  33932 116534  75440 106718  71516  53881  44650  70595  26545  98926 102294  80439  31913  82142  41894  97899  72295 105820  19044 114967  88038  77693  56231 112461   8429  96297  56420  44174  58946  54429  48117  29266  49422 114068  73450  47266  17865  11913 111373  35729   4374  92243  96481 119010  87706  89568  75714  81335  75942  92832  96326 109132 120913  51834 122260  45170 105285   1456 104543   4872  63817  34369  30474  58907   4113  99038  58583   9212  64882 119022 113473  47001  36287 118777  36781  31535  34551  57449  49626 111228    603  49153  66588  96040  65950  27073  90287  88470  17589  56065 116785  59658  45980  23120   3576  91362  93792  19479  70870  36522  16289   2630  32345  14729  15599  62582   9973   8913  17517  24907  24641  52496 115630  54608  26441   4724   4169 110927  87980  56136  76662  49725  94027   9209  95839  95265  31236  29782 109234   5756  91513  71563
  91911  24369  36001 100804  25213  52033  79150 114926  88227  75626  77021  73843  49192  91042  76636 107985   2407  87166  39485  96111  21950 107393  30390  10628  80506  30206 112367 121666  89153 116092 100504 113176  71862 105995  46494  37245  84391  42701 113772 107357  31946  95867  36041  11924  93333  65789  30597  89397  58385  44529  36756 102357  59675 102572   4890  45134 102098  77916  33740  14577  30750  11117  27065  52395  79728  55583  84269 111676  53183  40112  23157 120864  65415  36388 119737   3152  11024  33083  64184 115849  55175  76708  40861  71877 121823   1050  61542  81856  68810   5616  59083  37805  17507 107834  74291  52886  93648  92640  71641  61281  96862  18871   3670  96936  62075  86651 117807  29209 102909 107488  77237  73708 113256  32717  55805  23058  82596  87168  92818  35220  72780  13759  37032  75852  20751  50920 115858  13240    279    817  47811  46137 103680 119424 114767 113358  14425  90636  65106  86620   2795  17158  81596  21999  60968  97119  60324  29851   4000  52926  64348  24888  65449  41323   1066  23551  25861 107375  19957  31595  78828  48826  94164  99632 109787  24241  26749 119766  83443  14947  42115  93910  14816  71010  81322  45061 118089  27354  54586  15623  98330  23855  50028  99991  44588  58739  94144  66434 120557 102559  20666 118838  91622  89526  71781  16457  75661  86336  89426    494  64094  37939  14317  54237  95151  40594  40085   6726  31239   7980  63332  89986  14490  48107   7871 116675  66347  83154 100196 120039  48250  18453  83102  42155  36454 106240  58104  68743  75959  82226  85293  69809 102511 107111  98342  23503  15410  77766  14514  53366 102076  41876  34554  33506   3275 116185  14277   2453  62931 115609  75793 107053 111404  71420  81249 119841  21847  14593  51539 101149  13672  14974 102040 113116  92846  53897  72696 102930 111250  37972   6362  47487 104872 108475  87266 100784 100859   8019  26934  82124  27129   7696  55727  33403 118535  29540 121027  62753  72825    158  13998  19986  17561  94823 101964  84064  12673  61164 120376  80298  68030  62489 120186  83968  69611  17653  43143  43850  13635  98625  50852  55091  59155  15504  75346  56382 105474  60264  42390  59200 110755  94365  17077  70369  12394  73958  72013   1572  70157  80959  14345    623 116628  70970  73341  70950   6949  50165  13361  30396 114361  50597    882  16794  66477  83527  14481   2806  28849  48984
  68152  49885 120037  66105  36943 116705 102334  28160  62394  18876  68980  21504  44298  65165 110961 104766  70664  36818  57608  93391  22071  39353   3361  29720  88354 106399  71244  83587  92394  32712  99954  63929  94080  65900  90580  23635  10981  29432  59616   9653  77108  20867  69451  22915  83200  80702  52759  84952  74992   5071 114661 116263   8660 114251 117540  50221  46290  28941  24365  31945  94869  34511 109947   7126 103848  30914  40037  52733  66304  85551  19900   8130  74738  12005  44639  18004  30754 115737  94903  12409 103703    612  85006 121192    742 119414 103574  76358  12038 106330  50511  34791  75890  35122  12720  92835  96921  30305  83913  98882 108574  14868  14808  63881  86897  50690  27258  87195  72765  61337  61170  36581  10178  52089  58436  13808  46465  27383  75975  71192  36104  31845 119580 114707  72296  26861  78443  25354  61330  81010  47744  57649  32646 107944 116314  66716   7474  24546  96664 122461 119197   2069   7859  48752    567  81118  21214  22803  32047 121198  58313 101514  85899  39645 113153  29292  23879  55817 110124  52026 116001  42350  44874  98739   5518  82208  75112  70668  93777  12450  99530  15234 113864  61842 118402  34271  50671  20716  29201  83384   5366  96564  55642 114819  64663  62273  39720  65841  25918  71912 107979  41675  21710  71710  19261 102303  40398  70485  93102  27964  10566  59987  46905  68036  51236  65231  84046  98965 115148  16876  55077  36579   5703  51719  60705  53584  86750  78993   9015  46857   1333  69460  62253 108194 106185 101824  88324  49174  97265  93561  47729   1331   9214  58328  76971  95639  44730  37307  95753  53335  83878   6684  34694  46088  30378  61507  55203 100575  77655  20956 117090  89107 108251  73525 119085 103066 118601  62925 119222  50526  22612 109570  47796  31466  91074  59158  74855  13917  12580  64030  95749  21170  16265  50467  30397  70479  25268  96509 116334  56383  29527  19058 101496  96441    175  85971  54555   1567  13457  80868 111846  30122  28602  13086  66854 105758 118872  97178  11062   3228  34660  93462 116887  55470  56742  84293  26271  83440  95170  51789 114379  12491  85861  14812  15921 117190  45205  75593  74472  95969 104969  52656  27333  42367  17167  77680 101885  18383   7280 111263  66129  77419  82173  36934 120969  36864 110775  17542  78695  58890 108467  24809 117442 100405 117564  34051  34317  95042  42693  63115
  42624 114453  20468  43894  37983  89737 119922  98528 116874  82083  21052  79633  41337  66614 118253 121710  24685  10832  42710  85073  34155  10460  77373 105902  73984  29992    362  43258  64817  91157  24654  66212  79122  98889  47943  25852  59132  69417  32951   8655 102526  71806  77479 109981  78616  18332  99912 120684   6058  57706  41778  62711 110451 118571  89391  77128 107816  91318  40865  88031  53851    359  44248  85090  70548 109917  55984  44501  25638  52559  41440 121528  67245  18842  82311 115345  54715  26656 108265  88990    829  16174  13576 100519  22306  60447  30994  61708  74215  96248  50268  11591   3026   4132  70619  43036  19445  53089 117776  30444  63563  99118  47706  60821  85734  58844  35791 104856  51469  31612 104913  70989  15242  36184  40184  87634 106661  96031  29575  36194 109576  56613  22011  47973 117614  57012  75068 103139 100630  10362  54713  25642  52817  61562 103326   7598  83313  45549  79454   3671  42744  97063  25486  62420  64403  74917  20472  41280  66054 119631 105738  90116  53420  15490  39084  43033  93512  24884 112935  56677  43361  95100 114952 100248 121830  81989  17846  56471 108632  20792  72014  61117   5891  23856  88177  73895  29454  55769  60035  96067  59311  74736  23511  84470  46623  24325  81781  53111  60597  60791  53092  56873  86684  24511  18870 109715  64069  93600  98900  83180  34636  23679   8626  97634  74418 114499  83665 107318  97117  19819  15546 116445 103668  60156  30949   4687  69475  65666  32667  23227  48814  83953  81913  13040  10966  19091  47025  61890  82272 104243  18313  33560 108197  52230  91538  45141  78151  70682  59210  91339  84933 114891  90851 106266  70675  67149  39822 115678  72020  90373  25166  76210  64621   7283  19315 105292 104675  38198 121883  89021  22665 100500 119034  46659  95710  57406  23587  94725 118934  92299  24559  87565  73543  73962  24223   3933  14561  39791   3882  28409  66972  36793   6863  79088  12152 119985  95847  46499 107551  91395   9252 112072  35583   8198  46718   5385  59512  35404  47813  92877  50201   7120  73011  80155 104661  10924  33124   2001 113947   6573  43629  57741  81917  73896  56158  96911  37542  77071  86820  39245  68088    241  29534  10195   3568  73271   8647  62645  99668  79889  66524  99493   5173 122021  94818   8315  85638  45675   3915 119392  84506  32438  37552 107795  82074  48147  85219  10463  26567  93109
  46963   8417 108668   5742  40163  30808  70075  50284  29333  35774  49387  62880  11704  46582 107883  84216  31637  12254  55012  68820  44838  74089   7953  85075  74707  54068  36330  89536  38395   4854  78627  88953  68816  13172  72161 121760 121844  89571  63605 114229 107760   1950  22483  49108  83956  40013      4  34092  60544  93506  96225  48355  51917  80759  81582  78789  88860 107891  94317  36918 113166  48440  78260  76377  73738  49702 106108  62207  67504 105717   5089  30464    761  57574  31518  46058  17424  42196  74243 112424  93444  77638  24761  64545  54941  37935  44998 112777   4819  70459  49411  35287  96468  91156 119603  36335 113675  62146 103735   7682  28535 106753  77170 118323  60722  59551 117047   5433  70395 108243  60418  27893 114283  64416  40455   8137  33194  79746  48844  74675  42340   2361  89149  66283  52435  43423  44934 108474  85677  35617 116826 113897  30220  50185  82952  50804  99278  26921  99879  10868 113236 108341  81508  64628   2439  57841   5535 114449  62231 118731 119437  27757  82104   7583  28454    469  71216  41718 108674  93687 112907  42473  64059   4282  78844  90372  13693  10521  97356  59911  55496   3458 101712  32002  81800  18251  47762  47238  63486  94119  30705  31888  71054 113250  94434  18365  58561 117375  46059 108713   3700   8620  42948  51945  53871  95023  45695  89619  52293  36617 106057  83704  65038  27476 111065  67378  46904 116624  42786  13704  61988  44864  87064  34545  28708  69668  62551  20675  73781  49524  22685  98604  63561  66498 100595   2497  39732  35172 116698  94431  26956  71298  89524 103427  92320  94547  87000  77387  49127  46998  34385  56659  14814 105082  24491 108292  82617  29780  17776  13136 105368  71776   9717  44930  70227  21345  20270  85158  82312  72381  90364  27882  44855  57971   4911   6697  51915 118620   5806  36255  93801  10415  24694  70166 119962 101314 109803  77294  41439  62352   1579   1564  57192  66882  83298  36971 110527  54627  62507 103689  72224 104654 101780  75849  61973  92577  48242   1491 100461  41308  58165  53670 118641  37706 118240   5218  41159  39114   3383  61497  85875   4932  28347  28010  68896 115075  43966  40357  24328 113245  18555  59729  30298  55006   9447  85431  69117  16426  69231 118663  59334  35927  41882  39551  94482 115900 113592  41349  56897  94083 112675  67512  60601  45391  83055 115191  35110 113481 111365  62712
  78841  36208  86804  21577  48647  21564  38365 113555 101995    113   2462  18087 108630  33857  51648  80592  38324  52303  72705 121203  41112  20279  91746  88110  23376  52364  36398  23863   7329 100653  33191 100728  34323  64843  73363   4415  30478  76944  64198   6645  22917  30339   4176  80287 102996  60696  68548  28496  51590 116161  90003  77946  79709  31105  89655  78462   9984 116620  32078  13085   9626  58781  45041  70305  47519   1593  94912  84780 118154  36634  35281  20863  34164  31334  92770  64535  10372  45516  98696 104185  61299  64788  74788  17681 120387  44582 105914  87896 107299  56757  87716  14479  47004  48909  84922  75434  50374  10817   6352  75265  47884  11107  49800 113761 110685  88947 113704  44387  24140  17040  78104  61821    461 120652 101715  83975  89514 120577  20988  50965   7666  87160   5907 108918  33507   1143  48545  12172  72889  94514  61452 114721  22670  91719 106690  66731  53462  44936  94331  91432 120254  75150  49719  97306  42685  94914 113860 109659  99513  17047  57989  79974   1725  51461  26353  60746  79453 106954  45652   7608 109845  67702  92859  35000 103790  28527  81299  78170  73379  81199  79514  91081  61213 110131  12054  22609  90625 117867 104545 113882 103230  82442   5496  41784 113474 100387  60701   5066  83215  23070  63973  47939  71005  93579  42221 117924  72490  69774   4868  41096  64074 119926  39733  13928  43780   1626  21273  47584   9091 114761    628  89546 100406 100223  90150  15835  67104  25284  26459   1514 105319  51099  19533  98784  91009  61256  73618  63153  33605  72440  79532  95430 117084  99383  82770  29620  16998 106594  26685  66841  60965 103910  64743  17789  15456 104051  68225  48148  16201  97967 105289 103634  92970  44200  98799  27682  94748 118055  55956  15473  10111 109945 104548 121579 121451 105283  71759  11293   4487  28692   9103  21583  20628 108236  94367  22369  19877  68388   3423  97820  71105  56045  75997  97584   4568  63756  97274   1698  28974  71606  67632  50113 108066  11749  24271 110584 121814  35429  39514  24124  38946  57878  64084 116573  81879  55647  27720  91351   7342  28167  71875   1007  66609 108464 103169  77521  33160  29505  93361  29754  11176 102473  45255  22920  84545 116220  19948  70804   3325  53507   1671  81425  53981 117029  65473  15379 102710   6614 106262  56042 108603  81770  89290  22933 114382  67861  49818  47906 104024  33279
 121728  76811  66029  67618  30553 100598  87383  71745  98007  81769  21221  70048   5434   3417  40911  26707  88845  30937  11969  68307  90989  60725 102017  81727  49823 101137  37708 111876 120757 109329  97294  61528  85338  16333  43956   6332 117602   2046  77844  59880  16344  41133  32034  13332  51369  26745 118355 103392  30318  68349  43389  33780  70990  42317   6026  49074  61696  47798  46011  22778 107546  67511  92979 113804  74787  21964   3535  12722  67101  52069  12559  96448  52485  39411  95262 101851  77548  12449  66334  46792 122455  66765 108059  40409 103366  90857  95064 107965  62692  28321  97100  36351   1771 118726   4402  98537   4800 107265 113317 101448  78026  85729  18229   6523  18233  76535  58188  80394  99731 102386  79837  88279   7441   3745    999  99461  61334  61259  70210  43580  65583  86522 109898  32561 110482  37570  14849 110035  54482  47472   6876  98610  47167 113059  70843  63301  15522 103815  49117   1856  40046   9936  95251  31001  75546   9375  41028  89661  86939  32999  60426  49972  27220  95522  67409  50049  68259 116937  13060   9532  85084  55354  36846 109676  58704 103455  51285 105860  92558  86598  47849   9823   8269  66539  41449 121231  96694 108800  62004 119361  53693  94578  51795  81813  13336  37018  67814  70206  47136  98682 114423 122156  79308  55413  13796  66128  22815 118917  10957   7340  41426 118799  50214  85981  70106 104296  87548  60666  20645  89563  26015  39708  65440 103331   9451  41104  76369 113585  64804 121840  99662   9768  76426  79412  62331  66457  43744 118567 102042  57647 118381 107723  54769  87371   6349   2345  20615 103869 100236 116704  68273  33887   9245  81926  78909 114512 114897  42374  77183  54689 100563  84697  37720  40301 122417  25114  24164  89906  10006   7716  34079  83955  75119 111918   2606  93917  45692  41612  31388  29887   6409 116003  41969  21467 114097  63711 105678  36693  18553  17015  14393  93984  79231  77193  55989  19710  39474   2656  18106  85723   9163   4377     89  67841   8129  10155 104106  74312  81176   4020   9683  99750  46524  37239  56126  79826   7026 111523 117860  34056  34156  24514  71453   8240  11433 120468  46203  19270  98800  86346  59475  76095  85464  56759  78415  64694  37709  95464  41431  68977  92020 120831  76575  76225  98548   2245  35473 102742  63029  19167  41629  68797  79651  46421  20887  97591   3136  89814  34088  99419
  14038   4774  52680  25723  38605  81931  21071 121342  73953  15010  25901 105259  87710  34544 117803    498  64026  97714  97914  47716  90672  42035  51394  70317  21581 112852 111017  52441  52825  89807  48540  79113  87030  63098  25597  88004  82296  96288 121596  29554  56151  77491  28448  97453  22401 116450 100646  41988  66727 101670   2215  30842    453  72537  78080  66543  27560  70231  13753  64347  11017 106708   3736 121084  92409  74123  90039  93337  69593  66197  66929  18768  76449  24961  48755  13015  73504   4608   4902  45176 115416  91018 115618  18634  20411  13465  11333 107669  37243  28080 102514  83857  94847 113759  55887  56900  23362  25820  30825   7443   7525  22484  88596  42061  20954  88096 115694 100410  23267  15465  57722  65129   5679 105895  64883  69456  57169  65163  15643  27306  94226  38455  25660  24227  56322  15132  71559  53141  92380  44242  61751  33909  83800  65284  53559   4619 110270  42678  11301  25318  26864  65922  91011  18974  77630  84482  35383  53571  67458  95543 105842  31891  78711  37219  64734   4786 111920  78145   1506 118112  55838  60101 103797  59749  93544  93060  17604  60518  67951  67850   2196  66675 119545  59428  44541  23237   9741  96122  26254  32729  28899  66492  87534 117777  98881   9128   3770  19406  67344 120478  31103  22508 114886  75638  36252 109356  96506 120216  10569 116065   7515  12224  58186 104239  90620  66937 117476  77127  47768   8884  64159  26881  31100 114949  69121  40236 111045 114471  31599  26637  89089   6842 119548  21706  66599    832  10471  63130  32656   2877  64763  39257   1527  53726  78738 113458  47458  82555  77202   1203  25367  63145  60778    570  31603  30891 104890  79072  89457  97817  97961  82578  54437  65536  72428  35342 106736  69376  53058 107228 114148  25930 113939  97238  10269  34467  59594 114688  98471   5648  73130 101506  96897 114520 103747  73634 112402  25858  68500  90725  93454  48732 112477  13907 120503  80966  45685  56899  55222  84433  70818  11208 120832  86883  84833   1451  28490 111318   9630  71564  24289  87900  41050  89633 120325  33135  97187  24779  74252  31164  99322  33595  20068  70307  73353  69104  97625  87546 108196  64430  26955 118825  61530  19227  74425  51965  18669  12641  96421  31956  99201 117800 109928  18437  89669  88815  62027  86340  56384  37745 108413 116684   6223  84543 118719  58716  26519 112953  20941  20959
   1903  68754 116138  51305  49385  24100  97640 104474  82065  93248  22567  70183  85083  37053 103991  39152  91871  56273   2876  38701  87775  43694 110805  66796  78665   1134 106800 116907  46037  79081  81276 102077  25055  28720  20381 100550 109828  67457  25912   8243 105982  98077 113660  25236  24089 122002  19694  29990  24806  11990 106093  85595  69647 104005  62522  46596  43216  65489  55690 105242 101341  84977   8932  30114  13409  97362  33489 114411   5047  70476  64691  21291  95203 108306  24509  18311  58013 119083  10389  29697   6357   4027  30951   3045  21478  99913  36484    897  49927  36729    953  60295  21430  33313  90631 102411  74821 101947  15718  79523 111132 103381  23064  47315  74569  41443 107450 105291  25636   6694  51425  72683  78989  99696  14249 110825  41717  10837   8972 103067 103099  28943  10651  38059  77004 118962  27361  70123  38843  25899  12768  47215 121034  99867  35879  64665  49148 114054  45360 104419  25776  61366  78741 121964 116391  87144  78566  73371  19117  28648  68593  55116 112034  51090  85130   4767 121937  34652 103779   9271  40860  37445 110098  98716  86646   4319  48867  89645  47258  84575  28714 122471  98474 104613 104155  53995  78097  35313  15147  28894  79679 101893   9932 110492  28380  44268  37343  61258  14563  82501 113222  38375  23507  50143  24658  17544  20479  67339  49555  80487   5054   9818  55310  99811   2465  39669 120708 104198  54372  35400 119194  30115  12749 112780 101837  93453 114857  41386  12119  77293   8202  28338  24331   4844  13369  36782 100599  13598  76874  94627  62514  31570 114234  30119  43341 100678  37212  97393  28400  72788  94728  14881  72772   1966  63916  24560  32856  18679  86945 107141  48783  91441 117394  41811  34272  55213  78935  83385  32045 105765 108992  72872   1733  36007  40120  58123 101909  40727  43123 107324  58879   9815  80648  92369   9203  58349  60436  70822  81411  61379 117346  32123  59655  61898  78368  80701 101725  44893  56787  77374  95329  77583 107881 117381  72245  92850  59816  18042  24643  25878  44974  90551  38490 111772  90959  85942 119088  44129  18824   3761 108768  72928 120633  51061 105380  82910 122028  96029  59844  34324  97675  67050  48031  77978 105594   8782  52373  90735  38330  45254  36036  51408  76777  79553   1064  81154 109614  37768  35055  44810 114551   4245 118889  76611  50808  75427  24913  49394  90254  51861
  34995  20202  60204  77513  71719 114210  64007  53753  92089  80655  94011 117436  39829  81429  53007  54524  97930 105773  75992  37202  61534  69503  73820  71210  70204  75139  42575 116557   8144 111442  93790 114154  45330  68831  78017 107567  38898   6107  38785   8887  80167  25720  83072  52204  46837  71949  39824  95396  10795  75679  24028 109766  15751  37048   9527   7396    276   9068  52176  93759  63106  92109  36050  42292  24046 107247  82307 101287  75113  46887 103189 114381  21636  69119  68568  35230 111818  54054  59339  59825 119339  44948  51362  52262  17723  62022 116019  84159  20539 117584  75243  93360  64923  47425 107186 108762  18950  38667  85281  51801  14937  62031  92450  37810  74420 108427  65798  56998  22480  20724  46455  38082  71311  63853  58463  27752  76197  74513  57154 113479  97208  97062  55281  89041  24707  53103  66654  12697  74673  53254  34915  47704  46727  35065 118814  14389 109341  18775  48865  74093 108434  20912   9268  86143 104396 117900  18831  30574  51023  51262  59036  95404  93490  72009  39053  45064  27230  27205 100495  43907     61  17663  82649  26542  95688  95948  67645  86469 105290  21952  48359 115190  40031 112734  96648  37498  48258  87237  76067  33818  18047  40082 100816  34105  71656  59116  41837  14354  99613  48524  48601  12294  41195  15305  61211 105646 109022  58195 108314  51660  38381   8689 119454  32635 115880 121068  46511 109361  74432  34394 119957 117958 113748  32563 103726  61897  99385  88921  91978 103286 100061  53450  71012  35284   3972  40663    183   4503   3491  16448  99387  32421    549  25031  38928  98036   1279  31256 111216  64320  49091  78451  85411  46178  21618  28937  42176  44213  32930  40522  87537  86891 117222  31848 106893  71985   9361  29324  53402  12225  51261  63144  49343  30953  88168  76713  71474  56923  31141  19928  24109  46285   5085 108387  31372  49996  55191  20359  76279  90098 101151   7659  98341  52192  86703  59355  50938  68045 113046 103518 113067   8717  25501  55088  88172  14791   3206  24376  81208   2024  54320 101458  58100  57575  64270 110093  85168  16936   1751   2307  48818 112944  55865    109  65360  87958  86523  19615  20686 111474 100505  82590  90797  51322  92928 112683 113453  20044 115950  57167  67640  44104  89970  81626 120227   9022  12988  18952  76754 108625  28855  69699  69987  36214  49839 112910  84683 103280   5852  97195
  83662  66637  83633  82323   1361  79070  61611  58923  70440 103142 117067 116324  85994  31055  90719  55269  94917  49491  84490  19915  41932  39613   5792 111235  85708 104608  79388 101238 101212  18039  14939  10392  72469  43699 104746  12912  51005  83716 107106  44622 118395  76394  80660 104479  91565  96771 109126  21989  58580  43950  82451  76437 108433  31038  80699 100400  78997  55056  57734  97505  72090  24649  32829 112943 105874  77452  63477  23492  73729  66892   1582  37240  30435  95912  66850  75190  43416  73402  84923  64706  62936  39891  66956 114191   8067  43495   2612  98157  62847  86596  51163  48135  29110   6966  75723  99685  91673  84680  69157   1432    133  60063  76388  91073  79169  67356   3304  88042  71032  92025  21194   3741  19324  47369  68752  77317 114760 105743  37919  54461  74548 109141 107395   8477  77778  74979   5842 113885  61230  61475  11492  80573   3566  56435  77435  86593  50559  92126  61441  92733  56330  94380  57910   4435  79981 103006  80470  49504   6493  76292  57042  66044  40628  96918  60227  76348  91079  49969  75665  30897   4869  50861  50032  82853  33420  15293  13326  22299  57323   4287  33693 108771  19093 113337 104671  33891 119206   2219   9495 113336  79130  14051  98596   9304  93830  34829  97708  47993  84973  55398  10809   2558  49751  52070 108150  18709  20151  15675 117953  95191  46649  46277  17480  52930  81843  39998  80935  70256  25328  62602  76425   2505  40413  48204  12067  72628   1428  98192  88516 112964  44393 103168  86113  45342  98511  93410  21177  94419  78705  10488  84186 103194  81303  99687 114012  80626  88549  17356 108047 118957  71394  79163  20560  73903 107363  32093  53202  30278  90133  66155  81784  57680  12081  71900  15149  70755 113937  14747  30231  25809  79421  64507   1098 114607   5973  87162   7958  86733  47801 110727   5875  28633 100977  60478  66081  93438 105332   4717  35975 106184  79275  10508  53076   8123  73873  72087   6853  70399  79221  15280  51021 100724  64726 107542 115142  85596  26080  16131 103193  82367  71682  46790   2972  39056  82535  96535  79349   1300  98261  33248  50924 102789 105120   5395  15046   1162  22766   3167  46187  34905  73737  76727  52445  41574  64810 101265  99795  56602   7601 119814  88146 104610  60649  26646   6011  20579  39967  11590  66742  96364  93538  88538  57263  88287   1901  24011  64075  27774 100942  82771
  75745 104204  86972  24745  43263  86305   8273  93163  50560  20750  55760 111183  55123  49082 111794  58764  72727  62774  87063  89148  16167  60090  27950  10023  28087  15931 115119   5240  25086  65733  64389  28073   4448  65084  15418  78416 104572  84305  83804  56970  23416   8749  45029  10922  57804 108560   4586  57519  59369  38698  25371  96165  69861  16559  93415  21729  23422 106910  55378   8116  58962  28011  90353  42912   7537  84140  51606  74322  52802   2669  61123 101588 110610  57118  74741 107557  61138  50319 114938  88100   2728  92469  36444  51119 119314  73104  65528  66915  11843  43911 109204 105927  25934  41367  64774  79908  92407 119421  81016  57137  33557  25952  62948  64047 104883 113265  68818  31961  19000  70025 112836  72512  30710  98990  34288  59854  71301  84092 107697  30098  27372  73081  22598  93884  45758  51111  59128  39584  39530  18156  36205  71773  56745   3178  34884  25717   7817  74742  11891  32395  59281 101915  82921   1716  38219  57726  92739  28511 115101  88455  93523  48852  87520  52805  87750   1618  62767  42974  44941 104933  82125  33165  68737  24555  60099  37573  99633  57292 105415   6828  69062  75840  74174  21336  67385  32501 122497 119378  98108  26541  19414  10574  94938 108028 107414   4478  34393  56933  77823 104892  37071   1421 121841  69428 114882  21526  55708  54478  70808  54015 112671  31225   8535  51856  23627 120742  69250  38068  11676 104289 112482  61780  32923  70774  48832  50087  77857 109170 118349  79345 107319  61335   8982  69343   4422 117654  33935  49513  19625  88139  56501  70963  99031  11252  10186  44207  90903 108877 121735  44299 111260  52644  38063   9794  72298 112207  55441 106550  74328  52608 112889  15144   4972  13048  83176  19907  47469  44136   2368   6708  95378  82758  66486 106449  75268  55342  95134  16236  96186  12349 101564 111971 106634 112029  67524 120570  66909  39044  55416  72565 121304  49272  97079  85927   1164  90093  93925  52297  85238  40931  46334  64925 116269  73623   5673  60665   9046 117240  26543  31892 112681 108400  10880  74060   5526  75824  95236 120081  42424  43194 116686  58755  80593  63810  62423 103573   2873 105804  52067  64119 114200  31420  77883  19439  85591  27548  35433  27868  97044 108143  92569  44007  81607  37286  20494  75352  37068  63218  56226 122000  36338  63559    190  93238  66435  79721  94670   6602  31346  86294
  74934   7348  15351  27141  56868  73401  76704  19011 110847  67373 119711  83355  60547  33285   4689  63792  75947  45855  91378  50287  42084   5565  29827  77896 116729 122495  81594  33157  42802  23930  37195  76981 105740  92332  77795  34775  87478 101401  80324  69673  77119 117358  18806  49160  96178  18680  75356 103630  64138  43455  53463 119749  52320  47674 120380  41834  54061  21815 114192  94187  24285  72819   8878 113080  70290   2106  92201  17910  38620  64034  43232  20394 115034  34316 121265  22931 106150   5032  80041  18510  88864  93006  72982  69335  52915  41270  13397 119932  85782  60497  16742  31798  33342 108310  98836 119210  30977 108697 114316  61276  11016  45348 116473  96007  98557  32279  58495  64259  67946  68398  96026  75327 106340  48321  85633  56083    610  74496  64784  83982 115724  42106 100444  33821  25434  93929 115914 102240  48614  40502    253 116883 104826  30330   6586  89486  46739   3463  14608  10486  15898  55151  80229  14383  20786  54037  22663 108014  91997  78783  23517  63693 114378  38189     71 111947  37397     37 112991  85625   2734  68647  38076  36744  57533   2784   3714  53848  72415 111680  76417  37023   1172  34242   8113  84164 109751  37145 113830 119729  54751  34696  20754   6834 113378  14631  85612  21518  52499 112326  39180  52063  25488  98467  96080   7444  95144 119891  37695  29506  90191  58699  59147  46547  87698  71048  59571  66131  65007   7994  66060  41667  11751   6988  71895  88182 121294  45773 114847  28281  12759  20646  98771  46002  23074  68474  14578  86260 118618  25007 104030 102935   8350  59424  34732  44069  28187  62090 110200  27091  91337  69050  61246  11810 100240  46466  72873  78664  62000 122231  71561  27215  97125  51670  47255  96333  28480 101774  46157  49465  35424 108284 117804  47957  71440  87203  24805  29969  96786  82185 107478  82886  58367  76757 103137  74804   2154  45187  32296  62442  61070 104845  85477 101683  70795  69413  96009  62955  54198 106518  67686   9234   3113   5049 119439  92451  71728  40437  26307 112645  71109  48062 102375  27352   7406  85818 106006  26511 109572  32615  23966  36053  19128  18017  84419  22347  40889  97515 105482  78512  38438 106373  56991  21723  69876  58814  59110  35544  38659 117361  69392  53629 118947  49199  34387  29755 118635 116660 118178  59665  38349  15214   7165  82564  39068  24315  94406    659  90820   1152
   6227   2311  87438   1328  49323 111632  61331   2504  10597 117669  91478  16385  82036 105606  56020  51668  92730 100181  95010  89287   6153 115690  35629  28931  96498  20531 104043   6976  53056   6402  55764 104539  51451  92611  90394  43069   4915  38072  33105 119796 116671  60567 115689 104202 116983  35503  48979  26298  90659   2358  22236 102972  32915  41465  39297 111334  29839  23489   6271   2846  36232 111642  85571 120159  90066  46573   1754 115581  47687 112620  69092 113687  15714 119231  24280  40432  28341  36607  87981  58776     48  33744  48277   5084  71996  32539  32385  32156  59368  91033  15948  63526  41954   4785  63960  61090  70929 101283  37699  71279 110772  26369  90108  22514  83396 101786  54686 112803 102955  19060  67975  44523  31297  87713  23830 118495 117036  19016  42180  13437  15735  34972 109835  50651  85881  83280 118871  25100  31390  25515  97429   2090 108342  54028  88508  97838  45173 110452  55525  24343  77858  36167  84107  75272  45825  50203  67692  75969  81737   5121  24816   2702  83416  35310  87834   4541 103707  25242   6905  61526  74073  44044  41058  14755  85822  27969 110557  84094  41658  98024  11434   7612  70541  93558  20731  34719 106197 115415   1773 121086  19474  91702  76023 113751 109291 112107  13531  72584  78171  70980   5100  14297 118812  49794   6188 105049  20651  75730  16669  89340  71696 115874  90050   8211  72382  55463  89786  61753  43819  49482 119748   8621   1886  77449  96513 121130 105836 109941  38615  73469  40648  69464   2166  41577  56279  14949  13278  81715  55035  28964  58307  73427  87367 116560  57962  31991  52144  56094 116852  85086  18409  93791  81316  54912  83756  58066  79465  82446  58788  84856  21348  43109 102868  52975 101309  26023 100932  80193    583   7005  25893  45780   3690  22195  51418 105403 107430 120034 121648  74956  77146 108546 110442  53704  58746  68929 111564  17022 114909  81834  18100  69108  79460  55643 110396  97702  77709  85044  68969  14492 122147 113048   2650  90980  65372  53408 100972  14715  15196  98322  63135  69782  74542  59062  58874  65147 116423  27580  49414  11811  73010  37512 111142  29523  86706  29621 109680   9874  62678 106641  55381  40554  74751  56693 118983  49113  57709  25215  47237  40189  28597 116121  13033  48491  90900  88931 115384  28741  48166  92445   1362  25984  45251  49068  68758  46197  83926  53975 102116  28495
  26262 118971  91353   4216  31432  62896  18683  59909  98452  71077  49861  15361 120416   3488  87455  49013  39185  17563 100856 113321 121540   8661  76060  99524  93686  53873  61627  81326  56227  33139 104326   3249  78637  94126  96580  29613  55096  58510  10757 119208  57197  49318  73282  60230  76315  42695  61757  91624  65391  87301  14981  46678  70520  28460  42100  52813  63041  77543  77986  38766  44036  12331  22345  66556  67863   5960   4498  27156  96773 105352  20029 111584  70336  28311  69299 109353  35270  62660   4643 107137  76880  13832  13044  61031  84008  90838  38574  79353  93594  43322  61438 110838  92708  81056  78807 115486  38237   8107   9170  26089  46414 113665  68906  51963  53186  35650 121468 114723  69599  96838  57772  81084  34363  54874  21961  58791  24800   3890 100951 102147  46255  47440   2569  15644  34599  70467  71501  93543  52597  93570  33297  38393  97808 120911  77116  68825  35390  97467  30993  86152 103853 101005  83677  35504  52999  54467  17068 110849   6143  36632  37157  85746  37294  77740 112095  90171 101820 106264 118452  55540 104524  51485 112486  91304 107258  81878  29895  90350 100267  54806  35733  36377   6452  79422 118930 108810  74773  73283  11401  18098  40813  95540  68661  26804  95351  67805  14555  45296  52419  55101  73696  96375  74830   8005  48279 120500   7743 100988  14103 118341  26151  88208  25603  52200  79741 102848  58384  95282 113999   7079  62614  76724  23252  24887  55073  56213  40244  50613  60395  13948  45899 121145  15137  80776   8981  52775  16672  23620  91872 102356  20008  15552   1985 117250  39869  61492 113472  96420  67853  70972  44669 117778 104369  56192  79995  86755  51545  55021  62908  35300  87669  15628  87744  78913 100363  73526  20581  18379  43105  29469  41890  31897  10919  46305 109761   5281 102485  19480 114806   4522  79309  86857  45789 104245  67154  70286 116629  45117  34497  14067  54940  38021  47217  23265 118187  89954  28619  97189  26082  89446  73414 114203  36649  54665  27884 113018 101990 113884  71629  22116  66529  45301  44059  40109  43029  23477  86320  73940  68155 119156  96376  98206  54139  20517   8262  44866 117821  82210  12982  20737  51764 108294  32988  14291  74448 120128  68795  30500   6899  69846  55947  73050  44619  47023  63086  64085  42134  65940  17138  57826   4699 115464  98169   8876  42573  19602  43964  69030  72187 120746
  34950  76049  90245  89795 105920  21686 111332  21506  57728 120258  98212  64811  62883   9549  10109  96604  21903  84472  77239  50579  13392 113101 102570  85302   7880  13405  17748  84865  98670  49163  27498  38994  16483  43857  79771  65756  64235  44306 119571   9158 120740  74187  94295 114793  64508  21985  82298  85489  21448 119700  31632   3633  75121  54177  44368  28071  63415  48977  24705  76453   7359  98532 106879 119966  88880  26445  98136  90583   7483  84690  59188  44151  36600   5558   9872  28701  13921  84335  80561  23854  92001  49269  70509  89165  71746  51042  60218  16555  83493 108088  55057   7171  32298  40720  89685  82859 109641  55900  63516  61979 119699  80809 119182  61006  54768  66177 121559  21196  74160  38714   7720  96079  15003  43439  69677  87072  70474  45494  28394 114236   5694  37584  32905  79708  31684  92347  66393  35569   3493 101183  24275 111546  90417  14626  92583  54340  87183  31415  34531  82415  24233  28218  95586  50163  52807 102889  93902 108699  39991  90320  94056  11682  63807 119180  99895  21696  87910  93090   7148  86302  10578 120505  35113  81092  60632  98913 118779  46188   2063  86081  53786 106991  46003  29326  71484  41295  24446   3528  81246   8607  29544   3321 113647  95385  81443  53469   5451  86453  67046  59349  21287  93627   8275  24025 100188  40588  27995  12974  53681  26812  64913  25821 115368 115775  79008  70620  40700  73142  32175 102323  76772  61760  69165 120875  56039  37581 113276 120453  17949 111028  37234 117371  39773  37637  30034  72215  23513 118517  84766   2113  42775  37670 113888  20451   7100  27167 118305  70224   1084  67029  82462 102286 105928  48422  55564  49243  30370 119899  37704  18632  13105  39131  56967  59017  61886 120340  40535  79059  93492  27807  80386 118251  17697 101567 109868 100260  47108  12826  57868  46284  83898  41101  94338 116634   3669  36919    986   9102   6395  23450  80245   4281  54648  83897 111008  20771  14735  93165  48997  75551   9820  42892  99722  96641  26917  89946  75255  54091  15854  61209  92110  17929  32855  79101  90351  79379  73964  68479  54182  37351 103611  64058 101259  44912  96113 103545 100122  67896  37722 109088  86696 102401  48801  64917  62414  26562  43592  92930  29785   3963  54258  86411 113359 113798 103471   2461  95921   3565  19841  67109 110545  76077 117441    227 108041  74428 114050  30418  11841  28920
  37271   2117 120759  48753  86649  34347 104775  34579  11747  89356  94463   6155  83981  46363 118336  27899 110938  24438  92797  63609  17673  29371  59748  48420  16113  66967   2232  60841  80224  82780  70493  12136  95446  72715  97774  50781 115697  56905  58997   6513   6439  91795  50409 110710  96983  30659  63465  27254   2971 108061  11406  84738  75261  60605 105841  99964 121753  23979  44662  56903  67266 114805   4405   7228  58193  39924 114098  55210  46440  20087  28702 101336 119586  23765  12597 110407  83133  11269  33255  78267  12563  39817 105523  45890  66943  17975  63803  75763  15711  15054  41257  24517 106319  58340  26728  91491 121496  75084  47324   3207  91530 115291  78502  89338 104686  38831  16862 120217 104741 108691  32899 106676 121170  11300  96703  74080  73879  55353  51995 110803  66883  88677  80485  33062  13653 119109  13541  42143  80876   5920  41110  47417  92875  62668  53702  68405  29632  37466  29571  97398  69945  31740  39624  65911  68065  67931  81546 114866  57220  25424  34281  81075 106810  77270  34994  96801  57752  78508 100883  51412  73411  85978 120674  16799  17736   5034  50129  75895 117350  95601  16663  49944  97624  39061 106731   8978  32614  36291  56908  44467  46458 110842  71281  65898  41496  54618  73528  92612  39605 113164  84171  33996  73344  68125  44135 109590  23947  97368 105916  73778  50736   2597  33640  17647  84399  87485 103898  68636  82613 120520  63071 106769 108361  60636  94657  86984  28742  42391  57470  10562   7769  41958  90017 107012  85029  33272 110504   2336  24771  46314  85659 110389  26948  71649  66436  40951  98567 103285  14907  39607    650  31404  46676  92829  97215  19156  12062 106562  38513  43309  35472 109932 121355  33010  82233  72566  76066  82381  75978  86604  52513  22624  87791  32972  83796   9335 113752  26069  13162  74079  75390  59710 120594  46346  77049  60893  89609  71979  73246  18662  30332  49683 118069 113842  30684  44982  47180 102931  63243  51580   1615  22063  11349  28944    888  46410  76749  60956  39304  87797 121366  87817  18226  40212  97847  60113  64995  60621 109858  36906 111198  86362  64462  17201 113076  96526  68834  29282  48416  50790  76343  50823   6193  60726  88475  63412   1668  24382   3472  11524  32860  30297 122257   5232  47791  37943  15911  76183 102455  82128   9021 121669  88292  64524  46212   2485  91347  78688 103173  64990
  15211  73773  68452  63372   7793  89384  93753   7547  85352  93133   8734  71096 100839  45088  25556  26225  15684  20835  35157  75968  43926  58345  61233  88565  10600  79263  81618   9742  10408  59696 117467  28138  90709  47299  11941  60135 105912  13955  19612   5744  68096 114045  31354  91797 105535  32275 112719 101969  66062  13304  21887  68909  51493  63200  45748  17812  91030 104244 100702  56491  21690  72988 116376  81711  25650 110026  90067 109569  52285 114430  89422 115331  52879   9594  76355 119239 100792  16349  17412  14908  24019 113598   9617  17326  83803  94972  59848  61677  59850 112546  98778  44913  69839  73384  92506  87543 111864  40923  68370  95125 100940  29284  55208  60874 104706  84775  57890  68213  85101  34453   1256  49461  74871  38404 121690 114989  50884 115122  29262 106605  93673  60803  20791  88020   5070 113068  19178  59479  34999  55477  99458  54014  83837  18278  78489   5827  46709  19746  80445  17492  49910   4829  27393  36370 105333   6445  24926  50395  83386   9647  58278  97213  81840 100817 120721  39208  99343  46748  37136  53468  13419 119127 103100 119972  26941  11563 104805 100162  39010  10495  43460 115723  72866  80919   1729  68032  48520 114642 118612  27546  72306 105923  98380  17137  94569  42442 120523  60585  20086  28130 114281 112887  13295  78047  21010  80596  10201  73989  18206 102585  46348  68501  58971  54322  97142  53393  61016  54147  19552 110157  66628  99498  17509  47347 110398  61732 107006  57654  25656  25844  93592  89962 100221  31088  77699  42081 111297  40894  45679  41751  76299  16549  22091  20417  86887  40960  86505 119356  95121  10149  57507  43279 100289  12934  23076   8288  71798  20332  90374 119503  41148  53762  56521  43724  22381  62353 109819  76836 105086  65250  91930  12168  19821  81964  47189  79488 102666  69386   1597  26947  75176  90301  59098   5287  51783  97598  90561  22264  27684  74858  72445 101717   3997  26945  28999  15499  57327  67597  44685  52319  16080  18154  55685  98702  98050   9349  70217   6652  53219  17859  77524   7275  91668  68054  68851  35938  98961 106124   7963  96554 106595  31468 101495  43922  92187  68002  89004  40135  74679  50617  83062  34069  90605  55999  69153  50761  51287  13279  75759 104554   7163 101117  76448  16243  90966  22194 119278  73568  39821 117868  77960  36542  57515  59969   1812  90975  77564 107779  83436  63397
  40966  97091 108540    703 118007   4293  63149  54031 105774  86815 119572   6180 119735 117577  79690  94305  35756 101079  84864  71322  15672 117917  68234  59503 122116 115808  86244  57136   6560 118980  35651  27936  55152  29522   8545  83041  77141  61017  99081 121081  45221  21131  53820  76730  97867  43988 101335  51855  83266  51600  79903  34730  59988  41752  83698  47857  37953  96096  29879  96078  37190  53798 118506  28093  92901 100841  74396  25164   4014  50583  45503  26490  41601  37773  81282  88452  39212  29491  84318 107249  16778 103947  82659 106843  40566  75670  20315  37755  49554  18196  68740  36883  12006  82562  80121  62154  70561  98106 112493  25078 116700  95267  65777  35861  17053  22398  36878  10800  87771  21023  69111  52508  35481  77716  41224   8708 102318  53444 103063  43315  68504  85264  61848  40532  21241  70259 119910   9680  17006  68128  78609  70254  47046  12314  41810 102072  40003  98074  34685  20229  36951 106137 114146  92604 100301  71652  82907  64410  61914  24281  14726  61312  38604  55549  53684  25936   1706  89559  23903  42403  40084  18853   4338  92363  14613  32648   8614 117402  89205 119969  17845  77342  50669   3676  25454  27406  85953  43536 104055  34990  52859 119896  84316  62838  10633  94738 111321  77330 117395   2723  55356  48251  94031   4354  89575  18695 106482   3506 116651  99653  16234  34187  49909  89521  73433   1837 105460   5582 113119  28373  74273  39013  59777  31291 100304   9832  45388  54162  83067   6790 108436 113848   6886  74255  33283  24949  16844  74538 110331  29848 101222  79296  96865  72454  33110  68726 109069  42361  65647  81116 109116 102564 116343  43518   3968  15984  43501  85872 115651  18961  73023  56106 119076 103256 115211  33306  14485 112314 108854 106546  32604  67238  23330  14018   9132 111333  38298  67545 112609 115064  99281  13752  73883   4171  31437  11528 104582 115553  87499  77833  25615  31970 117619 116726 109832 111290  32036 108067  56331  38987  36267   4950  48356  34625  15312 101230  56214  92143  28464  55823 115019  13818  30589  96399  16383   3854  98806  86489  79863 109478  18994  92231 103239  32686   4040 101818  51094  81787  25667  13755  31305  88450  69277  29409   8946  28758  24451  45856  22314 111903  86666 101449 119654  30707  20587 102137  71921  53782  12849    736   2519  14826  56430  52659 122451  89552  96114  46609 103919  96028
  41556  85061  53956 116814  73315 100108  24580 117044  79213  85272   9470  11242   1047 112773 107747  44530  41365 106472 118410  32218  27849  42930  81187  10869   6596  82572  47474 102068  44599  29125  70893  22551 111023   8151 104446  93451 103900 117836  97833 119164 111162   9134  93680  47262  85384  63987  31029  71280  24746   4570  58768  77761  20829  46698  97247  19812   2919 108212  48478  69967  98134  86951  17066  97520    234  86969 108940  94923  82831  69708  20592 118035  89371  72377  96094   7122  55651 121694  82389  97253  46564  17791  54734  99270   2224  44607  80770  84592  66371  62927  80605  72328  38868  73960  18286 108950 108860  30235  87049 117304  36537  22644  66328 114681  52125  81492  82586  39993   2061  68635  27759  37909  40462  90646  87592 109724  50820 122484  94184  55898  47619  57758  66376  34203 107489   1915  82411  20297 120483  63639  95015  71014 110229  41873  66618  14211  87363  39906 114122  82989  84033  70104  81644  59670  21898  17800 107438  87211  19427   4392  83995  90092 115084 109259  57736   5552  64411 112455  11150 111362  99002  73357  66535  81535  17377  68127  47808  74304  82440  82618  24777  53633    776  35410  86988  41249 104653  14934  94445  38803  22873  53638   9738  34287  56096  97760  22547  57699  64588  73463  56579  91828  20811   2451  78139 106368   4928 116760  72878 113699  78050  19046  54897  21850  20320  66225  22712  90311  93303 121761    311  88874   5340  51169  81919 100052  55233   3123  59417  34684     92  39031   5141  56929   8700  66219  18777  78541  28891  19551 104573  64626  36958 102358 102546  69078 120295  56066  79245  51084  23424  27952  15920  70329  34485  27235   4439 111316  75657 108604  69744  51779  31277 112074  57305  84703 121531  49459  80567  85348 102261  12156 120294  28327  69465  47518 111779  68044 113312  78482  23016  95782   5113  23214  20145  21271  11421  17707  41369  45020  44342  60716  17474  43311  68327  59293  92852  24364  34440  91583 105576  53207  97711 116232  36447   8265  91251   4617  38360 106204  15866  21863  64379  23852 112460   1284  36400  46497  89081  11285  79119   2395  25867 116020  53611 122178 110818  66382 112783  59805  75054  45845  21548  69952 109645  93289  21734  61983  22948   3753  34390 115474  71699 117199  28874  16473  18343  34680  35671   5293  74335  82792  15283  95027   7383  53036  48100 120537 121708 122480
   5856  26282  82876 103712   4493   3399 107718 103799 120366  48335  79347  99598 115646  20665  51026  17257  92624  82842  44280 111966  29564  65745  48366  49432  22159  31295  80209  99306  14654   8077 112770  34573     99  59510  64052  20601  87845  35369   3380  86440  58425  39653  19254  37434  76082   9772  28385  28163 104656  58329  30833 102746 106105  45913  62469  57617  39333  51919  50735  36953  64668  94879  42193  21660  19617 115202 116673  67739  79619  62435  14828 118525 116621  81849  76456 109477  42645 110456  26104  38648  71067  15488  64960  19972  46884  30026 114163  68630  87295  82230  76926 111647  72941   3957  63370  11417  63850  59817 100465  86920  84884  82526  56143  96747    219  16416  23460  64139  54642  85703  10422  73158 105387  31486  83642  82851  35700  68721  42764  58189 117276  21893  33569 121983 109129  25507  12829  42656   2500 120264  14701  99622  78583  38180  97002  55161  25536  41500  94906 116625 114962  15127  46704 103094  49718  95900  73611  37748  99044  78520 121589  69405 118888   2675  33613  87503  70110  84786 118296  25115  63328  92318  59267  68703  88190  26391  42359  13280  19791  97199  13445 117936  93301  27638  10332 107476   8289  95283  49840  14184 114123  41989  56473  31316  69873  87635 120705  93832  62347 107075  44357  59775   9036  54241  84017  50555  31697 100176 121611  68627  62020  15981  52773  68101 105445  30480   7589   3518  60279  40733  39992  50806  37005  18410  66981   9736  83389  32234  91960  10522  52728  89359  29881 114610   3783  95477  63618  41982  41451  83754 114658 120358  72002  20273 115709   1648   7220  92401  69256   7108  90986  10860  76017  27195  30765  44596  73597  73935  13504  49716 111341  82186  40950  40842 121289  46294  49186 104815  61486 118357 102531  49614  39531  87805  10095  58362 120286   3874    309 115552  51110  15131  58866  55781   2994 108457  34457  41165  48511  20115  76552   2450   6447   6517 109829  51465  58461  58649 103612  33275 119628  81477  16134  95240  94937  56462 116000  63637 104240 119552  49257  87410 116033  67873 109619  90614  50746  50801  71472 104723  71766  24815 109542  50706 105433  45320  62323  12155 100906  59119  21421 110422 114489  93513  35980  22499  41627  98100  42239  24346  89749  69477  80923  39379  34066  26928 112921   5687  93844 107830  76313   9785  65933  66183  24195  82251  18611  32744  84390  95273
  93604  54083 108535 100309  20466  90126 108242  37223  96821  82917 116342  48002  71365  76070  28077 104578  28285  48870  79053  93985  43152   3919  97746  64770   8991  11480   6008  40741 114503  97713  26047  82811  41740  97043  77757  59773  91454  90202  29323  95824  59406  98688 109816  43875  98560  41691  40186  19179  63859  63254  37641  87468  41326  52437  60268  32142  36300  29304 121715  39562 121915 116604   7614  85878  19278  69935  75038 106880 108441   8872  60265 100554   4460  88996 119144  49446 115012  55980 102185  68487  22526  69301  78247    144  23571  44259  98470  33331  38836  50923 109187  72404    811  38913  30526  43480 104152  90674   9656   9416  56254  79300   3762   9850  37964    884  10108  82739 120625  34800  82147 100625  85752  37942  89815  41169  36853  36519  36106  55905  86130  20189  62296 120983  33115  91953  42182  41744  88214 104312   9390 103780 118642  98028  78239  87735  12428  67557 120063  84597  70740  25315  91618  27276 104416  23707  20499  59951  14824 120748   1353  67155  84185  87361  91600  53532  91449 106630  30734  81735  39198  36102  54547  35042  30662  73338   3529  23767  95481   4797  64212  16371  76403  81475  49380  60732  63280  19457  28432 102820 121602  77620   8134 111599  41105  83144   6860  68429  93209  90342  92120  95562 108185 112348  22739  37560  62261  94909 101508  29917  10250  27472  17484  23844 103793  23781  92649  67257  11143  51048  19744  74546  72482  22782 109112  15896  10639  16294  82777  71599  89660  90748  15424  57634  92150  85668 100765 119600  66803  56800  27253   8618  72704 101562 117938  15285  33951 105554  65003  51050   9392  37817  61583 102637  73660  46746 112487 113298  34235  99091  67812  39851  49990  37617 105881 116911  52163  69819  76089  41949  41634  87304   7039  28239  28688  71676  64790  82828  10620  57091   6491  53227 111628  33984 113920  81148  46846 115862  94181  76983  88043  60532  59103  80307  13846  50940  76609   8066  66472   7322  71724  50833  81975   4358  14372  39253  82906  53677  74010  16800   5829  34185  34933  84138 101246 118909  19574  10010  63055 106216  93843  56474  42016  55106  95402  98252 100824  71651  55043  84103  65451   6738 120959  21628 118019  84852  88029  26017   4156  51368  10404  47393  78518   5803  91688   6515  47407 120203  83835 121593  41051  73167  91671  82620  40439   7576  51746  22402  66638  83723
 111995  93666  80416 118680  54878 121679  92636 113433  25030   1437  69999  59673  12432  99762 120033 119438  36507  52301  68470  29626  58220  63869   2533  61427  29357  79943  88883  12533 110590 102793  25581  57070  80339  81126   4715 103157  23441  12385  16616  39246  65993  69011   1473  17574 109248  61455 117920  84730  43871   7067  37525  45242  49069  60938  16032  77106  83705  53128  67275   9987  37513  70262  60091   2230  30005  43004  56171  92300  30766 111417 100522  32662  41575  61140  19232   4094  30789  79146  50764 112081  50957  84886  42674  40023  20253  87807 117729  35528 120499 103642   2895  65268  25728  75713  28398  49737  41475  62917 100687  39501  50118  38258  62137  53269  84783  23002  82364  79014  76941  38751  90109   2125  91354  78897 116183  84969  40077  52359   7752  43318  79313  22176  82127  99103 101169  54172 115249  43822 107782  81362  60272  23298  33920 118967 115160   5370  95261 112849  97574  65127  69950  58457  94831  91141  10209  19755  66088  75586  23969  68491  55808 104852  55294  81652 116348  35304   6541 102510  62800  12179  41015 117171  87196 120019  45785  84091  20463  90808 120576  35639  83675   4816  55430  37175   7153 105586 102517  95182  32152  74893  84097 106658 102152  37738   5331 111574  79738   3271  37638   9500  83010  35711  21672  24132  11848  29140  99659  20129  17944  31139  71706 107508  14516 103032  30810 120312  42689 108120  59042  23543  40054 103136  37070  37780  76610  58448  28048  72998  56979 121744  63658  31772  70117  13551 112841  26905  18469  74760  84614  65518  42329  15825  68774 111937  10587 104035  12871   3536  18020  42114  49816  76668  69362  71513  88979   3196  85147  97459  59772  67141  13343  91908  17989  87303 101693  54910 120252 119146  76500  15148  82703  83093   3884  54814  54259  17702  38215   1122  97720 118783 114638  88440  73415 119591  97716  55894  57234  40070   1721   1711 115948  66184  11424  36962  49897  73588  67132 112877 101269  56464  81346 104076  34724  80721  78124  27831  77109  78439  91896  26709  67087  13657  19890  44617  54481  65692  43533  57138  87701  81351  78190 106608  22997   1490   9759  76019 121200  90932  62649 118972  34956  80252  43735  60203  56026  43139  42899  85246 106623  33347  76257  99552  97994  38549  75984  81585  22224  40527  52003  73496  11855 101674   7450  20144  90696  78307  21102 103734  63216 110483
 114250  92200  48137  20163  34267  13975  42269  10123  37359  73125  77609  39046   2903  12342  63569 101258  86986 121741 116198  95449  63819  14977  64422  24017 114940 105709  90392 109664  63520  54201  51231  56548  63904  59461  32030 117932  52803  48318  22313  70742  85313  37824 116236  58091 101570  95918  95534  25451  23769  75726  93187  10623  79266 113869  37502  22981     90  17420  16291  79377  88826 100158 116514  21429  71804  91612 115257  58417  92227  32706  53252  96920  64246  34856  43372  40453 121020   3607  14023 113344  21396 110042 101026  69419  30498  32330  34590  10300  46444  40602 100285  96320  13795  21542  79590  83781  39722 103874  42256  15806   1418  30403  93568  74614  93634  90095  14986  67177  72542  24640  48762  61635  35631 111139  91100  28422  94677  23274  75617  67954 111727 119852  52278  45784  70330  97081  88746  59489  72648  33151  22293  36157 105190  55168  39460  31120  87518  13563  62577  22242 108110  69304  25386 115957  30973  76106  48613  52624  87216  30113  71720  88174  30859  65545  21064 100409  74441  54635  15971  54857  59397  18227  99514 118596  81876  61069 101857 113141  18392   9362  35302  44360 109710 112666  34327  17713  70700  51457  25041  34000  94564 114776  10788  94465 122415  43316  52502  70521  18351  49977  25374  76177 112797  13544 101642  35634  54872  99072  40872    355  50442  50431  75118 100277  23720  52738  31730  65579 119433  47313  11800  37694  91171   9669  47409 108645  17093  67753  16871  66754  75127  55842   5808  96530  78759  88017  54255  49502  28135   4697  77582  12122  72778  70734  74778  52427  67631  83983  46487  15909  68073  98274  85434  13959  75815   9627  10884  81584  65166  34755  63939  57227  42200  85136  61263  21491  86852 106328 110377  42525  69125  63043  60362 117881 111225  45833  67996  91814 111480  41647  25163 109443  76026 103148  44436  88049  37170  40885  73572  34308  24200  91029 120292  80215  66623 108774 122110   3856  64078 114417  55275 111083 104569   8076  48145  41825  65594  79281 113896  20723  61180  62662  72605   5022  37319  66086 120059  73840   9030  12162  83509  67547  60261  89488  37085   8435  91762  45762  73758  94635  79235  85912  78744  80710  38449  39230  26935  33734   7125   6678  84438  60578 118491  61442  63236  67066  85235  24014  37951  23467  35277 113926  56839  64332   7384  47192  85950  99874  21203 114431
  98675  92861  73830 109168 108247   5046  90693  41696  61102 105518  50542  25393 120241  19803  39287  12243 114113  26559  86934  53249  41115 105762  33583  38508 108223   4684  14266 100219  76408  97402  88158   1750  84555  27992  96309  49042  11322  42312  48866 121755  62233  28074  24856  81048 120591   8729  46377  11162  91161  67809  89112  52888  65389    758  53203  69145  24695 120886   1678  86902  83186  40993  60225  78602  83320  38982   1413   4631  93228  34572  81504  79370  34295  54208  50368  42053  41136  17010  18337  81817 122349 104329  62444  13964  74881 102407  47480  22039  91666  28486  70296  60037  11616  74641  76379  86300  59282 106969  53536 102552  88877  34076  75554  41760  58292  77033   6115  95299  16229  72309  58172  94490  74416  25980  86900  33903 100027 107624 121444 117307 105799 112937  32743 120931  72444  52332  31786  49568  97866  36262  82736  38768  30780 114182  96066  38591  38511  48267 107884 109605  71834  14997  60978  19174  25077  58677  50367  42278 105703  73752    481  34785 120450  56805  67274 102901  61871  36107  31667  69581 121886  82355 115225  93911  26403 109179 121383   1774  51630  74970  14391 116373  26989  31562  38810 119714  36534  18179  46713  53372  43849 122341  20841  43066  92522    350  84382  65961  14739  87268 115787  12846  99627  88079  98386  94737  77022  68947   4960  76466 102911 114350 114656  99823  92884  32607  30646   6172  79876  78140  27875  41940 111247  89408 118436   7546 107615  21523  10369   4053  68331    595  45611 105164 104979  10764  49391    409  76894  32100 107663  86664  60690  62962  66669  92515  96060  67503 106965  47375  52304  60399 121045 116358  21364 120177  58592  61481  35522  50944  59838  64560  93975 118656  27850  61019  76751  68095    658   5427  53229    428  46968  30032 112391 118543 106324   9854  49601 105408    666   4211   6725  68868  52491 117319  87993  89484  41870  73037    719 101746  94219 101980  97482  81061  66768  18847  21178  97689  57840   5560   1731  38078  50183  74100  64703  40607  16076  45555  27596 115805  21658  64755  67505  71633  26610 121861  81610 109830   5546  90141  34675  63667  68021   1920  28830  64947  17402  93446  95260  95455  56999  21584  21565  27341  80537  47371 109482  37373  31249  43567   7684  42190  39048   5044  55953  69474  53925 115309  95109  38117   1558  71631  76402 108949   9924  27285  16434 103255
  24424   8351  93105  20033  35485 113494  86376  58228  17781  36049  81540  90738 114365  51841   4936  11490  67309 122305  80061  45806 110024  78019  80484  76401 112041  91348  44236  72216  61587 112601 122148 120802 117055   2936  36220  83869   9482   7857  48088  39036  65483  47594 110414  51124 114861  83149  83425  95859  45871  11094  40209  93328  92532  95868  99033 116145  75784  19001  55022 109519  38618  40354  14882  70854   3843  30201  12509  81123  83905  97788  88710  96833 101943  43223  56161  14765  57218  23986  67319  86614  27450  85260  57565  72219 116139  22999  83464  96722  99055 102490 116547  34926  20251 106542  93403   8384  23722 122179  15415  14677  41653  86573   9014  17300 111602  36431 122072 103782  99931   4497  14415 102341  18692 112526 109934 113224  13781  86797 114011  22706  79902  82432  92221  93115  19403  35510  32572  54312  11541  34733  91781  72854  77806  54294  11464 105697  58852  17556  74392  53603  16004 113750  95081  19633  12790  45646  52840  33406  46373  77154   8874  26867  96014  99432  81222  86424  36914  69982  23246  81263  52002 114706  68582  42654  79780 117830   3023  52896  74927  25596  56250  21778  34909  56798  60781   2173  52375  10493  86063  78331  53185  74668  58481  22784 118577 112346  24846  73772  64725  33562  53371  54376 111285 113105  53787  32904 113233  93355 122241   4789 117414  65705  93517  43492  98620  82858  19432   3027  51678  47709  38374  51533  28121  63855  90920 108933  14262    172  49745  64470   6149  68015  55853  23197 119736  20905 118926 110873  24863   9035 100489  64040  69378  98399  30713  78563  79897  95841  34585  90654 108890  96159  55362  49699  35517  50190  80771 109577  84104  40641 119385  31598   1620 121961  17430  76711  85879 107963  34158  12767  78918 106871 120693  67222  22995   5576  94012 118431  39408  25563  83472 113009   3921  93889 112941  16183  17461  50173 114401   1656  14584  15728  83287  14326  98789 104091  25629  85783  78220  75783  22446 103078  84354 116946  77220  78217   3257  16968  57784  30385  25262  70321  54847  73460   9609  15839  10863  56363  44251  55302 103106  60979  96986   8100  65511  64175  40693  28068  92978  46278  35573  15808  81622   6287   1415  65371  56937  33498  31262   9229  71832  65050  51426  59474  19993  22243  65001  17014  94764  76418 101589  26411  88498  76229 103590  54738  57172  92060  20362  60502
  64957  49503 112167  89202 108932  24384  56975 110950  17359  42103 114318  30211  91028  28518  80823   5045  62996 104589  35990 116078 114997  66537  70356  64941  38083  60461  52887  60452  64806   4547  71124 101285  64012  81387  38748  96781 109092  78160   8764 111964  41723  20654  56912  83209  21699 115635  69728    895  14692  99101 105261  52340  41703  62672  70426   8141  49076   5411 119621 120206  25826  93201  80667  68014  44180  43748  46205 117834  74763 105876  34328  16061  56399 122235  24155 114053   2401  36261  44139  92967  49636   9043  10107 115977  84909 100152  24674  90128  35638  80212  19153  80619  72393  65498  12839  13118   5158 119082  68738   8260  48384 107862  30816  77276 113924  84275  99926  64429 112962  51205 117828  98415   2570  86447 103673  10833   6835  48944  76672  39646  56069  57083  21455  73162 104927  96133  84355  12907  55675 114811  10644  75709  97365  73858  55132  57243  82940  22639 111123  33908  51226  20439 108103  62547   8143  49104  88261  67499  57875   9574  93012 102243 110239  48978  51504  66755  26109  64688  70516  59989  61350  23370  59096  92683  61824  28554  16759 107681  52992  43896  71382  31130  26209  47997  83214  73570  97027  12246  76000  86737  83083  52402  45339  38285  20648 107242  48767 101475  73790   6857  56804  64598  84669  71106  17869  99594  83808   9670  44274  13590  11652  15142  68296  41993  59360  20434  26284   4175  92681 107686 100847  38727  64728  78879  92910  79043  23542 110569  97109  57788 104428  27283  53622  67052  10335  23109  30254 117242   8789  26020  98281 113057  35018  77987 101004  90512  24504  84271  61099  13642  33738  66065  80576  71473  68753   4235  83514 117266   2044  88406   2797   8316  84366  23508  41907 111349  20800  65439  84888  14022  83721  46439  85788  14431  37495  75110 103597  49693  11443  88781  23364  21367  54684  94258  30006 106430  81542 104850  57769  77502  88050  13560  34939   9541 119619 120282  26777  50036  64330  37707  33445  85765  94437 103026  86973  69463  87088 117006  94882   6900  45299  56537  86277  83111  11258  72243  70696  26622    973  21113 103389  84448  44746 115094  40140  99654  16053  98071   3214  73510   5452   1219  50167  11331  97004  52571 119491  70188 115728  45683  95666  60027 115839  76442  82642  54612  11947  90418  46892  60872  45317 103586  86214  90756   6823  77587  77375  75625  33938  51188
  47206  88729   7641  42795  70506  47485 117678  91821  42274  28570 111556  96304  42975  31457  41656 108480  96175  56261  48622   6789 100199  72234 105411  66867  54658  18735  46149   1380  77984  42131  82072  80490  88188  83683  19307  41707  53849  26602  77714  76354 104351  12865  46645  98032 103165  89231  41085   9491  15674 102105  32107 121640  70156  59575  27024 104991  33129  74095  95626  21930  81352 104633 110514  52858  28875  68619  82816  56526  13963  99298  47564   5830  46528  83547   6617  67937  91411  72151 115603   7563 103401  35930 108030  12023  89172  15938   6131  78648 100532  48095  58761  71228   3735  52594  21242  10728   5857  90289  17328  90733  68006  27034 112643   7911  30336  23052   9971   8565  33602 108375  14189   7021  45710 101411  30036  54043 113711  64399 106475  28950  54412  15355  97501   2313   9804  87473  59812 112394  81410 118287 105141  83249  25845  64768  44660  74240  63102  69444  57158 103944 102482  12313   6773  49435  83749 118902  69887  27982  23850 112349 121834  60954   2494   1891  63235 115398  49591  84601   3602  30633  94493  67408  81350  93313   7982  19048  60002  75989  23193  94853 114809  14453  25732  12141  52519 119950  35779  13685 113400  85613  30628  92716    231 102970 114090  16258  96947 118369  52272  93437  66178 115547  56557  77046  57474 104605  20447  11087   5471 103468  62098  93760  35043   3587 101033 101103  30889 104516  95280  91675 101113 120673  14265   7140 113035 118485   6749  87184  40299   9365  61963 101099   3251 101784   2681  30982  51616  78618  30124  84557  25606  90179  98468  42636  83334  29191  30011  35251  39812 104658  87619 107572  33637  20211 108804  64471  59755  18898 105996 113972  30704 113289  81232  95030 111398  80334  98651  26269  25610   8362  14711 114716  99077   3658 114934  96678  34525  16582  67518   6681  58782  33503  33332  60780  59577  10274  41407 116908  16785  63523  52142  28459 118679  56342  79658  20788 105505  43254  46536   4802  97074  50419 103475  65565  17331  12016 116260 110316  50151  11442  75982  69076 110168  68783  74699  10713  37985  96036 111274  74814  56403  11139 103480 103375  74097 104158  62777  66643  33219 120792  47932 121767  26072  74920   3610  95393  28278  94800  73300  94089  63541  66952  65938  17733 105066   5478  26714  18072 120814 102288 110612 120188   3646  79075  38525  59999  56101   8691  97024  58924
  13580  88062  43953  84816  60614  16990  62263  35657  90791   8444  65553  79561   9293  80507  44013  22730  25729  96982   7198  29918  15577 111038  59422  63006   6355 115095  51988   6690  20335  48577 106067  47048   2016  78137   8256  58020  28287  76779  55663 106955  83044  44252  75302  35145  24353  37441  13632  30047  60600  28379 108234  41554  95414   7250  61593  29128 109743  16114  83500  45308  13026  49961  82423  42130  73751  44239  54766 112743   5201  90426  17106  48502  55759  67596 115597  89584 112529 111573  53547  18867 119004 100580  73698  64122  39389  39484  96723 113652  23668 105965  78351  44211  97863  53138 120010  57102   9946  55181  53217 104508  25046  71126  61268 112981  63599  67647  65298  27288  96841   9366  79393  27513 116566  32695  99639   6369 104259  13971  31781  85054 110688 116834 102369  14571  52130  32271   8297 109429  77377   8413  21086  75312  12834   9561  39064  25411  24040 100812  47509  89547  32216  75171   8537  25725   6060 100446  69042  65329  16339  19717  84021  89792 109272 106526 104380  42766  91686  80128  38801  79240 105725  71814  44418  87860  66413  90412  39658  35816  35698  36437  89626 110078  38102   8575   6990  55417  10461  78996  82244 102021  22876  97451  42734  66048 119855 120784  24481   6461   9645  30645  48748  60908  72807  79711  86781  11757  18727  36857 116980  92927  84339  98260  93501   5081  88759  35549  43764  70966  97604  94169  74660  36809  95563  91142 116036  71443  72759  13655 109737   2629 117460  81137  45955  14035 114835 104393   4757   5104 104103  34817  53271   2835  60959  85353 102985  20323  50348  64366 122485  77909  48474 117822  87316  11465  59018  19300  69357  42514  86230  53206  87527  75026  25745 113376  69284  81967 106701  69659  39867  26982  58695   7238  51862  67833  57744 107527  88202 101464  38635  36021   7736  82523   8759 114419  82595  63132  49690  44309  96047  76042  56438 103867  92855  81905  67488 110264  81224  72802  32558 101534   5225  88891 106747  64125 118511  60350 122113   5726  18386  48813  56373  91961  32895 111309  81783 114589  38168  41245  91860  60494  38407  44420  58046  66454  52666  75565  63587  86480  71158  46934  58379   4865 118558  91923  61520  79804  29259   6563 116949   6264 109857  48122 108086 115452  86673  89863  20231  51550  31163  62858   5593  58676  34722  92264  24572  95986  90952  17336  14530  90196
  88113  37117   4683  84002  87053  74024 110518  32959 120319  22971  61711 111100  49309  86498   9851  63835  99107  58458  47688  67999  72667  51827  74844   3163  93329  12710  44275 101172  23794  42588  31345  63589  83939   5310  89901  67908  53358  24062  45948  70709  12280  26341  21088  90255  92815  34386  11899  81509  63374  32833  41512  81415  81088  46331  67208  32641  69734  42113  25316  68204  33806   2240  89917  39122   7416 120248  66205  54994  84015  43385 113212  65778  59106  84254 108463  58225  45962  73491  17164  66093  51249  69941 112166 104493  90034  25580  55786  63061  19415  71840  71076  89109  57362  70806  95527  22174  89242  86971  24676  61277    504 117173  19466  85201  19678  58168  71705 116950  61517  31549  62688  92034  11499  81457  71152  63505   2649 120666  90856  69815  70202  47858  26154  59538  47199  73871   3303  23087  87714  28579  93292  11332  86855  93269  32769  52267  26874  38221 119997 121505  27746    257   4322  70571  89988 111150  75826  59218  82675 121398  92779  17411  37105  81070   9873  62254  49218  17668  11739  91425  28094   1397  98937 112345  26549 112138  17130  94527  38543  86584  93873 106892  96432  31857  75536 113203  18477  94539 112366  56494  36333   1371  16348  42800  72288   1954   5312  84308 110149  45530  22902  64505   1661  15340  10094 117401  76030  22764  68323  54065 119974  19740  33574  56175  22452   9487  38870 116509  64057  78965  77436   8797   2865  91574  51691   3559  40899  94782 114504 117979  75834 108681  24489   5153  30846  46297  21678  51710  27019  74919  45826 111927  78995  60999  36093  56887  89197  46072  71859  73815  53656  28427  60848  72942  17886 103048 107392   5279  95958  55094 118201 119577  52096  28923  99378 121813  96832  46131  39589  16814 105117  79786  40385  85579 120598  95118  93416 120487  89298 117781   7420  78633  52901 103374  47526  16327  34114  24499  66381  22648  94285 119784  81414  30535     40  97845  15112  81359  47414  95701  59529  70347 122344  62008  40308  52946  31661   8442  18744  39553  91340  54477 109528  17299 111158  70528 111646  74076  47806  21578 107998 101504  42995 121442 115170  43640  36089   5855  96198  69654   7175  28085 109459 100298  95320   3845  73803  12387  90792  70630  25498  77610  97078 122320  24412  10279 104235  34639  65717  52660  82724  55423 118390 111128  84725 120979  26443  24496  89196 102942
   3070    403  39335  15128  90488 118480   3004 104057  52264  84564  92390  46029  97874  31676  41664  52193  87623  48073  89574  28652 107598  61902  70421  12596 118126  36463  28788  23192  59388  30209  16036  31597 121542 112275   5981 109399 122040  99229  10386 121564  81229  88609  42921  56252  78562  65254  80943  59031 105224  25659 110434  81848    501  96543  12873  79894  57394   1176  33515 108847  71805  41119  71708  15878  22507  23798   5295  87389 115546 106596  36233  13276  84108  62242  92364 110798  69195 113482  92819  14471  53059  41795  26100  27113  64049  16101  39483  75590  55401  71735 116982 114197  22500  89556 104921  49729  22058  23048  39910   4650  51441  38986   7870 111252  66210  60984  75483   4528   7521 110240  53545  69579  85850  57570  61216  82037 101855  68401 104936   8299   5262 113220  81189  55968   5622  76470  38184  33721   9413 107276  43594  17386 121282  75340  94768  63798  49937 111805   2067 103763 107203 119900 114697  15736  74595  35662  24551  91536  24393 101799  36070  12750  99553  63240  39464 106958  84365 109759  99243 122197  75956  59260  89087 103050   8195  87889  93819  30537    804  92732 113508   8234  17527  52170  71950  44759   1005 113252   4649  49361   3804 112462  59047  27658  23402  39429  57187  20497   4445  46138  87067  74962  42931 111438  97377  49939  83196  64600  22145  24981  44289  86747  19291 118494 115768  71441  46537  13863 111829  54882  94456   1851  75758  64834  59822  51843 110689  87899 120605  52431  84878  82422   5210 119019  27219  73874  19790  84086  94638  42399  11115  66845  42900  71235  11967  54788  53170  70769  26992 116146  68483  46021 106666  14363  30364  15477  38394   7241  69933  78028  26136  83173  17295  56056  15949  40121  58052  62034  42556  73595  41849  38961  93962  19481 108036  18535  39724  88112  99694  60096  62957  62857 109227   3948  63772  58182  83376 120314 122239  71898  85334  96006  22081  82808 110863 105769  34893  22317  58112 111154  42325  87657  85685  20714  52699 112969  95343  63483  25257 101880  28649  27637 120142  21826 116667  90954 107864  70831  45057  50426  52046  31616  46362  29094  38656  68172  62954   4756 114653 107315  78775  87874  44468  43688  76612  12680   8423  95079  99549  16589  55943  99615  83490 104100  78408  94946  60148  32174  45771  92226  21592 119285  19062  65615  18339  33689  81403  87972  26512  28098
    138  18882  52846 103767  53311  26432 102443 111678  51767  26223    442  37634  61290  87563  25231 109316  25020   8487 107722 119872  18758  95721 106092  41480  44735  91616  61265 109732 119401  24645   6348  97653  61494  41462  48049  29818  61105   2809  73500  16765  71019   8594  86491  47991 114538  95291  83467 105401  81683   3287   3725 114601  51270  52550  55821  98484  31844  23019  30022  83702 121321  21602  88500   2872 107090  67628  26780 113642 103685   4031  61329  55164  11561  54497  21051  42026   6879  34498  92600  81024  87564   1192 106577   9546  17737  67889  81360  20326 111279  42058  52492  89522 103697  77828 103380 117396  27228  29603  97875  71391  41221  97007 108744  38640  70907  51246  53863  96646   1623 107238  96293  46477   5877   3050 102602  91875  38315  82894  89055  95098  13072  92593  41163 114977  43693  22077  80253  50002  37868 112255   1295  48320  87726  12076 105808 106750  94362  29433  96753  48234  49103  44388  15267 119346 113427  60206  27625 103010  29024  66444  68599 122225  97008  99770 109707  16508  10436   3455  87369  69505  35211 121662     19  84098  24668  17459  20886   3834 100698  73355   8011  99313  82417 117445  51765  16768  10263  71687  86674  22286 115786   4716 104127  70574  74463 102801  84268  36387   5606 119553  47441  99283  66889  42798  92010  98239 117238  35585  93953 101109  14409   8395  10316 117031 115477 118892  61418   4070  63709  85003  51239  78449  13210  98001  52537  71789  64101  31495   6803  41933  86370 100417  96659 102882 112688  67843  92267  53314  98463  77067   7531 108018  56633  86682  22659   9476  63654  93669  31931  59940  31994  77811   1140  94298  16813  24512  79229  38561  15388  13262  80378  79983 119017  43939  63625  45028  65504 114675  52889 110749  83710  50731 120467 114040  42137  30171 117939  87231  28371  13003  58081  93061  37052 111855 113858 100516  43177 117314  76323  49037 103679  68694   9707  44512  57950 113028  32128  89990  89668   1902  33797   9045  77893  60390  84701  58234  24760  39370  50232  35373  58534  74652   1486  29961  13049  26788 102615 111441  47897  13241  95201 109420  68571  12199  30665  98268  95169 114474  66042 110747  22950  81614  19126  16543  31151  96272  28936   9382  28275  47501  73103  79750  43184  16731 107216  66433  47616  26678  62087  51837 113789 100562  21388  42723  61347  14576  22731 100897  51802   2513
 119165  38317  54426 111819 121836  89613 106570  12708  47105  53096  20256 103899  75077  31387 108347   1941  89264  14212  70902  22952  15047   1497  22067  74515 106381 117295  47418  96383 102586  58757 109190   1483 121831   2886  52452  99550  75841 105939  38823 105371  93064  48482  38560  73486  99751   1241  94496 110976  65679 100354  49443   5498  66170  93449  47919   9121  91694  14733  69738  82283  25332  90749  18754 108798 119649  96546  33482 114648 101821  86530  56107  15831  36096  30853  13584  90132  37228  70039 114534  83632 115899  90999  89640   8810 113541  12018  59737    997  67107  45081 108215  28179  46447   1654  93876   7036  26910  83654   6555  32879 110370  57929  14535  41036  14712  35608  55305  64966 106922  31960  69134 109241  30398  72626 110926  32600  21681  93827  87439 118941  13734   3901  45686  90724 103708   3327  34016   1348  28361  57031  79921  84804  14550  31310  92781  46936  23264  97479  79297 116228  10756 118137 121405  88231 119498   2929  23299  64550  72172  91892   6721  28453 118516   1329  98163    710  53026  87536  14832  25942  78162 100659  45749 102779  81435 107359  36415  95993 108043 117670  46984  70512 116530  48585 104148  77461  93295  74164 106694 116955  47394  62101 106156  18631  92959 114708 101841  46545  39388  54287 113369  45407  25005    928  27869  20356  13839  17624  60495  55257  39154  93079 106787  65426  32481 114561 102629 114636  57418  37733 106114 117785  48254  94284  45607 116639  80269   1526  55753  25956  23629  44610 105640 109559  89300  42177  15359  89361 115382   6379  46437  12283  39888  14349  26517  15427  56955  51310  25673  27014  96454  90905  30313  98105 114817  52761   3008  62953   2928  58675  93905  96138 115840  42896  47575  71041  48974   9270  68995  41457 108327  75480  96860 104247  28922  49240  27430  70377   7706  51641   4152  69369  69824  79797 100886  34727 120135   6051   5681  80720 105105  44641   8548  14121  44244  12120 110134  17132  28507  33171  48642  47817  35677  75615  22261  53919  65065  38889  41146  62733  93141  11892  12848  34687 111811 117912 111156  72272  44676  57478  72553  95113   6209 118203 113840   8220  13929  50372  26242  25922  35821 117100 122334   5020  94646  37863  76697 103080  46259  64237  76061  54104  93997  61393  19005  74092   4707  88129  93694  89588   4321  28568 108819  97552  60192  72737   1742  67506  91287  28909
  19787  46977  32101  38004  37658  58506  55074   8763  88184  51629  84751  45052  20578  52514  38686  99424  84774  42673  22510  77935 105454  63544  19937  66579   2013 106084  50726  85081 108248 109581  96972  60740  18281  13020   3767 120631  26482   5278  13986  41523  45557  72782  22562  74870  44592   4660    188  93445  31299   7513 114771  45745 111850  72434  43979  48470  55677 114432 108507  17721  17035  46730  72895   3116 111449  88435 110709  88133 105500  47527 110136  73003   1141 118561  29127  56401  17205  47465  66660  30495 116264 108179 111354  57583  48839 122194  33716  47679  36773 102069    547 119161  40240   3063 108298 117911  61159 102792  74052  19453  42235  96995  40881 115712  21137  76242  60142  75315 120546  59453  88493  97835  14315  49475  29285  52049 109855  51166   9244  43441   3209   1687  26794  74842  33976  91677  93644  83576  51669  18527  17007  56603  37557 116903 105167 114469  24619  66584  21104  97780  66207  50700  28252  20085 119191  81986   7694  61588   5273  80925  94645  78349  70868  42508  69244  91179  33830  87776  75939 122419  73201  82638  18060   5305  20025  58708  50892  86669  69388  62527  41557  93430 119795  59299  92851  28642  95245  71290   6159  55963  74184  81700  21844  68275  13121  48632  78180  57536  32731  15680 110109  95972 120636  95415   6226  72652  78113  50599 115608  78126  80563  79988   5772  25456  29001   5500  11278 105420  25220  41201  20830 103031  29628  21101 101206  16965  57972  51618   7287  90845  38862  55139 102915 112745 100222   4069 102872  53434  99041  58667  10718  38223  80446  37574  10621 102462  53625  38625  82005  18095   7807  79896 113199  65486 122001  86382  55541  39865  72997  40880  82078  86728 110699  60860  80585  50649  55581 101830  55949   6387  97921  84871  59008  66305  13725  60275  86274  46712 100117  85421 114298 116279 116164  23152  92620 105404  28765  37662 107416   3112  59810 116590 103184 117503   1469  21787  33144  78866  87812  88956  54151  39023  96267  41794 104203   7193  63125  22690  61889  91250  23520  63104 113498  57182 111443 103394  71127  81662  10677 117406  57610  87571  30210  69725 107919  42706  25944 110464  16835  34442  36381  94092  21055 120953   7861 121972   6671  11314  64984  20141  37090 109935  49561 118202  28911  47855  99203  41836 100383  61786 102547  96128  28181  16786  94397    699  61487  42175 104553  17787
  43388   4863  71634  10264 112965  74747 119690  67720  33998  96870  69185  76484 112320  75740  49368  62768  27670  31551  82482    653      3  17303  75544  18790 101000 110295  77267  42683  12619  69932  47000  46953  90120  37862  86687  92117  11230 101748  28280 101856  86877  47797  61698  77562  94166   6679  49374 109649  78717  43096  23723  18576  81779  55244  75073  27178  13546  18398 114985  61422  50066  16128 103860  87960  65482 112113  44295  78731 119947  79448  49190 104404  24468 106249  70545 100507 107627  28012  47517  41914 116832 115519  26577  14820  95821 118443  74146  29308  25632  62697 100753  97327  47228  19788  83370  73727 108037  13876  52613  32507  11944  62145 109394  17609 100520  83491 108515  79325  87906  55829  69780  25040  74944  19135  18120  29511 108807  16056   5646 110382 106788  93463  45012 109611  16861  83427  99066  90481  55682  23970   5751  72048  13731  36944  25703  17276  56832  97529 118716  79919 118107  64509  69805  19584 108312  11257 113988 104643   3037  12149 114221  98725  61231  78435  10935  74820  34330 119486   3332 120154    135  60873  87942  81576  62998  58596  23212   6205  65929  54138  73808  69927  61132  31881  30166  19218   8490  38826  31015  40321 103179 115587  81228  57437 111668  81186  92412  74836 103648 107466   4856  35206  52911  95590  81651 100825  28044  70180  86102  25177  60668  33743     34 111079  41111 107796  51033  18152  65939  18204  40444  98508   9729  42665  53758  89537  10483  54860  54924  51714  85952  90887  30657  66123  47545 106913   7508  44438  33577  88749 102667 115264  60118   8379  63470  53274 118478  83274  31287  33044  90208 117875 108506   6847  64894  58862  21279  64001 120618  78133  36423  10158   2141  91225  96221 121102  51157  25271  91043  88397  18621 102066  41746  53401  58914 100341  12469  54797   5069  90533 117434 103589  47983   2218  78479  57017  67249 110943  95638  79858  10028  73439  61955  32051 110851  53491  36018  71544   2064  64406  55718   8733 107732  86172  98450  89022  31035  22575   7575  79038 120381  29329  10514  90661  68583  22880  37459  96051  97337    718  42677 101553  61154  82684  23501  45709  58231 117600  46754 106175  13243   7712 119540  43541   1204  86190  56827  35272 107253  49152 117288  54971  34640  78270  40035   8837  35393  83232  30493  28594  65402 102934 110549  26971  34770  25149  14358  93828  69397  85853
  63101  39908 101303 118948  29667  54576  94387   4962  60586  23838  66965  54980  60671  30881  87037 114530  71363   3821  17756  77732  45109 100830  79790  35354 113737  79104  10420  51152  29843  46428  90705  26782  69794   2601  75823    248  49812  48495  36726  55055 104523 104665  43483  45605  93904  76994 107484  27990  66335  23287  84132  81085 119279  53361 114919   3106  97569  90786  12782  17426  57046  61274 105901   2388  65053  75494   4978 114825  87880  23359 114626  65075  36212  63239  10459  87313  55738 112741 120207  12399  67298  42368  59019  74616  21551 104298  28984   5985  94798  31696  66656  37161 108137  40523  30035  43320  12407  81757 101435  57401  72619  82754  54602  51319  63455  36968  12233   1608  83227  73417  18661  63979 119446 103850  28487   5743  72523  48606  43040 104395  54042 101962  53359  47624 110148  90839  21106  54245  39186  27384 120026  82271  94829  30778 100752  84983   6390  83158  38955   6415  53526  66587  44264  69098  69550  14883  81251   7137  25739   8249  76788 114570  22919  88958  55650  70919   1987 108635  64204  67916  77500  48537  99286  91332  97966  42362  94033 106220  60276 102046 120561   9115  26137  46098  78384  40148 111376  28628  72034  54845  67576  69667  87425  32302  28435  96675 121754  26068  17543 114768  60769  91732   7084  13173 114287  35830  71342 103633  73553  95223   8434 110919  69856  17725  11460 116665  83558  38309  46776  39685  10129  38121  41482   3364  32352  92237  76699 116027 104810  87741  58979  44867 108244  10702  83190  39860  56497  40944  64574  18105  47659  49114 121882  90508  52910  96419   4029 116794  79808  69683  13690 122365  97311  36309 115660  88064  74339  94021 110756  28831  34456  12492  24339  22186   4739  83732  46380  62580  12176  55568  55575  68117   4227  34853  15748  86613  61863  94878  57859  27769    222  14725 100212 111636 102265 100425  54930  15346   6314 100474  34580  39694 113169  36731  36074  20012 104337  37643  71670  36810  46452  47664  96491  43987  28444  21770 119698  94304  80773  75045 119016  66168 103709 105480  38109  50455 100569 112565  97127 104715  18068  74875  91957  14605   2271  14361 102380 118345 117068  87602  21827  44688 113175  33671  79969  85671  22442  38761 121028  39372  66174  74194 105314 110669  13968  29011  90796  28022  75805  24411  52365  75497  29229  89713  58710 117091  12143 114464  11077  61339
  70610  58152  31600  30030  38000  76630  86096  51400  81976 104830  26468 107655  40062 110619  30414  18326  96136  16951  41029  99901  61225  21976  14083  60827   5457  53768  96403  35770  58615  99794  90217  41961   1923 120279  97929 105230 113715  94374  65140 109062  60039 100557  83341  13277  15446 116362  70273   4036  74145  78362   4989  86218  69755  34944   2992   4747 118058 114421  10040  67425  55377 101051  58252  34160  90123  56115 117837  66871  89545  55666  65475 113138  37002  27248  88434  54832  59189  87764  87538  79046   6207 120183  70429 109505  96588  16466  66820  68391 105894  82280  91757  85915  57671  20717  24958 120080   2907  91680  24417  45866 120564  33166  23851  61264   6108 109721  88721   4424 120031  76954  38518  49594  62555  82181  52760  45482   8816  74704  88298    476  23491  82475   8461  95696  12727  50470  49758 120885  84256 118334  22816 110033  72650  93027 121529   7594  80501  30264  59901  75550  96668  85732  12137  95982  81304  18878  82336  35740 118918  26471  86285 116447 102625  60088  48721     81  88001  75549  77904 101917  34575  41156  61543  43648  76917  72259 107715  32517 109538  20287 118819  28786  51430  74864  53946 109909   6641  67603  32099  70557   2161 101595  14987   2609  96923  39462 112129  53398  34931  53663  99214  69072  30393  62673  87748  64276  92416  30624  27813 115560  12698  60492  33853  14457  72966    839  98748  14283  58953 119512  53930  72232   3829 102833  15849  43195  43602  40839  47429  10380  39391  78225 119181  91929  97611  14441 119670  39616  28455  25972 119431 122278 120167  78280  63045  75596  58427   3041   2705  18969  98832  41499  31823  28390  88479  80814  43335  71573  37981  37268  16481  38260  96093  78749 102424 111857 110962  27161 117033 106460  90581  98446  60711  27192  66440  26039  52781  87553  94151  61791  10231  21018  48160 118473  74013  49356  39029 103284  53388  27150  51491 111227  14247  25224  27412 120076  20296  66890  23122  63422  25750  99754  57077  36775  30786  62475  77111  60026  80258  91561  53370   9682  94091    865  62358  81676  57313  79761  19495  19824  75256  54899  48957  37057  25071  68026   9819  66971  89113 106306  71252  40337  74746  14940 109637  56228  10681  82669  24725  46342  70402  64515  32265  25619 100626  13045  55176  37288  85561  25348   3032  70750  85418  91053 115465  57638  70633  29835  78107  62542
 113898 116820 115021  50018  33182 109873  14867  67938  29721  13589  55384  83195  22036 114728 113850  10749  41782  33718  67688  31504  77152 113504  88077  85555  16308  78438  29921  45985  53513  46613  97771  29339  33273 118793  50059  92253  40859   4596  43995 113045  29931  47084  69147  18650  72551  80866  16597  14271 109391 115674  39585  79365 102190 116945  96323  94495  77163  67677  44777  50291 116022  87905  43068  90765  56559  78285  19801  34559 117899  72424  45882  54362 111207  73755  13229  27454  38936  73175  93824 114389  41845  51095  87318  52629  36092  55960  74625   3742  89983  61624  72770  22959 117037  17927  52541  91379 110387 112234  17033  60255  57866  43997  89787  58336  24618 103563   6926  50347  41108 116960 107412  61044  66720  13008  61907 113909  93121  65698  10742  61775  11073  89431  82881 120238  14572 109923  38596  48212  36978  10138  59371   2329  29410  79047 105517  63689  50304  16598  41679  59891  78328  78972  36146 118734  69574  35163  77862  13573  15162  24024  44939   6430  44488 119973    938  33204  93420  79436  17603  39686  86788  89261 120575  85063  10816  99289  50020  68756 111934   2822  56773  80711  80289 111467  99142   6049   9305 116742  78372  50057  71001  53590 107990  97651  10916 101903  23378  69568  58720  22131  44747  16240  11643 103262  79435  15493  41801   4670  89275  23480  85167  45076  20557  99063  29165 121051  69756 104220  33708  66511  60897  28866  43781  83615   8330 110986  71534   8433  80352  29207  68035 120733 117863  15114  79832  25843 122382 117011  72313  57356   1919  91124  39574  11881  68862  86702  67611  85976   5297  68318 100900  30424  74829  33197  20117  12392  31879   2491  84636   2374 118419  71266  22199  11254  62437  10050 108165  65956 105750  62557  83991 115421  42989 114618 106322 115550  14782   4367  75535  61994  16996 110465   9056  81386  45248 109449  62266  17953  11884 111583  62696  67122  92584  56270  82489   7399  17952  51101  48562  17226  36997  94741  88613  33029 110096  90097  11142 104951 106247  29682  25080 120038  95238   7200  81405  82180   4191  12711  49914  27570   6045  42029 118579  61111  78771  19543  17503  74725 100185  76641 115230 110037  47888  85536 120919  55478  37330 114001  88659  61288  76340 108393   8365  94924  84388  58532  13205  54540  54875  82130  16071  66735  76886  68141 115962  20186  19447  18540  29035 115772
  34919  37210  63727  27287 100965  54603   7595  29135  70081  68618  44539  34847  95579  36395 107898 101327 100141 114352  62220  36064   9712  12599  73113  22322 118590  96877  91972   1225 111174  23712  65049   9530  21207  82455  66333  78228  60011  37845  61004  76914   6495  88130   3543  36830  57905  74512  55421  27984  94097  90386  19838  74801  36651  57146  60325  74451  42138 113893  99027  36526  51199  56694   5463 118623 103907  75436  72036  43474  38643  70575 105233  78212 122445  90407  53244  40027  99150 115785  23258  32132   5940  19674   7635  40188 120900  32811 108295  75640  21937  21941  35971  41007  26727  98495 116977 103175  62630  67845 100066 109783  57185  19381  75995   3115  17924  25245  74058  27468  27275  90712  57947  38899  58957  64766 113643 104966  39074  80625 111050 107855  80751  85416  17128  45932  46359   2085  17557  79635  59955  20866 101876  54987   8724  49184  79127  72120  89957  35870  96550  86169 114288  75047  65369  53838  85563 104519  34289  84262  24857 109976  12210  54473  11780  98187  65480  68150 118664 100627  24225  26566  62999  60659 100840 101150  46054 107176 104932  74902  89445 102067   9012  53000  62739  93567  51265  45133  65709  65732  20962  69696  40327 109706 122392  93645   6800  48244  37197  48080  38527 101850 119312  70601  68516  37041  13931  47697  97850 105981  38383   6258   8994  61948  72863  58410  13645  28560   8313  51341  66822  82209  39430 111696  39818 121291  85597   3571  22908  70174   4243  30987  88528  24927  51390  70401  22824  82256  35560 101976  65808  54542  89950  94967  83577  11292 110752   4754  85419  93370 106059   3406  26705 104131  79117  55494  64565  44179  62118  76568 115193  58059  27785   6381  60129  26681  13711  34615  85406  10678  29429  22250  91949  32010  11022  58007  33554  92381  22019 118688  65099  20135 110055  65143  19641  94977  13524 108322  91272  59201  76564  18310  83761  77749  74592  69489 117537  99965 113174  32448   3295  65544  23000  77324  81265  69973  17337  19039  28032  86869  71224  44075  47024  74711  62404 100396   2095  69507 121507  76987  31229  44131  76141 105972 118118  23633   7174 110231  19322  75324  37012  41649  83636 114758  53993 107127 117685  24500  74276  86915  36061  77633  50195  81948  48313  59495  58816  87018 116546  11968  54463  55977  97865  31037 115165 105213  83970  52676  21562  62184  19843  67745
 104107  21967  62871  21834 122306  23865  23624   3217  29584 121055  46239  89857  92093  97523  58864  40849 112895 118653  54483  87465   5961 112480  67730  92551  25502  86188  17247  30069  68592  42428 112308 105610  92798   9384  27659  42082  88858   6156 103997  71989  54531  93572  28980  15284  80211  16639  45116 116561  79939  51497  24218  45288  87675  18334  75344  78167  91619  89429  62493  93596   3314  52962  33077  84808 108132  45700  28050  97722  74000  24991  84630  39631 114087  30544   5843  57640  88937  31322  47065   4249  43787  36339 100529  63690  76875  74872 103299  18401  15306  73123  23692  37260 106715  79206  20111 109012 108406  79394  73954  98194  23366  93257  26138   6075  62185 121847  19033  91115  47053  99611   7786  11395  25013  47556   5492  21800   7425  27323 115281  34618  81571  50595  86512  61406  40411 103404  39392  58605  73582  39119  75568  24008  26448 113240  21991  14246  29090  93134  19336  90204  43734  22914  98099 114329  68060  19023  90884  83658  65734  45220 102577  95483  88377  69627  70760 121525  62093  19665   5142  17227  21516 111631  60915 122062  21163  22942  38516    223  75658  88905 107190  25443  59427 101016  30373   8092  23083  81119  18688  19910  99265 105560   8971  69678 101692 106765   1292 119565  64722  31073  30317  15957  96891  34877  79142  47587  73969  19687 112817  41090  66865 115009  45983  30636  72491  91308  15413  60699    114  35518  48724  96445  43186  66329  70041   5029  36547  72044 121237 108461  97558  33278  37880 103042   6549   3540 106186  36202  22325  61260  45496  89796  96217  95097  57094 121595  82965 109927  93857 109192  87815  15060  64611  79794  32578  76219 102842  91696  83360 119440   5567  47889  57900 116068  73784  44958  81136  18996  86483  62664  63489  64116   7177  68067 117624  77413 106914  48053  45996  92669 103964  24951 109681  28572   5755  26822  31135   1723 116265  68057  48187  52058  21179 103040  95150  14366  50681  46702  60702   3033 103247 104584  51273 109717  38844  51271  38474 108759 119238  35566  78048   8326  80590 110418  23703  38784 103643   8341  75553  24297  45864  91774  85718  31958  94497  63645  40008  41996  55050  99384  87819  48768  19284 107936  96885  68140  14387  58921  89701  55862 113373  12228  10446  84539  48928 102351  64221  54632  13076  93417 118284   1688 105184  25762 105158  89012  49315  49407  76676 117716
  40286   7845  28726  42006 107649  42294 102536  92358 100758 108068  48275  11782  38735  76156 101681  28128  79189  65301  48517  85076    764  56337  54509  79770 106693  56120  45521  80225  33054  72951  40737  24173 120839 119676  76943  47499  46185  15588  59228  34419  81100   2615  84080  21487  41300  85980  25557  51444  85226  61881  52023  91383  27040  50294  94379 122247  67771  32077  43672  38388  93340  16927  48057  23650  14217  91418 104887 118050  32990  60298  15323  37388  83006  96634 116402  25509  25195  46210  94816  41176 115489  75167  89968  20705 108825  48794  30922 100175  35094  44681  25704   9821 111979   7103   7562  98922  99831 115844  59517  17264  58200  40907 120359  20740  34729  89620  81440 105579  83985  43586 106722  31709 101196 116108  56712 109417  94489  77892 118283  13532  43144  40488  57216  53029  12927  69831  21619  98545  45054  99764  23239 106563  35104  76537  55297 122361   1825  97614  95567 121219   1714  36062  22355   9552 105459  43225 109136  37326 115001  72767  68923   7686  54413 103218  81463  87570 118029  44886  80398   1577  33616  62215   7225  86851  10606  55674  30803  45300 105890 109633  39331  16793  86699  15566  18764  41920  75418  16985  29576  14982  85655  44410   2964    966   9087  50385  21108 105879   4221  95717 120396  21593  53954  59972  23773  92813   3928  95335  15288  20894  56851  76540  17925  60138  75275 100194 121276  83452  81776  51207   2244 117464  43531  52619  88226  47439   7162  36699  85779  31221  94474  65624  66708  71437  48910  84463 122032  27453 108628  76837 110887  63885  33872  19043  23929   5767  66121  44555  90420  43176  95418   7534  99085  79159  34489  49525 108505 116309  94198 105110  42265 113774  44584  36037  76248  27010  99942  98298 119883   2151  28364  17313  34377   4828 102332  91088 114663  78647  76843  99217  35860 109033  29227 100115  72388  41296  58902   7286   5205  94951  98167 121494  78152  38592   7914  45830   3656  48125  76038  91401  19917  82587  18788 115936 114821  88267  73551  88586 109879  76467  81837 108709  23705  38313  88123  65551  68189  14892 114018  58372  25959 107469  84719  31002  14850   4870 111700  30854  12157 100480  25519  21732 119294 107234  97703  83671    520  58642  21972  77385 108012  67802  94835 100536  97799   4153  55293  82639  59109  57764 108884   8875  62805  38228  76627  55023  13305  77275  16956  86954
  73265  58025  23565  72184  64554  28458   3991  30229  12173  30876  85190  13237  98145  17742  75873  84194  19916  55458  38626  54859 109735  61666  59764  53148  30031   6506  61444  43611  14783  69429  41956  77243  20709  47233  97680  55848  99719 105684  22698  91638  72330 121108  41175  63398 108233   7172  62503 117491 116424 118120  96197   2545  14875  32443  62623 116288  99441 108299 119211  62127  15530  39033   5178  65540  17082  51644   6353  67044 114971  44411  16429   6042  97870  14281  87576  75059  80278  29734  89804  56329  64189  22946    763  57129  69763 118170  79205  36244 122470  38287  28405 120498  40763  26193  32283  64443  17858  16017 100867 114507  46076 103504  61609  31928  41319  70349  17268   6050  86018  48674 116917  27398  40867  78138  75538 112211  79966 106406  51222  10861  34460 101095  72423 105123 102927  23310 111273  87349  74576  10693   5802  99882  51819  74379  38800  94303  74248  76722  71982  96117  62041 109634    463 107146  35008  28367 104725 110523  72217 106591 121673  87105  49342  62071  54815 119166  54660  54666  80141  42692 112516 114084 113984  88957  40478  29771  76783  59610  24260  83046  54047  51813  19912  65343 121336  30821  85877  25400  80013  84777 114644  41881  22771 116130  62486  75394  49395  62116   4252  15167  80231 109431  61966  50618  63549  56949  41563 104894  20674 119563  34263  39930 116215 115999  96849  14713  62945 102883 116626  83199  78985  48881  27026  75335  31711  51888  67610  39833 101266  78992 116572 104533  37732   9200   5846  32809  87937  77937  52863  75831  36075  80068  33114   9905  62794  42313  32681  12467   4161  68938  13989  80906  37378 105683  40800 109458  49216   9739  72519  59407  19693 118703  48381  99321  60210 101452  86510  11298  15197 120526  25924 106752  18497  25170  25286  30779   3060 114667  62312  74183 105490  92486  95641 101440  56060 102080  26034  18380  79666  19919  48560  53997  78506  41952  99959  77657  60606  63999  35412  61987  79324   2652  25196  39633  34299   9275  91245  96611  38779  56320  90878  10984  21944 104459 109273  44031  47396  47150 106680  44579  75365  26973  76143  93711   8770  25761  67443  27080  44210  89077  69522  65884  22958  59885  34673 108720  12377  59029 101220  40573  50027 120268  49577  93425  70569  16100  30925  76980   2469  53699  91059 115567  60540  94538  12701  34190  23419 110493 119661  42188
 117390  87859  37277 105562 100130  36930  59157  70310  49757  50474  50119  94711 116645  10692  33993   4318    139  96810  45186  56641 118589  16392   7887  85116  13745  82139  82723  33323  83336  92548 110213 112178  83132  20883 118010  86425 113186   5202 104406  36118  59250  15069 114193 122023 119403  52451  68182  20838  12793 115410 118849  33670  39509  53270  50339  88635   2102  87321 114892 106792  58669 121993 117713  92857  77236  22410  71355 108080 100588  41984  87146  55284  81328   4957  55901  86090 101655  81556  96909   9220  78848 100645  42822  69263  82164  80503   3090  39894  87730 107410   7309  10573  75727 118609  77775  96027  77009  40637 111740   4669  14923  88843  30797  19455   6455  31734  72999  88523   5972 119229  36002  77695  95644  20843  59809   2362 111204  20361 121618  57054  21057   7970 108371  31585 120747  13696  74646  97595  76629  28300  27462 116045   9454 120040   2493   9483  31216  98279  95745 107997  39643  77337  69015  84889 101923  65892  98633 117518  15434  53114  48469  18857   4569  67750  24179  68063  54861  91497  97018 102890  25889  93549 103206 116319  67604  60692  49544 107351  31685  20097   6028  41995  21622  34357  45788  88711  96558  86122  21480 117983  57432  18546  10887 119409     31  58903  81904   2967  60560  24149  97129  99743 122324  38484  71932  86139  66303   2982  15923   1776  32591  81060  37743 105581 103753  44105  49354  96782 111368  54292  11458  38937  95037  88239  22820  64855  72179  95190  90007  86135  40374  85474  41214 102928  24247  37231  66631  96533  70297   5731  76390  86255 103724  26664  44623  23734  53385    619 102870 110034  48718  10852  70623  31356  40796 109763 113381  89730 106379  94787  34400  76149  54113  25440  46588  41233  59533  71992 110009  11012  63946 103313  31275 120867  12150  85599  84346 102752  89582  16665  49637  85092  41213  44429  86657  77497  44159  59771   3138  29889  48284  91003  50373  24683  17165  54599  88375  28621   2524 115828  42513  88242  36700   6963  87098  61916  48096  46813 112714  50660   8697  49006  22103 102864  14087  12220  19936  38045  74687  11468  49954  42444 112387  65882  19874 117895  30811  90441  33094  99440  30388 111800  11384  40939  56326  98980  41615  76750  61189  81762  21118  59793  34529  38301  25760  42687  88870  55009  50955  43397  10152  63277  38217  18171  51676  85624  98418  47273  17755  91777
    637  73739 101572  28506  50125  15659 100838  28513   9568  16140 115516  55272  27786  14442  94059  87871  87925  39268   1082  63034  69373  61327  88881  62829  74672  81511 102234  31739 109423  50407  34965  93332 111295   9326  38802  11926  98305  47685  34052  14955  30316 120102 121709  13486   9569   1410  22405  26544  90876   5653  21443  41979  61639  44134  89761  99873  20825  97993  52253  64730  47118  17381  53901  59763  16506  58505 121227  11171  11141 119408  92982  37033  28712  16287  65332 101654  82835 121061  89677  44659  43867  86665 110141 103472  73124  81609  80774  29197  31511  13473  47886   1513  72581  77499  65209  47962 106621  83588  87244  56943 112317  77852  69800  38658  44665  98880 103829  34726  60748   4063 102954 109084  16305  39385 110815   1509 110415 102439 107196  25740  23272  94386  39581  61079  79044  20092  43185  67207  61855  12941  13443  45137  65469   3413  52553  98441   4477  38812  42979  47766  58069  51524  92567 119292  68540  79018 103290 104373  32303  87522  73235  52018  11067  15389  58562  41379  12571  45459  96391  11398  92802  62126 102311  76884  49779 108582  13758  86882 116866  38246  16630   4538  41860  26611 108443  63922  74016  27194 111020  67314   9171  20298  26115   4093 110162  81448 111107   3912  21916  62103  70766  52266  14843  69808  62249  59929  71421  31777 104707  24617  57108  56284  82167  99727  49728   6844 122473  30873  67965 116550   2357  94478 104469  78884  49347 117522  96902 100654  14463  47117  90089  77175 110964  86332  85567 108488 122193  26144  58817  90328  55851  54812  59167 116655  80606  50779  32473  50657 117087  14476  55340  63787  54005 105012  11387 110972   1829  44587  87096  30362 112596  37688  91548  74299   4784  70513 107061  41166  76921  85804  26626  74484  84189  71161  48097  39871  90256 104512  14353  38773  34041  43111  62288  14282  53326  64111 107263  79378  80980 119575  96629 120844  38649 113368  43479   9613 114253  53482  86119 113403 122312 120447  12635  42818  41301  62578  86358 109219 100339  33102  79762  77159  13476 116318  70985  39619     69  77561  15141   9175  37585  51004  82548 108916  73169  38234  25733  87962  18208   8318  14544  24445  80834  98477  85512 115826   5836  79632  59556  50205  68236  10664  28914  97246  45783  40361  97389  50178 104367  71505 113875  85575  72334  33028  96224   4220  79843  27662 107051  58963
  45851  44337  37405  96057  28571  34384    508 107744  56948  67674  66362 103271   5075  17979  60884  77861  13159  81396   3431  40764 114999  75858  10088  79949  82158  24743 121619  54125  82372  38370    858  47202  65289   1025 105009  27993  84834   7296  29465  39470  17958  79519  79980  28850  68473 108472  52737 119463  96823  84967  23917  67689 117652  48761  70246  44540 112588  18864  82510  72017  51680  25929 121809  26303   1332  99390  17943  34518  13321  37450 105524  28078  75589  52765  37888  34004  96423  72041  79194  33849  98697 112040 114405  92464  33428  74221   1529  88660  25130   5166   6787  41758  54639  77280  32529  34360  34228  96705  78746  67795   6090 111460  90833  11497 101791  74589  66104  26499  34083  35923  57032 105507  10156  83187  41197  16369 109912  35545  59589  31476  38563  96606 109051   1430  34790  78495  43543 104417  94218  39614 106274  23810  94143  27953  29393  68922  96240  65539  61137  82841  33377 118624  75513  57828  34395  42447  41922  53609  84353   4885  80844  24921  83751   7316  64618 111567 119399  78963  67091  60704  44435  79621  91669  50894  14936 121414  99859  50218  19234  22935  91358  83197  81506  16317  44413  75458  47552 113982  41473 115648  14954  25904   9120  37519  74104  31497  65017  87406  43044  99344  54285 106111 111951  97882  56406  41884 102396  69324  61424  22891  42544  84319  89067  62283  90684 102634  47039 113714  15333  92630 108328  68329  79901  58397 119141  61153 120812 122168  83216  75641  19896  40487 112653  53038  99405  81778  51564  11409  89790  55669  34617   4688  87424 100386  79605  91846  18753  33455  64222  39837  30301  37304  74376  47072   7541  71213 103258 111096  57627  28223  51354  65441  67017 101898  21880   8179  19490 100391  41082  59441  53765  18829 118316  42563 121908 120695  93766  85945  91135 115629  28118  96932  19922  22732  73017  58680  12204  78246  85470  25450  56941  94375  10165  87603  53854  17760   7053 110892  76876 103182   4977  45106  37126  30578 114212  91414  41086  61064  56033  95686 108930 107505  43539  63410 114396  71095  43249 115162  32012 109574  39445  63379 118575  51820  24314  38873  45733  95308  28576  12324  79361 110137  45015  78729  55510   7707  97918   1003  17623  66143  51149  88588  24566  49420  56204 113260  30147  76850  24480  30228  90768 113389  37860  63330 100268  59490   6758  80094  36418  82166
  70756  50333 118315  79413  69646   1715  73605  62922  54628  35880  46937  13177  19204  10093   5179  90423  58302  26404  64713  73826  45925  12987  97527 109048  49156  51808   8788 112312  27290  61035   5809  19868  51754  49875  46273 107538  63480 120108  84039  70725 110615 106470   2335   8078  44486 115963  80853  17915  50105  19391  80051  67624 118881 105323 113828  85763  82745 120298 117697  20073  40746  49976  62726  45392  61766  32401  32755  45446 107384  29979  90947 122303  81550  86803   7034  39539  95041  38276  55667 105728  93466  85867  16484   9433   1268  23062 106031  41580  98375 109321  51174  37986  72333  75473  14993 121266 113960  30283  76045  96472  69442  30654  33338  88120  41149  45615  31621  79172  61183 102969   3267  41077  75050  14610 105658  89305  64723 103383   8773 106650  42203  93306  17263  12021  49999  74375  53283  16351  33398    988  40407  77848  63351  96209 111808  67563  91412 100482  71080 102608  34574  71165  94709  65420  54266 104321  15339  65125  62450 119382  43245  44560 116306  23106  40544  54193  75249  89975 113292   8154   3573  33845 120338  77153 115756 108866  30956 109683  92490  19864  10348  44740  71208  75906  85170  20030  90858  79164  93657  99690 112253  21514  72677  59498  85181   7564   6213  86326  82729  64685  60822  51392  41373 105918  67701  59071 108279  94928  87679 104442 107813  27770  56961  20303  77177  23920 119226  70147  49084  97055  65567 101845  19513  46263  61174  98435  20647  26388 116212  56583  79866  18558  28324  75395   4290  33610  40978  67156  70886  33618  57615  52467   4993  51712  84723   8445  73498  11494  21005  88666  54234 102221 120975  54646  96528  76709  59013 108689  16914 111924  79796  99302  48436  53481  71397  51455 101091 105792   3169  22302  37686  43990 105126  37601  18587  52555  39005  17025 101914  22757  83512  17102  64474 102604 112228  81262  25806  55278 106719  94755  47691  67220  66204  70928  58064  33365  33039  12658  49413  36190  81765 114496   8738 106946  47415 105134  86898  75595  23170   1441 107340  98421  49221 113443  35996 113011 114911  43827   1541 118845  85996  33991  57342  29426  23812    312  66737 118682 101450 109006 118098  54349 100582  74853   4572  31513 115157  44704   5542   4700  64974  23148  15657  66613  68460  76392  33374   4702  66325  36967  30481  14016 105196  22534  53741  25493  10976  51605   7665  61894
  56775 119200  50047  40133  61586  18906  54353 104681 111872  57822  80266  42503  27240  46114  99715  16090  56855  26349  81135   1193 122462  37826   9975  80162  68351 116388  19968  58688 109838  55432  72924  32447  79490  46551  25605  16065  47028  10405 114422  47631  14750 120017  92580  56275  47106  52771  82153  46576  21061 104431   2206  35704 100870  18529  89387  64384  43609  61026 104041 105681  92169  55836 118005  49646  44572  68869 121421   2724  25127  74453  84214   3418  55719  52881  13391  73835  25002  70249  82060 115675  85909  80649  51744  43831  74799  36179  17528  99871  30830  42338  51876  99415  36974  93951  34189  48118   2280  37062  17987 120550  30664  32677  55790   4200 117653   1587  59703  70484 117825   2242  46333   3237  68639  39784  10431  78873 120603  33156  54200 116564   6795  44499  40916  26717  70665   4140  58268  70912  17029 115195  37430 100956 118212  89891  28149  86109  29846 105413  99335  17193   8263 107872  38366  29868 116600  69497  97934  61763  18747  33601  17436 119350  64543 117008  82146  42733  76090  59177  30918  71939  84870  25270  18913  28139  36942  40765    599  16325  72528  14991  71965  92370  56057  88867  71588  81583  72348 107288  75839 118740  80989  62895  18945  55804  97719   7999  75129  60485  69294  29064  84333  85540  63151  97420  86914 107964  95610  39736  34802  13624  26571  55879  53078  36085  33913  22432  62344  52351  87284  45382  73602  11011  89098  84278  24234  63746  32692   8377 115855  46926  42422  69972 113314  72524  89141  91386  52991  60136  75357  86414 104040  61510  81805  32687 120417  67236  19960  12073  11869  81624 105924 105412  34569    809 111831  32545  88673  70706  93007  53136  75651  90772   6484  92508  82951  87070  86685 117331 114922  28292  19728  31367 110537 108136 116870  39355  57403 106850  29636 112361  20774  44282 103305  16285 100488  96507  13881   3052   9478  80275   8200  55945 118230  62593  86488  45311   3487 108448  58554 121869 119868  40754  42015  86813 109733  40331  97466  82581  56560  43746  44898  96330  98413  18123 117994  67630  86564  28057  56124 109777  27411  57739  92331  70416  39011  31942  99427   3235  76322   5097  77432  40560  57360  98264 102006  66066  30984 103556  91700  81954 111099 102862  15024  36067   7715  26931  60015  53890 112078 118004  67474   1897  95799  87578   2222  25585  68376  79910  57992   7012
  47060  18666  77318  15685  31726 101509 120098 110857  68626 122012  62879  45224  70211 119927 113953  17081  42959  91964  94101  20192  34876  47961  26362  33068  96365 102500  70403  14788  16981  45654 102173  33883 108754  25530  93032  53134  87510  63467 103447  23455  68253  55878  72068  59796   1755  16573  37232  69790 102712  33247  94306  81380  38824  15941  57873  45477  42479   3533  50912 113187  69085 110002  98823  14730  53348  42454  27471  29124  75609  28005  92163  54651  52836  74781  28773  21351  99363  52479  40592  59554  21871  24945  73398  99681  32380  11740  34091  30258  70829  39262  61681  23180  86537  91111   6925  64323  65866  95734  50285  80662  58841 113763  56658 120242 100864  88796  18599  50241  32057 106458  47543 105282  93941  16664 108570  89050  11833   4174  79655 119187 109060 114883  69380 118036 106451  19329  76656  63197  51657  51360  63126 103118 121152  20612  87901  36525  97486 119528  80320 120308  83924  86177  24937   2654  37754 103558  53692   9333  89209  94651  13869  85266  54503  54995  61015  97067  50267   8290  24021  89413  14433  75222  55820 114933  33100   5008   2131 101690  11851   1708  54132  67424  52014  17711  38263  78776  70792   9570    640  79499  95551 106142 116574  93928  47359 106503  37920  47461  37089  87408  83377  28787  76784 119104  79694  33870  61477  24765 107621  90012  28470  54390  63406  50857  31830 121745  43977  82120  27207  31085  19397  84364  15163  77992 114963 103022  20508 107626  14960  45268  30683  94899   8976  13855  54855  98232 108130  85094 104496 115729 106225  78255  43300   1734  25675  15212   1036  77316 121742  57069  12416  72019  28847  37896   9098  13539   9265   2472  33773 116244  40273 101663   4826  27362 103300  28887  18566  60940   2457  53487  78796  11343  92164   8599  25483 114803  24602  85067  44729  31804 102696  45524 112814 121678 120400  66608 100484  85733  70444  32817  23596  40617  74121  28766  75842   3984 117234  86806  60798  51272  99018 106034  70339  92843  32281  91040  72891  41968 102834  47182  26801 108214  66832  30564 110092  55319  93789  35139 104011  93486  19031  67800  99138 105177  37958  14009  82949 120960  97042  12952  61114  50249  32317  57740  35715  31862  51151  40716 101182  19829 115180  91866  31635  81486  74360  82096  21174  45849  31301 108074 110298  47987  49138 116453  63437  74913  92889   2755  83612  25986
  86383 115302   7363  35673   8432  94761  46020 121307  68069  57779  92800  85736 111357 111358  16282  91975  27095  96435  57166  89753  96043  87022   3862 103738  44928  47845  27427   2262  70901   8603   4513   7588  23561  53734 114779  49534  92560  75587 119570  93096  97169  49711  72033  78461   1775  48357  71958 122295  28344  18914  26877  42319  69864  82654  38922  86949  27772  60215  16199  70551  82661  71350  48842   7071  21147   6359   8954  12213  90442  30701  72180  92181  80718  60371  66702  29065  86227  31593  83286 118489 111686 117682 110073  29989  72268  42644  15528 110970  98575 114735  21539  11255  71645  75221 111323  28041  44654  95045  41885  52242  55446  59562  44568  18137 121479  43546 114633  14445   9937  78550 105605  24773  99292  41905  92685  96565  77906  73534 104875  37154 112862 118216  33628 115669  75701  15620  21090   3460 103686 111503  58236  37417  44125  39387  78500   6914  83171 121837  99348 107019 103893  36972  66073  86290 100868   1957  89752  93672  21756  56597  37508 114522  68410     16 108605  33073   6054   5547  26636  93322 103419  61702  40830   7494  64028  35364  63861 108867  61630  34388  61236  24283  15678 116674 102338 115979  25494  34024  63054 103596  29725    841  69561  63273  59568   7358  66650  98354  68796   7714  68361   3721  67735  50829  64831   7710 117593  31993  20255  47346 121197  25413  32342  68158 105182  45805  51507 102933  75282  23022 108779  16574  75685 109202  34796 111081  65853 111328 102256  82476 111606  28618  48437  78998  18933   2190  98122  64039  66113 115915  25811 106012   2999  10086  77723  88333  57665  18677  56701  55598  92793  68681  51087  46184  58392     36  13506  77462  52584   1703  53143 102758  19989 113745   4776  27741  22945  28329 107083  24322  76833 109831   8912 112945 121147 110211  79555  73397  52463  41374 111718  84289  10649 104841  16687  63576  51817  57652  53448 109403  39302 102784  33992  32387  70716  79769  99812   2298  51396   7235 117618 116880 113528  17670  55347  63028 114878  50538  76675  40649  34560   6953 115498  34798  69009 116997  96211  26088   4553 103974  21039  39895  77979   5598  31296  27941  90680 116284  52151  33258 113629   6865  93834  72487 104085  90076 105150  74063 109346  21639   9237  45867  83940  21130  66232  21352  16877  15745  93872 119963  30685  60482  83319  12663  46498   2567 111511  19214  98069  89808
  70171  67469  82366  80642  92268  87609  12369  24030 107274 108501  97706   8380  75020  85882 100467  62930  38378   6769  78724  90657  28263  36536  65344  54257 106069  68649  30178  94057  15190  35096 120833 118487   1458  31341 119261   4385  18774  43578  74994  73579  19603  54670  19796  46909  81574  98764 103803   4024  46550  47491  81864 109503  14174  87291  28740 120578   1059  23896  27481  11144 116014  50224  76841  94239 116205  40317  96834  79001  81552  79841  10016  45049 118095   2581 114541 110754  76443  12892 104679 121759  40863  48770  10320  72981  86342  86043  13571  89099  25896  26124  37533  48792  16388  81741  84345  79680  53712 121260  19080  23951 117485  81777  27316  33878 111434  75877    967  74230  84179  89273  68871  88156   7544  99674 109809  78008  89474  25368  28627   1551  36023  88566  55405  89315    904   2515  58486 107515   7864  87060  29212  89280  78880  38424  43983  14181   6236  69143  18363  71062 112820  54781  32761  17913  26733  66593  49822  67549  82337  93885  42581  39216  24291  39693  23744  57745  62304 109644  68449  74343  80303  69521  38478  96236  14946  67595  18504  38950 107956  25358 104165  50139  86470  48650  65214  14539  32538  13440  28075  35582  66425  54692  47404  16532  27689  67693  86471  33614  82069    925  91063  31750  30580  43017  77600  78074  88697 118852  31122  64814 102393  56544  32168  66196 108858  37711  96595   2818  55464 101140  50158 109488 118244  59240 110543 121026 114412  15904  41328 114032 111997  58904  72015  23465  51777  19568  65325  62676 121695  85048  76934  74737  78888 107876 107630  45356 110408   2120 112002  45587  38553  91829  98526  16205  68695  26502  74062  70383 100434 110640  29704  28127  20368  45112 113605  44574  95761  47696  50901  87740  25186 100193  37631  22907  22033  53710  25178  31074 102810 114299  26211  11678  46522 107143  40886  11282 105375 106920    646  66992  91451   1135 106695  83015  43306  64695  43719  12212  25541  12757 107077  41521 105094  71752  13845  90297 115997  96150  76590  57086  96283  60713  84649  77915  82908  10635  33567 112720  46240  16528  89253  14887  16393 119905  29764   7833  41154  27013  14340  62656 107915  62700  42346  77568  99409  40706   1375  17535  77891 104762  21283 119377 108999  53543  46081  91610 116087  88985  68832   2892  13772  93661  74347  46798  91979 112489  90939  78940  56050  87066
 104455  44460  14311   2900 102244  38743  63428   6413 106510   7154  21901  98476  26668  10382  85534  45442   1900  45303 114473  43633  61152 101609 102350 114755 121722  33892  41183   1757   4403  23908 111799 100890  78456  45841  92009  55983   9907 115686  50525  50371  82944 110657  21813 105945  65703  98198  62028  83646   2189  56721  35863  65189  28185  88838 112217  88898  51769   3905  80280  16540  15357  56618  59423  24630  83728 118143  79108 121812 103077    178  37411   1224 111888 118702  18164  42629  51146  31506  80404  42031  59433  34021  36354 117466  88699  22295  13834 113168 119293  50074  51599 103227 122500 107108 103494  32371  41595  79147  71502  65113  16852  20706  16067  33804  10206  46375  99403  52916   4970  44056 114558  61712  84241  79253 121822  39836  93179 121080 105315  65710  64575  95319 101218  74701  28418  15925  24890  61908  25203  91519  27986  88594  33685  20396 104052  50821  12259 103237  12079  99824  78241  21567   2310  88464  61878 118267  84095  50635 102488 109027  64548 109693  15864  54799  76978  23111  18610  93432  11936  76763 117813  51308  88206 112458  37010 107808  98312   9391  31274  39827   9614  59724  96842  88107  47883  86036  59364  90175  87952   1480  93112  61660   7933  24885  19376  77570  67068  31328 112813 120654  57708  58819  66337 100172  24704 101439  73671  21166  59465  84295  64114  13490  15656  82483  10148  80962  17087  40423  70800  39517  96736 115479  28053  98235  68187  53519  51957  23861  45218  57867  33421  68115    838  76053 121474  15238  42348  29537  59998  81025  31811  95279 105747  20237  67404  71729 116163 106437  47505  11478  46510  47989  72556   3437  31244  96717  13558  68715  32522  29081  78444  18018  20257  19649  86115  79970  84144 120100  42167  98135  17774  81491  71929  50159  24870  82537   2684   9575  58430 113219  59563  93108  43508  73174  81747 103052  93625  88945 100312  59030 108607   2712   1073 103737 101816  38273  13329 119687  84981  77968  30144  28958  78428  15913 102049  60243 107310  32058  17790 105228 102088 100398  65686  78130  13797  59077   2264  29627  74796  65234  55279  76573  72080 119882  35903   1634  81855  13941  45936  48625  47514  35647  21476  48309  23472  27728  69544  11623 101869 118020 111419  95034  15929   5847 108072  24829  31025 117115 110014  82145  40227  62490 108548   6079  86291 113624  48547  79751 106606 122420
  13803  30502  68217  67452 113262  94001  40169    196  13716  92337  44066  11338  40395 119688    780 103261 119444  48985 116133  50634  17687  69698 119321  89592  59082   7867  12080  41994  42436  86985  85064  54154  27425 115745  61739  91880  40480  96802  76625  88241  84117  93401  27432 120050  85527  68431 120638 114577 106393  69661    226  29639   8896  30913  92349  47260  59590  88121 110173  79061  18355  35807  68739    445  91371  29618  77060  62588  95466  67635  93778  91869 109866  30240  63638 103952  29986  80665 100808  38233   1616  80539   2736  94736 119560  95012   4062  84213 116855 105320  42648  85954  12948  75160   2760 100806  33825  50840  30486  48405  96037  54123  50131  52071  91364  78103  50865  38744  34671  39590  46988  75046   3674 120848 110479  84820    854  63575 119163  86688 105592  85454 105003  23611  84416  51047  83915  61351  75168  27818   7613  55689  30158 120648 106267   5759 114385  67069  24312  61053  23100 122192  48983 121951  56500  50386  63498  10802 108225 105853  64634 115275   9024  33758 109439  98081  31358  63699  72422  31948  68530  54616   5539  87685  74681  90743  12356  24174  25094  47448  77647  68843  47816 114727  65453 100325 120850  64884  98521 117285  80182  94372   7481 113509  33268 110762  68573  56051  74998   3908  17820  68683  76440   7930   9666  17423  99260  32097 101829  37026  69383  84281  85245  94467  82006  97759  40124  88356  36124  99637   3950  48589  78426  59322 115065  64495  46743 120066  22791  92946 104616  23787  98556 100050  49471  29107  11207  26343 122483  43290  80169   9928  30450  35229  47361    821  88972  12968 106129  19137  92017  47955  30295  12462 103929  54550  65768  67233  94422  29796  78083  25255  76461  87921  96372 118197  13482  16625  95052  19148  61447  65905  31200  85658  68226   6741   7189 103412  98101  35309 110163  34333  49283  43739  13494   4394  98218 102208   3582   2968 120955  71100  50734  15322   2062   1481  56385  84272  64835  13324  20780  92470  53795 117681 109365  11023 117489  56534  63917  44476   1020  91307  74758  10686  17903   4559  18424  83109  59640 121870  73345  95392   7691 119113  10303  36965  16000  13315  12618   9162  85564  10657 121404  28256  77233  55352 121142   4529  76939 117555  97234  81599  31922 113753  90703  16257  54508 112203   2648  91302  13718  23446  25484    990  49770 106757  57888 105091  70909  25124
  55796 106009  46367  79925 100266  37661   5969  89763  88186 109275 120718  14489 117524  81239  42888 115003  41911 102412  74851  59632 105956  35694  47711  90949  31626  58269 102846 114103  58493   4634 112569  87335  16334  22549  14151  90853  73488  22550 114672  60552  11730  21892  15813  30675  35834  85526  16077  29830  38754  20164  62679  92608 118694  80460   4922 111860  51381  94289  96512  43370  72474  73147  17051   8996   4230 100621  11505  12868  16707  91645  79501   5337  78020 105040  90308 108654  35992  82099  14341  66448  39405  97158  38467  91271  22217  73126 121986  80800  24022  50042   8937  11746 101604  21541  95720 108123  15856  46552  88098  72290  60929  42506  45949  84657 108593  88540   6299 115356  70248  67277 109247 112049  22212  56047  30459   1732  87317   6875  85972    683 106635  99628  92052  80698  25532  91127  94802  53193  47463  80964 119046 108262  61851  36677 106520  71694  80902  53483  71506  86570  61945  44227 108009   1235  71853  67172  91376   1035  88131  94153 110705  43657  86371  92058  21158  94841  94911   5605  67778  92955 116326 110062  86343 109001  26643  27282 114065  64388 113327  99017  15052  73039  17728  77919  93142  51355  81059  87362  84828  31286   7324   4842  25967  65201  20937  33985  17301  27894    366  54183  88988   2260  86822  99580  96416  49891 101025  45726 108250  93841 107043  48829  38143  98563  11922 109593 121782  88841  20392  36128  79787  13980  44927  94612   2105   5698 113030  15853  85257   9194 117608  19953  60500  23800    310 112527 104535 105538  96396  67840  18314  39030  43628  49353  94466  37076  54837  41235  97104 116328  31865  22977  33464  91893  30831  72004 103015  14652  81306  50763   6263  49867 105590  39153 101515   7397  15063   6401  39680  97593  14680  32574  14621  96158  88266  74878  17515  26389  84594  77420  93660  68145  74173 103238  96024  32470  47083  16939  68461  68526  76856  87210  13338  52579    985  71493   4421  90718  71742  82431  29321  57399  36571 115996  97032  73881  55750  26585  39612  18705  21679   1975   8186  16064  74061  12520   5953 120762 122119 111508  28061  37790 111185  35896  75847  39879 116137 107846 104981 102796  64055  59975  27016  60587  63215 119513  74882  78850   9765   9745  48263  31306  75013  24989  84265  56008  29849 113340  98652  61828  26800  10424 113834  64029  16025  48847 117080  17253  26523  81728
  51904 105221  65310 102008  12458  88393 107165  19784  63037  53835   9371  72559  63713   1813  76034  28664 100165  24413  97755  34476  57668  41850  73619  19246  78994  73093  68716  99837  85852 121210  76819  33681  57458  77958  56656  27975  17032  85956  65661  47087   1301   2411 102995   4357  74007  87759  64450 114009 106441  86774  82570  43418  22456 105944 115147  75962   2858  78702    887   6967  90544 115444 117702  62474  94468 120172  54821  58332  68782  62987 108226  87080  18855  83870  27100  49109  33104 104399  36425 109133 111413  49251  23623  62675  46506  41526 107225  81749  76462  46105  15393 109122  94592 101233  81205  64538  72196  41735  78578   5164  18953    294  28982  32054  36148  12072  87629  12487  65786  55092  69541 106822  15865  17298 118970  35427  63010   9044  64669  70697  37043 118733  26797 110671  93526  48807  95931  52917  37723 113735  60598  37468  67217  18071 111763   4432  10481  80310  47412  78823 115031  29435  39980  93052 111374 100919  32803  26676  82687 110625  97555  17593  44176   1539  28534  32758  52583  62622  78551  57702 107870 121724  32676   5344  31651  13203 110110  32268  37665  28578  55328 118160  29587  69218 115022 104330  63039  48546  30793  78483  83984  89667     32  85697  77597 101170  85883  39578  70558  39689 113172  19325  69884  30992  43180  89452  12751  29448  27667  78754 115722   1425    760  61832 116901  94229 102662  94781 114710  24395  82102   6707 109613  39713   8473  48571  14153  94772  83121  90656  26066  33432  90106  37742   1845    877  66379 111147  65982  44346  60867  67333 114130  22962 106574  92360  17312  36225  65337  43289 121835 115680  75325  18741  23032  56671  79736  12335  74330 108749  84675   6736  39598 113915  94955  20114  51235  80895  91131  96002  92609  20102  59072 110191  89385 115328  62403  71953  38623 118594 114073  52833 121014  20565  86452  61511  34967 106704  57245  10246  19318  62136 119998  40101  40210  18302  93799  56795  78658   4085  35716   2195  46725  92344  57759  18981  94416  58564  25757   8042  37635  52835  68316 120153 101086   8653 110420  53087  72916  62924 103329  93458  47471  86545  44477  70816  89255  54231   6138  38855  33707  12575  97553  31246   5706  74769 115572  83223 117367  15616  96822  67297  62694  22606  41093 114114  36663  77083  80682  42219  80654  62810  47630 110330  31202   1019  34149  59292  15875   1690
  42105  79827  60640 104166  72392  30890 116330  67776  42404  29700 108403  14236  86583 112755  13181  14970  77726  51583 119259  62967  19642    596 121865  15035  24194  86622  58575  62670   9858  94246 100445  17063 113377  94405  10751  18445   3101  16558   1496 102374  64295  39762    217  21726  74045  97030  27181  83974  11201  16870  22727  39952  68274  71459  67347  12900  83600 114246 119781    351 104776  98664  43247  11762  64928  44524  76634 105785  66118  76007  86249  10738  11573  86095  91888  73375  19809 104082  32264  18687  38642  90922  74622  86080  44952  80472 106583  83433 119959   8847  99361  11345  70289 114884 120796  65313 116878 106848  82117  26815 117438  85578  85648  42579  68446 109585  77478  55036 118801  52430  72127 119522  13864  25816  52997  53135 116409 121916  65376  90459  87259  58335  79455 116325  59483  25146  50438  15752 114772  83649 109583  81771  79160  77114  80513  66572 101267  33936  82101 103070  46745  26475 109607  84805  14564 103086  77123  26376 110080 100514  42393   1285 110181  89040  69211 108753  62480  11519  32901  97959  12419  57381  12598  38321  24059 100713  87662  76853  60212  34002  96401  27237  92022 118821  31187  15737  51535  47649  70857  36250  58656  96199  40653  13308  80578  93949  95188 112397  29300  84495 115039  95153  37553  41424  17636  84174  17940   8555  17700 100541  75136 108943  93578  33739  21180 100468  73105 104436  23312  93285  33923 111173  16868  58678  42211  23021  63089  52487  40233  55589  74147  62076  80180  22337  28109  10845  78599   6418   9135  52935   7014  24639  56515 112602   2933 104092 117635  20785  90913  40736  77563   5708 108073  47600  51436  86521  24988  89836  48293  14338  71372   6765  38747  57296  81993  13298 114701  24492  21371 106568  20389  93726  54983  92996 108380  52281  26267 121530  34307  14475  47340  82270 110079  81543  42998  89840  16836 121075  63994  52314  96342  40973  49652  75999  16713  31102  65481  51198  42619  11204  12743  59644 120418  68762  77881  29208  79613  16251   9422  49869  83614  49846 102665  77625   3863   1390  20264  64956 117891  52085  70678  39452  67818 113210  27381  66607  17782  22376  54702 101022 107646 120438  94686   5864  77830 114407  89564  75108  59186  23138  44631  79233  63924  21296  22811 101403  40249  47832 110769  53932  44525 108902  80502  24942   1453  37719  54800  17983  64245  42351
  67661 111899  47068  22682  84980  68827 103060  64060  17871  58812  61693  72012  64719 120126  19493   9667  45206  60433  84920 100234 115793  27777  83029  47368  71984  65578  97887  39621  62581 107771  37832  23218  64760  37237  60741  64521  80127  29310  29687  13007   1031  89501  74903  63024 111195  88787 116996  40161  97298  65082  81002  87930  56316  95349  71176  87973  72600  34997  67633  29791  35343   5975  95928  22726 109106  13379  94333  57630 102230   8338  20094  42088  11822 101550  76531  11883  23748  94600  78366   2521 102389  60866 104060  80624  70640  27274  10899 107086 113258 110985  57747  37744  95071  33508  74053  52369 100110   7413  45617  75447  13342   6554  22936  41832  72201 111701  37626  51900  99993  83419  16703  21439  20697  22031 109494 104904  25361   8925  34180  80293  25117   8601  83838 112980 121459 119771 115080   9328   1186  50225  79151  35049  11801  99917  63365  30536  70680  70013 112525 117166  77507  40552  14187  21288  58696   7512  84498  92964  57632  18232 113531  84234   1655  69632  20993    909  29391 107714  96922 120155  79248  52224  88276   1123 101532  46252 100568  67048  46186  58090  88078   7773  18521  75093 115795  92310  60143  30826  87686  46308  75910  43115  76848  25152  66862   5835  31485  67622 118422  85930  73552  83070  16525  80044 110506  33968 100441  71343  79178    369  50274  77050  40823  72834  34836  99862 105573  21254  43613  26365  84663   2207  72975  60618  53099  54348  20718  39670   4050  19544  98410  21588 113132  58159 117463 102658  54939  76857  46194  23495  21955  16550  56362 107680  41690  87075  90452  78108 103176  87739  76240  36046 120185  82786 102626 112522  11636  95075  29861  12165  87106  93357  62307  42296  62395 118082  38177  25240  34955  27437  83676   6313  55309  21142 111722  25239  46900 111432  47464 116777  90809  55254  44969 102227  28079 104767  77172  35188   1504  77661   9737  69363  43359  33074  31224  45384  83307  19107  16120  58115  14379  65457 111807  99660  73719  76968  81140  80134  25298  59625 116076  49704  46473 102946  85890 108333  89358   1472 105039   3182  84743 104480  16539  38281  73628   2353  14258    941  63545  20486 106978 114428  59792  28915  34916  46577 113934   3887  95709 116262 109755   8854  64969 116926  91499  63065  99861  71422  50646 112195 117675 102423  36615  25839  79459  91258  84510  42493  11725   4100
  30882  34221   1646  58050  27422  22008  85251  59860  72031  33799  33840  40647 108363  51268  17779  97284 105103  42935  48861    550  59350  73505  32309 122019  65774  50115  24220  46168  37479 118130  69112  64314   4232  81381 109151  28731  58732 106035  74165  38186  34417 117277  76350 104532 103821  80234  92105  13756  70501 107335  54204 107548  55597  35456  30959  92632  90503 118371  98590 121909  78466  68950   8685  43981   8394  37590 103661  97205  41599  21708  34789  93326 108104  39935  25250   3213   4839  88650 100183  15999 102220  98166   5543  97093  35911  98370   5884  20943 103987  45241  42666  12820  47350 110894  79430  17629  36297  57385  68809   9290  26620 118991  98915 105677   2830  87197   3363 121243  74630  49692  99962  78825  91874  92740  67064  40018  71931  78486  97778  32643  58298  11104  28768  61953    254  61559  28793  86787  77836  12015  15501  48431  37194  18618 101832  56068 101160  14716  25310  16834 110791 101482 118398 102267 122007 111448  71913 120379  55782  45271  47606 105609  36544 107311  42773 106993  10898  25258  88961  57600  95798  69793  80010  57646  88513   9429  32315  50590  60678  11405  80383  22651  99735  20400  92167  58207   3651  24126  53084  22269  23257  81174  72740  56439  26765   2674  66126  40837 100135  78870  69171  26845  36138   7567 105056 109287 100747  57219 104172  22830  77949  14104  74800 110548 106063 121894  66922  94221 120466  24852   9204  62003  42611  27823  36927  76102 111600 111042  23779  66682  41924 119426  36005    117  19630 122211  53800  61862  88348  17465  65200 112075  92721  15071  86559  14384  91487 104086 108941  35926 118286  26991   9406 106369  42159  64881   3794   1275  86992  21193  35278  99945  26628 104680  36512 101189  91847  74643  84327  47242  66946  62172 105641  76865  22594 119452 116058  21635   1097  78785  52358  34117   2315 116322  45861 116432  36373  35184  60177  61837  56354   8187 118392  18053  12059   1389  89463  61435  26133  44184 117789  17583  19664  93485 109699  99506  58552  49450  98046   9728 109040  59542  62562  60724 111659  21417  33117  59085  90272  66097  75835  33590  93457  66016  57435  68856  48698  67083 100102  50439  81605  97385 118572  69004  77799  33294   3486  97020  26347  80499 103535 103954  74703  31359  10791  77144  34598  14159  65509  24906  94418  54976  16643  50860  36019  94448  81740  38579  40513 101785
  90000  35757  36123  59215  11438  12861  46315 113191  55619  41283  71661  45757  24832  79428  60025  99317  79508  18851  77829  48462  47894 120049  80997  18129  95660  19983  39697 107191 104233  81802 113734  99692  41770  77476 109961  76310 116543  70655  37318  75101  49154   9412  17117  96406  46307  57881  66409 101682 112731  57895  92487  85649  66147  89492    304  81539  85576   7092  77322  19566  54044  95647  79118 111347  38100  18323 110574  37702 118695  56379 113832   5372  74557 119614 107230  70532  88268  69328   4835  98966  60140 113355  64962  27871  31228  50517  39124  59624  73041  96407  18573  79825  76852  20673  84453  76646 100040  81887  87795  64714  71085  38025 115113  20435  42145 100205  48736 116899  62524  97285  51145 104720  19416  85151  13585  32023   8688   7746  82686  64466  58464 110000  39393  57006  18936   6903  79934  75900  69577  92579  53998  39234  64576  34078  74818  12880  23911 105701  50585  15888  19636 115060   6608  72742  94399  37217   6203  35061  77565  53833  64861  43301 105286  67240  17028  58247 106096  43328  65359  61619  45026  93364  89883     64  40497 104854  40388  43554   3220  46409  20240  43593  65770  84947   5839  47821  14714    255  27070  10673 102542   3494  35773  21330  44225 107695  79020  18605  58154  71977  19779  68967 120599  70264  41336  13625  56393  95310  24406   2729  76696  66833  23750  68991  44148  31255  70077  69751   5488  25364  17140  77924  62950  96727  15076 101472  49397  69951 110768 104498  95608  81580  45070  63127 102773  16911 119394  89555  50456   7569  92233   4585   1790  87308  50812 119489  90849  11428  28559 113430  24427   5103  86507  28423  91661  48790  33206  23806  25299 102489  60535  68019  71050  54388  48931 119307  60971  10118  12579   7645  28635  90554  42243  75770 121985  81206  87171 105393  33810 118887  75412  49149  69024  66050  16600  67260  80807  13729  56687 119594  72613  87696  44569  83444 121659  53868  67642  14169  24986  79492  57280  20245  42823  53615 103178  97913  55978  70205  52394  90995  19583  42735  94626   1095   7015  45560 103129  77810  20078 119479  45150  59362  86889  41945  61338  65630  29858 117366 118935 103398 111059  25886  25862  67779  44249  72081  60376  21120  93019  73212 101940  42821  35961  68180 109059 109208 104755 119025  95080  70152  22544 118320  83332  13933  51421 120091  48567  41252 106852  37235
   7368 117934  87005  49703  87581  30835 117977  37788  53406  27736   1314 108304  72412  46667  80830  55468 122463   2498  19326 111667  99673 119333 107345  55018  58555  80637  20910  25945  52454  50983  74362  38280  18559  41776  65009  63745 103530  85628 100422  80412 121136  68354  69070   2097  56267  89680   8703 110305  66258  81685  55138 111589 119428  99591  29765  59087 118945  69395  54566 110734  81099  30726  96724  64250  65410  55033  77011  31146  53943 103354  92696  10711  59401  33250  45934  92474  38288  10032  78772  66645  72473  48165  43191  47085  69131  73766 103222  74811  84819   8410  88611 117721  37124  61605  38616   2379   4578  90117 103296  40877  75582  78394  77686 102188  11379  76096  68699  27974  30342  52168  27996  20569 102417 103984  70187   1760   2518  10337  24902   1622  65392  90577    560  78187  90331  45427  21931  48296   2282  51972  70752   8588  81916 107802  13337  19723  47638  23676   4918  44751  86212  82368  90339   2167 105786  70745  15514  59615 102765  47377 111749  34130 109377  50673 120184   5271  67857 114106 116730  23694  94325  28152  67411 114705  19417  68656  44679  75359 115374  59367 112303 109099  52713  55565   5161   3850 104080  52925   8712  55828  80588  71825  33107  48483  38730  36460   1484  66391 113602  70746 119745  72200   2587  45791  27243 110178  69742 111245  41915 101960  72117  27153  55626  38312  61029  60057   4968  38029 105396  42555  59823  22833 113238  88943  72617  41709   4420  56230  56233  88294 112656  41650  22133  76873  33699  21141  44434  53774 110786   7920   1637  18706  59194  43545  96270  72641  19142  82509  17616  56595  55376  49399  58394  11809  19429    275  51534  56946  60334  22923 107155  34151 113542 105301  79647  52777  64398  30183 121581  53255  95173 100918  34867  71243  59872 106597  31885  83497  87391  70389  35875  86856  92016  37011 102734 113670 113780  64961 121807  79747  24574  13211  25139  72591  42349 103983  19302  89186  20807  49034   9417  94640  93280  61727  32136  31614 109165 116979 111437  14027 100394  61905  53107 109992  16987  79469  27429  86563  32548  64188 112442  47388  94584  43387  95072 121777 103192 102106  89967 114842   2396  70835 113139  76866  13366  55111  80196  16182  96962  49901  40252  27433 111308  31927   8376  11237   2194  38193  45209  62909  80455  47062 122005  60244  98942  35215  51176 114698  42477   5506
  51531  94412 106478  40420  73662  40673  66406   3598  93433 103385  91198 106974  86675  57440 112398  24081  18183  35208    438  44076  40065   3285  97561 109466  54146  66789  43200   2301  61541 122371  72208  16567  41321  28561  73769  46959  45452  42886  76945  92828  80330   9471  29498 114969  92678 114592 121125  77284  34032  71057  92542  60964  38705  90666  14105 106176 115969  53565   9605 108241 115693  45158  27710   4291 109539  78016  61219  15897   5348 114662  56200  99548  63299  64353   5346  14065 117082  62702  73459  37349  22827 104215  17824  87154  58440  14260  17703 102818 107609  11060  69053  37034  23126  19654  42162 107440  58083 105037  96758  22428  90782  10641 120524  50064   5062  52646  20091  83976  20922   1607  74987 117660  90251  74185  43959  30138  85413 120692  52259  24648 105096 103341  54384  72132  61161  82151 110904  95812  87568  18092  24613  82914 108695  43989  75433  84940  75893  68698  69655 105357  44034  91771  79351  40170  63701  93978   2534  74426 106291  24448  77538 109332  25721  26394  23701 107664  10505  76698 107982 116656  33291  20063  23228 112036  34677  25382  28028   8180  82333  91620  11058  47186 105781  38613  81672  98869  22280  36321   8742  35221  42124   2130  25378  50937  37280  62898  63878 104504 113148  10467  42993 101807 101573  74195  34103 107312 111843  63799  24818  99375  76576  13648  46650  61471  55747  72820  37014 102136 107354  50689  49825  23182  64168  78846 102866  38425   6530   3356   8520 103906  75446  41997  57559  38356  43486  41692 111880  39983  14696  53831  50878 108489  87471  24171  23755  14599  61076  14318  90675  26319  30670  61058 110817  90729 109110   6784 109547  76085  70490  47746  56945   5637  85120  85277   8286  49302  48636  73306  27673  61313    301  61227  49038  77107  99978 101862  26163  83954 112058  33183 119640  23063  89945 115985  84148   4780   1600  52956  67762  54066 105376 119647  23642  89985 115528  30180  17357 103344  75175   5895  68052  51115  55902 112541  20065  34034 120303   5315  49118  63897  22786 109600  71198  48804  99967  72990  22583  74808  49991  81927  31682   6509  16830  16091 109698  46839  44130  89502 121286  95011  10113  82159  30343 117262 118155  69234  84744  17758  27151  59744  74206  73108  85606  66790  29845  34165  57624  74492  57155  86556 117039  99671  85223  70738 106349 114376   9888  99774   1478  37015
  17657  21464  54400  82606  80543  64907  84737  21615  94821 115100  76194  68718  23253  87232  16343  31320  33620  90206 116200  60680  32046  36134  81654     54  67084   5994   7668  65037  39862  53601   8499  73052  91137  71638  93907 118493 101906  65779 112649  49344  50838 122191 102743  67509  22271  99938 111027  25462  21587  54076 115050  69094  35895  18250 108476  99923  93852  11306  85060 101167  96898  71839  51132 100065  18079  15755   9797  97029  43619  17329  10734  60846  12822  91296  31653  62690 109771  86812   6062   8320 108959  74578  78121  40888 108101 119752 104219  68356  44102  37823  67336  36966  64646  21829  76159  34231  69273  57976  38434  77394  75574  35914  43181  26951   7485 106716  48999  23360  80794  38172  94743  52801 111917  22343  57014   8905  25110  52236  33310  88431 117995 102225  94029  57442  63186  17588  93396  32836  22239   4561 101580  98425  32649  37169 116687  54728  34819   9286 110395  90978  36181  31107  49292  33553 114488  16651  60767  85340 105024   8407  94231 120945  96246  16307 120744  10996  83503  72794 120351  29718  70453  82328  76544 101507  41792  16279  49473 119376  78447  34131  11485  11631     56  58507 103762  42001  43776  77747  65154 106644  51221  99108  91474 116812 121590  72912  99980  81946  97266  70255  56405  47643  91464  79726 112263  78539  85399  66037  14135  74825 110790  90103  58947  16926  59446  93811  87482  69726  90140  87346  49772   2331  10951  12889   3009  40732  21771  70457  28998  32777  28375  50931  11512  59068    956  93918 107631 111300  69687  51117  90652 100494  53905  41216  30133   4840  86039  31267   1228  90560  42587 111492  57607   6636 110876  10458 101037  53842  34960  33118  93426  70419  63906  17525  75111  45159 117819 118861 107662  41023   2322  37820  58472  19276  96658 112790  90592  73728  73089  18629 110474  24329 112729  47037  45517  99544 117684  73308  58491  10243  47098  56620  50464  34254  49997  70233  50102  66418  72748  62991 120627  40827  73806  91879 107093  61039  23047  81660  20564  80912  36679  61404  50623  82345  29236  32005  22595  81891  53033  12476  69594  32258   2550  74153  68652  50359 113246 120889  69691  73443   9588  13663  99218 108128  54789  49598  71386  56064  60731  64268  14580  63911  78044  86874  96152  75244  24615  58753 117629  24968   3232  41678 117893  40702  40782  12780  85918 106874   5763   7393
  37717  83523   4180  67239  89000  49780 111963  32931 103838  98029   3786 107651  74857  87314  76906  65238  14809  61451   3131  86099  54753  62597  11795 101001  63214  84488  83729 101298  29735  23533  76959  49973 102627  39097 104502  44100  64854  25118  92224 102196  87682 101290 102772  19706  53757  80187  45468  14961  14000  97071 115904 102316  18929   8525 106278  59040  91188  26883  16564  44146 116015  95874  38026  30272  81317   7187   6040  47225  79494  69095  17694 102975  97410  99745  93587  57319  98549  37876 115184  43351   6818  96969  28512 108869  65577  72751  50890  97836   5762  46153  48205 113338  38777   7375  43213  28499  48987  63650 105801  28014  91601  47080  78791  21075 114023 101718   7825   3832   4390  18300  83586  71827  32536  18699 104688  27843   5303  36006  12957  40614  68733 116568  29079  22580  22197   6627  73304  41766  38851   8482  77457  57093  76469  54424  34992  68494  46899  84835  93862 118607  46361  63594  44739  70544  24663 118449  20010 116167 113159  59913  93683  60663  72637  51367  48550  51895   4126 103774 103332 110299  26886  82591  34723  14194   8722  15100  92988 102575 118471  35340 113450  24558  63700  59676  65625   3818 114456  61182  83123  90793 120474  79095  62151  69930  64540  51133  71975 121846  24730  60655  35881  70394  39929  53120  72292    902  99487  18317  54803  59328   5185  77759  51335  24177  41684  25437   1868  66187  75936  36743  74197  83028  78761  18307  81234  86925  88585   7386  87006 121499  71293  54361  62160  61142  27697  60185  26265  74733  38568  35763  25388  72870  52109  87003  25962  15743  87826  86097  78277  50913 117057  52241  27244 119761  94201 111537  51244  18295 111672  45961  65436   6906 119070  24123  79342  61834  42878 107145 107921  39808  89754   9296  47950  63441  96058  97218 109267  69232  10780  48138  19492  69349  53853  60735  11059  76263 116647  56645  56728  57508  30996  98188 103503  71351  13424  68064 107153  40626  30328  40745  55748  53106 113740  42680  32353 101910  78679 115843  55969  90848 113741 111675  43283  47179    584  71600  24508  82436  19013 104597 106857  76140 112997  11808  22292  54526  79114  57968  35297 109334  24736  15343  96927   1505   6119   2470  63348  56736  48570  89756  73008   1244  18942 114321 111265 103406  40098 118542 111287  46217 119469 109895  50662  84622  18434  56043  82593  21797  96003  64407
  88116   2269  58222 106073  22692  28331  16671   6816 117078  56549  99380  60582  42924 104724 115461  39527  14520  44398 111892  59048  96653 120908  82973 112209  84249   3665 115589   2334  22141  21251  77350  19398   8639   4582  41095  63895  91403 117108  45937  37325  73709  38040  18211  20849  75905  39438  64690  84706  26350 119578  84205  56793  45228  68665 118537  51979  31013  59171  83595  48948  88136  57934  39242  90302  83011 113553  30436 103232 118919  63290  97898  38734   6290  36650  32510  89942 100938  83422  91192  99623  54568  17380  75022  97245  31494  37022  51700  41765  73045 105305 119677   3365  73640   9964  21085  11168  37102  87329  80623 108093  59063  16276  94420  14090  18785  66149  81883  66111 118610  90800  30548  33572   9636  88411  94106  63621  80856 108953  10793  92735 104464  62062  19661  39656  54726  30288   6501  35735  52118 101701 108355   9177  12131  75428 100649   4023  22052  28396  84012  23313  75907  49095 100238  76399  87808  46633  92747  69321 121527  77665  41635  30062  38480  92749  59174  86847  19825  82063  71302   9727  25526  75283 100315   6184  18809 111965  78332  71587  60788  78402  30281  62459  78437  88973  13221  87903  44682  19750 114514  75813   9859  62737  64989  18112  24064  38437  42600  10703  42507  16772  49553  79334 108004   5010  56715  53475 102429  78753  38528 104621  46068  21212 106192  13403  31900  64440   9780  34550  41202  54557  97507  60151  75998 102999  49582 108769  58156  76547  60653  72596  67526  23082  11088   2880  76247  32994 118171 115037  94354  68099  52016  41826  68676  86970  76631  77628  55897 118090  69760  79255  15206  64850  19263  15295  76764  96714  89745  90550  99868  95830  53892  18285  20252    886 100960  80859  48871  92183 100799  78656    655  38456  79999  21119 118135  74794  59661 103635  79027  23296  84915  18769  98200  12633  42557 116856  60565  65893   7810  25278   3960  43751  15120 122035  41397    383  32793  68051  60189  84045  41809  77285  49247 118361  71578  31263  75364  75734  98246  12306  42839  45333  83927  70154   9641  98761  98156  55660 122340  61498  53041  22408  68861  53538  98890  33442 100085  55779  67991  30920  51728  43632  49792  79322  45198 115000  30177 116612 109650  74235  82508  94806  48992 105470  41190  98031  31955  94320  73180  20316 100378 103493  43891  45383  78219  11511  69757 121070 102583  75696
 116023  79628  49310  26051 110412  30915  32256  81922  56959 115628   5899  93418  70987  58293  12938   6114   7812   3086  84176   4188  64478   6392  18696 113194  38780  77796  81131  48257   8030  48541 108486  82313  96077 110125 102652 116845  84475 101713  10285 102919  21386  26102  35150  14122  69012  10342  91607   9174 121450 106777  29275  21610  68224  95665  68770  67634  75624  10103  67769  27456  41507   8126  18082  74890 114314  64680  22002  13691 118546 110051  95731  69810  88846  98647  36792  92676  20441  11454  89846  39523  37327  71639  97360  58743 105231  75622  99515 117478  52824  23456 108666  58444 104562  76741  45030  73303  48427 109347  19259  38104  13147  86833 100334  30275  38087 110550  19483 108700   8862  80115  84288  56375  97454 121768  23928  52515 107170 114611  29804  78387  99740 105544  25719  17021  61800 112955  28553  13602  63381  55981  81323  26101  91155  41789  89145 111929  95244 107244  44143  26996  11362 111747  35492  58599  86601  80023  23957  28921  62114 111483  28557  61372  25128  19274  74802  79077 117737  86238  97088  49058  68631  48595 117210   7672  22506  97581  51626  93919  15253  89289  74202 120442  24134 115951  43057  68464  20496   6936  45163  49815  75921  70599  74834 114666   7391  44121  41256  64261  65081  87264 110242  13649  91580  78845 113064   1746  94803 118219  33852  80819  62715  39641  17118  90219  24083  70500  98988   1128  71799  13325 120332 103714  20672   8627  56220  15884  59634  84283  82528  70594 120129  71679  46386  94278 102515  17860 119074   6089 119052 103552  25663  84547   3034  79480  34993 113235  14192  29082  28694  48776  80347  10244  57667   8964  23584  72265  22968  57228  12734  24143  38750 105752  47456  27033  23889  53171  83415 106878  73913  81269  85150  61598  68972  16356  48255  45533  52862  90112  55240 105668 110975 111340  53382 121704  53715 106538  72188  98704  60200  16696  18001  64772  10189  67816  87864  18218  60634 116421   7774  52001  32979 111650  88457 113457  96289  50081  30629  12052  47356  48834  93717  15497   6057  52534  89295  82547 122428 115215  34314   2687  26306   4501  79595  76490  11880  47069  59545  38723 121171  88854  77093  77200    379  55987   3124  15342  55951  53928  54970  40079  56485  75354  95383  62934  85554  31727  90163  28592  15064 101685  84661  30592  24954 117634 118721  70260  23283  15468  69651  51365
  67234  42410 109655  31355  28501  38342  36735  19442  53578  34558   4305  31644  29834 117452   3359 122435  94213  61741  62601 115639    542  45526  44231  36858  29770  28601  18512  53694  18186 103725 115238  29513  99124 116440  94832  88795  46769 113271  69898  58698  84323 108623  16787 106873  55758  59750   1896 109834  13561  88162  14398  92796  45273  57921  53416  72761    651  66953   3726 112116  96081 102891  30917  75837  52845  79556 104985 101243  23510 121551  33826 102464  81950   6672  30357  44510  74961  62138  31041  60259 105174  41018  23576  64678  21354 107341  77750  45988  55115  96778  29362  36801  57870  45883  49597  46422  43260  29286  15459  74525  60228  70381 100243  44163  11532   3015  74695  18182  17786   6276 112926 117538  87841  22680  30894 110497 107205 115799  16026  10468  20203  84554  43364  94265 111791  66244 103243  91359  59418  46287  29766  34827  45377  30895   3795 119334  20921  27339  98730  72612  96852  44531  43706  57248 119606  51547  12047  23564  43095 103649  92271  96426  99716  85778  67530  81561  13244  92883  82794 121193  62179  18657  53773   9424  99573  63707  90972  57473  54309 115599 111136  68954  58514   6724   1819  38208  40162  74926  74632 114863  42718  35534  14866   1340 120647  72166  42318  76277  92698  40190  24552    676  63687  54016  48744 121543  23050  53435 109734  45085  17618  32369  58325  88335 118027  69391  36406   2651  69313  70977 112894  10763 114105  12805 110643  40828  34759  46741  68379  91323 110914  43407  27309  34707  76074  41118  74282 104537  39309  78410  51556  97582  82325  39491  48864  33370  69608  16949   1983 113743  79098  68094  66272  28158  41857  10518 105080 119230  84881  44516  91476 120107  24549   6964  70283 110565  33555  15523  15918 103858  43031  79320  91611 113559  93582  89853  15377  40799  72133  35541 115738 115663  56842  69037 121284  59295 106904   1832   5367  83445  92205  93617  97450  47385  99338  14218  18891  94596  96599  72158  82506  63231  96560  64951  46994  94438  74260  90130  96578  38665  41316  57050  98299  51315 106544  97641  99603   2837  13166 104225   6950  63096  38256  84700 116203 118139 116823 115583  74852  14607   9117 118836  86786 113545  50540  58577  16186  37334    722  31714  87001  43740  61358   7216  27819  18703  15232  17765 114325  50554  61621 117435  93633  39912  30967  61340  16512  53857  45902  72061
 100845 121876  84589  97656 111577  40562  32375  84844  42425  34897 113983  51473  13214 100299  71043  65923 119137  76129 121435   8103  57335 112128  79554  55001  30979  11954  83762 120676  33214  63270  89700  96261  65753  53430 113669 100957  37890 103245  33267  57497  46206  59582  49640  17783  33322  40957  33669  75721  51172  51079 105400 105442 121890  57560  65533 101485  47360 118646  43488  54687  34859  46461  94341  39021  83222  62240  64072  26452  62960  53719  48083  86104  10354  59984   6948  16175  80760  12980  47604 103478  94351  42973   7199  87820   4344 103445  29769 118475   8800  61218  20586   1784  60202  15051  75695  72301    290 115905  22527  35754   4446  97871  56063  60358 103720  48667  18927 107644  36767 120362  46989  50537  48916  84229  14995 120189  15411  52031 114654 117465  68001 108991  23921 110835  96350  43522  36751  32151  52107  28605 118094  91316  83817  84032  79525  93293  80653  60256 111313  73456   9266  55633 109327  62410  64909 104944   8008 111175  42090 100393  84665  56885  70143  25460  30507 112396  39898  94908  55745  40995  72186 109384 118509  49168  47977   4384  27428 112284  34396  18336  92899  46304  17988 103903   8518 102189  88210  52312  88506 119317 115111 113575   8746  37146  23950  83170  57340   8492  62111  69600  98054  34535  61012  74749  75228  44775  81220 103505  27550  63815  54973   5031  29740  68122   4015 111687  22474  73036  49797 118256   8231  72668  20130  94098  10968  31968 111862   8455  45128  67719  47479  67442 104984  32738  29330  57571  50968   9496  40466 100506  71945  37681   4655  76427  85041  35052  14219 105107 107056 102811 119878 114668  98755  28913  45127  11700  58125 116873  50719  13375  35790  29605  99725  67723  37209  49282  61085  48672  23566  25202  11234  20184 119549  25989  84371  67285  71751  33035 114328  50375  32564  34804 104495  99957   5913  59027  34750  20977 119497 116458  88391 109209 117611   5658  91554  35709   8140  21044  18411  32003 107661  44177 120057 111671  99684 117500  31763  20403  27744  78361  92778  48099  56225 110520  63380   9261 115994  92921  16121  41926 110973  66624   9337  47502  49157  34563 101760  85189  29744  14427  40164  40408  39770 115262  11448  41755  31339  12375  47544   2294   9420  69637  75342  48409  69894 108420  24860  43793 116691    937 107852  49026 106629  16164  80769  31924  27978  86472  46981  73275
   4363  41318  92898 103688  56274 105329  38514 122478  36628  27991  89762  99357   3879  89044  85106  20752 111889  16352  26483  72321  16638  62785  19738   3419  38488  42547 101724  12731  57119 100483  95495  89002   1778  45714  79135   6691 114743  48837  76644  20048  46200  45904  74748  71660  87466  62434  32223  41041  76311 111941  49492  69487  57636  66209  67357  95444  15614 113784  51009  28262  69435  31065  88178 121419  72368 112853  48492   2866 122331  96436 109225 103292  72183  96990  74791  99080 116988  78377   6609   6740   1745   3906  50444  72926  42709  66179  45523  50888  99720  16145  36501  92772  79931  18069 108977   7918  99624  14649 119415 100908  57704  62506  91578   5627  24601   1253  20046 116039 105716   5217  55169 116290  23583  38956  48194 107091 119341  87873 118611  37683 106432  77447  84857  74662 101219  37049  73733   4824  42085  92306  81821  91184  80908  34651  70301  85553  18187   3229  65183  25555  23367  62140  27674  23042  57500  85766  72098  23307 114516  69529  91465  50325  91672  13660  67129   5133  61858  90499  79369  31902 110729  67629  83740  11982  67034  21868 117261  44117  24647  25548  10202  54486  41011  62616  28800  29461 104133 118837  96290  49880  38462  22296  74692  84906  91541  74094  93867  32569 121446  19676   6922 107506     35   9598  77541  47952  86943   4987  77510  97855  73679  16332  93615  80003 108374 115349  90100  19859  63368 105084 116361  42183  73603  12190   5206  16581 109163 116959 116308  76226  42251  43892 107536  69748   9272   8819  68757  74526  52061  41874  79875  90807 100278   7184  66181  18749  41033  63510 101822 121161  93168  82162  45130  76452  30148   6745 104667  80620  69436 121849  88737 111751  65668  16827  69286  78079  72414  84787  60674 105486  60892  70100  33395 117873  68250  36766  32074  21959  28019   8668  34270  70083  98056  38972  73970  40025  75684  84311 114573  52203  82395  36288 120681 113946   2673  51067  79924 111040  13749  63171 121574  54709  28189  26863  45323  16892  48531  89845  74457  52980 119722  65357  44090 122075 121016 117321  87374 118707    914  29238  89216  38581  21888  72195  95105  44667   8547  38069  31364  25246   8591  46250  29779  92752  46921  74409  14273  14408  89312 112616  64140  35455  59504   4560   6843  14661 121003  31825 120849  18172   1589  85356   9685  85282  54853  26076   3788  70785  82711  24172
  14874  20534  98072    961 101747  30164  53778  95593  10181 100170  30129  46335  73794  37292  17001  39986 103841  91815   5220  56103   1096 113440  22173  49760  49930  98389  43049  60865  94641 116829   6474  85601  10130  67213  90695  66930  24086  31619  59361  37600  11908 110018  82975  62413  79138  24114  82781  16627 114931  42510  50126    673  89572  41361  25295  11690  39889  35337 122090  53553  66886 109167   7019 120493 121478  77793  46158 122170 120772 121174  27119  72568 121233 113912  39166  87288  79774  80397 113628  92130  98801  11276  58276   3503  43413 103487 103834  55258 106592  91824  77148  24181  93628 106795  12604  23392  72659  53731  52577  70995  69402  86200  84781  36589  99104  57958  13019  36450  12937  76165 108027 110618   2614  72323  52065  27703  20755 102508  39948  53644 120318  50744  17706 117308 111352  32452  80492 107952  76707  21653 104144    873  63762 118505   7936  95054  86633  42815 121747 113801 111415 109369  28353  57857  52331   2781  11583  53549   3958  41477  24531  99372  85932  81397 106020  97533   9958  99304 121539  56686  58589  24263  96943 110036  67944  81202  76503  68524 115175  33516  99768 104672  81819 100258  59021 104503  75517  35463  55553  26430  72287   1242  35306  21579  36769  18423  20575  25397  31756  95018  72809  43419  34863 121430  88782  73850  59550 100714  57229  75838  90184  40498  35734  16954  16728 109388  11538  60305  32260  56925 108271  77492  20149  70649  10225 106464  96681   3953 119958  65077  20987 107278  10753 112572  29089 111713  88198  80145  35630  64731  35765  70735 105829   9640    105 100479 106120  54659  15804  89246 118353  71952  45437 110128 109594  93947  52138  17210 106062  87207 108013  61163   1809  42483  82487  34496  49351  86127  79190  13306  67675  12702 120125  38745 109786  46815  95368  29825  38379  81018  20258 101029   4092  15799 122171  56298  32113  82008  63954  45258  17133  47913   9871  35572  26259   5519 122009  89093  47779  77016 110007  61345   8880  34912 102348  12195  17568  76131  85244  20938  28119  69860  33404  67532 113133  20511  23499 108980  72521  86457  91579   2068  85686  60214  36170  40482  68205  13454  14575  13202  93563  33004  33180  23649  84861  80290   1988  38650 121113 120811  18168 117801  10928  97730 110285   1535  47490  51681  12184 101209  28822  22283   4589  63613  55261  12353  85681  82284  95632  45857
  20662  36343   3641 117957  22253  38762  87260  40328 110930  28852  69196  10391  19909  54122  72974 106950  27160  78436  27484  33813  76251 105032  48682  57438  78556  99365  73220  28776  83766  60556  87495  32272  49478  67969  85173  31248  19528  64223  40369  73906  65522  69235  31315  97060  94610   3168   9860 103265  71990  95723  31036  89835  51636  40965  49260  50216 112382  27233  66704 114383  47887    177  97691  62513  35576  60989  52602  28058  11793  13990  32870 119738  51878  75556  68076  98878  31352  37247  38559  40826  97781 117303  57839 104409 107958   9547  32719  67184   7951   3456  81433   5509  55497 120916  20514 114902  46639  55089  27701 103769  14437  97728  20527  68646  99113  16235  97034   1054 115097  58636  94373  42950  45132 112368 111940  69266  21671  46226  47698 103878  29157  10216  65096  62162 100350  79247  30520  95932  14737  48710  40676  13204  24063  63227 100553  16366  15671  22982  72379  86843  98740   6010 105451  52201  88564  61992  98394  59172  54561  98509  29877 116844 117695  44699  14779  84673 101617  98361  48249 111731 116613  32084  97461  43432 109382  23742  72893 114415  97538  35675  43174  73260  59558  32714  26627  95697  52556 106109  22377  32631  50483 114950  38977  21255  37700  52021  97886  68159  83572  29926 115952  54824 113429  16847 103825 113135  45093  88154  42812  73580  49771  67732  57173  22107  18572  43742  24192 108379  89797 122120  16807  82637  42207  35079 117964 118386  15876  62494 121668  31806 111853  36052  81029  15113  40891 122457  15336  49811  21920  92405   3453   6289 111813 110260  38146  65010  91450  88422   3308 107383  88301  90277  59223  96414  27517  35889  59921  80204  94235  42305  83053  89623  28045 112053  84210  20469  76680  82321  62558  76702  33017   5841   7883  45943  42064  17050 100381  86196  36704  90469  23549  81788   3840  83693  11720  72453  97924  98830  69270   7167  84839   9116   9730   1932   4733  93186 121999  73223  92840  26215   8447  40448  98376  72932  76372  91360  24203  41442  90784  83628  38978  32173 122215 110613  15091  31573  68175 118994  90065  28524  63679  28978 119407  72008 104702  68531  25600 105358  29565  14077 107568 120779  59020  19855 108576  62942  81111 119740  22877   9749   9849  45372  69572  81974  64044  87591 120818  49294 105897  62447  42022  44328  22362  18516 116005    329  96449  84127  54725  39701
  52335  88577  55765  49906  81478  75281  16477  45525  80108  59398  97193  46983  83515  29145  36952  13066  74124   6363  21945  30274   7860 100699   3907 115780  45214  77281  26455  15975  81022  17370  86756  82041  83522 120620  53169  80478   5533  42753  38164  98554 118073 109510  73777  63401  72270 119227  78034  95317  39432 121637 108296  49433  64103  93472  72938  38685 109406   6146  58027  26426  19003  57004 110326  12235  16848  98690  59202  37506  52518  37763  21403  73256 101778 112592  86769  24332  32139  71987  17678 109880  94631 104908  16097   1062  55317  69149  91398  10926   9094  49893 116668  67822  93731  57698  66096  75066  44087 118276  52422  77626  82110  29932  88330  39946  94366 111493 119386  31687  37870 104824  50528  98159  94346  83777 105043  13120  52510  16038  88797  71284  94587  48806  48276  29186  72327  45099  61580  44078  97491  20545  82960  32426  60843  83255  38595  13503  91292  30151   3913   1010  81861  43951  49580  71711  70759  62270  87883  25646  86027  49280  99367  32704  32263   8347 101834  76529  79335  96515 110286   3044   8248  12715  78619  47187   6756  94662  91662 101426  81825  84228  60270 101864 102360  72107  86304  72716   3561  59380 109526  19333  15717  21915 120562  15828  98583  45872  39314  46632  82556  24864  31040  47297 117453  65014 113810  82315  31563  29722  82369  61261  32888 111386  14899  55556  27247  58055  25554  18940  92213  17437  95309  84590 119983 111865   5294  28759  13675  94552  96706  34152  52973  68302  96987  19104  34150  98943  15270  57847  67096  57589  35957  64391 113127  57355   5322 110736  13727  52248  47445 118855  16125   3156  53457  61378  47137 119340 118643  73474  94892  66611  62245   5962  70420  53721 110617 106259  90041  93765  23251  82059  11238  39298  97692  73359  71966  10680  31087  94918  96732  98364 108612  97563  27886  36803  49358  92596  77209 109138   7662  94784  95519 119884  16904  40391  78395  77826  63030  53220 111991 103785  49140  37184  68392  29301  10952  33108  21917  75974  51798 108022  94750  13135 106729  27157   9622  42208  79819  11902 112808  14089 106826  77814 118255  53267 114617  31018  81597 104796  18962  24980 121517  65194  74358  76385  21875  98753  37839  93021  18093  32516  89706  64902  23899  96688  49827  10234  42263  20294  22653   4150 121073  72289  52796 120770  53172  84708   5345  20395  21904   2844
  54034  41528  10450  33448  79542  60647  53490 102093  43446  69372  70182  15664  39193  89137 119558   8529  22581 112756  46419   6112  33389 115751  26621  78066  44216  83247 108901  53912  16878  18354  54199  74140  31440  62481  28117  38885  13103  31988   9642 106921  30945 110924  25151   5828  48428  47481  72049  92998  16306  11799 119644  46262  16158  97932  12104  71274  54324  78991 120077  77639 116426   9344   4202 113812  80083   2894  55046 112599   8623 101823   9968 106029  84153  65795  85387  39896  64240  96363  80581 103576  57763  84588  91459  91674  95157  75147  91112  58466  27796  12255 111407  56286  34241  97767  14019  59314 106598  34795  71215  10256 105207 107055  94272  85394 103922  24576  79535   2746  77266 100007 116400   4543  42659  69387  43476  45286   4389 112577  21009 116715  22530  30383   4635  85974  33705  46434 101767  52318  33827  95435   9154  85284   1810  95448 104592 121651  48195 106146  14786  49632  22853   9490  32085  26301  15496  72097  41588  95374  60549 121586  36477  15139 114179  28927  59301  63124  53945  18895 112704  66562  61870  69340  86485 107020  51377  20309  91650  69799 104740 112309   6566 112736  19854  44741 110301  72509 109758 114013  30774  59039   7988  92719  27488 104989  82390  30666  92203  51538  15021 121017  20305  90209  24701  31482  13385  73783  69080 104265  53067  13773  97105 119106  35610  89751  22149  56637 106547 113366 113589  96680  56767 111148   1981 121898  44414  80725  75502 100156   3021 110570  59305  57975   6269  52977  73681  31014  19931 108045  26764  99519  50693  60432  88451  48602  35913 115209  96728 102198 115857  56737  72957  22881  75844  90984  62155  40137 110578 122143  52316  26046   6584  32170  81619 113705  27005  64287  78847  25881  61872  54438  69306  78457   7138  46655  36828  29068 112413  25882  69883   4555  22287  39730  47635  88394  45536  85999 111938  35500   3718  38155  53190  95425  65805  97293  45912  37368 111983  99500  63502  46112  92715 113002  51594  82163  69414  41856  23484 111377  73452 103915   4307  27246  82093  21360  84587  99069  41587  89995  71490  54559   9201  24232  10608  14766  12801  13735  96916  91873  82795  63091 105647  39538  82743  62835 100041  37106  48822 110049  46599  41250  42458  84489 113409   7529  39440  64445 110661  71315  64504  21963  73032  48304  75134  54165  23731  46589  48109  56209  68165  60514
  43447   2657  71919  28340   6646  33340  45217    308  37808  16469  73531  36162  32844  11021  68580  92423  56669   2719  63469  74813  69897  38712  69406  78975  26958  84027 117257  56410  23985 103891  42515  16485  57097 110075  86298  77698  68112 122448    457  18375   8346 118554  88633  81707 113749  82504  48104  18368  50379  85224  42969  78798  90484 107803  45662  93768   3732 120795  95076 117757  83242  79681  99636 100154  45082 107940   4801  29121 106427  35739  67531 113420   7408  95936 117810  74367  29010  26858  63767  76694  70390  78931  16019  79781  58512  72341  18812  60691  16820  92662   6033  83035 101175 117230  48466 105723  35978  64218  73292  51543  94774  85552  75180  80791  22464 118858  32063  79222   9654  67164   2295  43975 116716  62105  37065 116942  11635  64518  60902  14290  47007  52186  64374  53075  70514 117520 103916     21  72799  97727  60739  17951  36241 113399  14562  12611  69236 106089 105399   8354 112311  66961  67441  25661   6682  11920  57613 110796 106442  30933 110027 111163  13257 109716 102763 113456  93754   2588  72247  97099  94242   2510  27231  23753  27482  11510  15370 118890   5788 110106  13073  58913 101409  28038   1947  21353  77013  51479    963   5018  10995  73012  14048  60353  68216 121057 114540  30581  74216  88790  36412  18030   4562  94045  24955 120110  60030  37667 117024  29750  69410    857 118385  81996  44605  75348 119130 100829  12578 103217 117984 108418  60393  73929 102670  16335 114585  42767 114275  74948  96160  14693  97220 101510  75712  12527  66106 111111  56751 104642 116339  77967  65747  40128  44473  49830   5749  28397  63158  71416  40968  54900  40305  52797  61625  15727  83601  81933  44854 110195  22240  74996  37302 104178  86373  74633  59578  13956  58623  94444  40971  22613  13149 115706  47300  36475  22709  52913  66503 113477  95790  28283  81358  14123  72018  27067  85292 112520  72857  25336  57928  87671   1766    830  65103  70554  41725  77068  66774   2904  50122  73654  35359  41867  27821  81427  79543  84527  53614  87143  64327  86895  21011  48206  39563  60966  90137   6648  95611  61297  49596 122037  16259  17887  69393 111353  29795 117731  26504  75114 112705  50636  60335 107566 116271  75897 104402  92311  43961  37517 101938  19441  36196  45331 112100  95980  55081   2281 103870   1237  35137 105602  31576   5631  18202  82765  53287   3796 122374  81192
  16732  47676  42961 119472  27351  31349  14128  29295  87870  91240 110226 120574 117363  94254  47331  92385  71118   3076 103628   7142  90542  97700  26491   9628  93630 112753  38680 113425    931 117026  12833  81751  11750  85184   7829  46708  86908  86118  47016  47559 106162   6655  27998   1281 104576  28446 104004    382  35940   2696 118464  62585  25009  17745  11163  67062  23677  88248 118816  78912 106616  61582  20160 112946  14170 118875  50043  31317 100106  54755 101711  58129  73080   4099  44872  41623  21886 102595  63723  10175  94630  50309  19152  10773  18427  54217  71378  14891 113825  74410  74659  44153 118563   6425  34005  74236  81134  70849  56672 117311  38445  43168  45091   2286  44445  71352  13898 117880  37908 108487 119254 109568   6309  36344  93580  63294  44021  66422  66000 110678   9442  91506 100716  30108  35958  37655  93262  78799 119380  80937 114064  69178  36289  62343   3422  52538  63821  39564  70936  57369  65637  39240  27439  89417  43759 112799  22787  21906  97490  36991  38940  57748  89267  99079  48010  13109  39214  54107  30300  18880 102226  69384  78922  56111  94629  19083 120273  31908 110824  15420  31337  98994  54496  93132  42142  55816  50210  42784   9607  23249  36843  77652 101769  26974  76526   3318 115121  37992  82118  76533  96579  41738  22290  53412  63093  71704 102058  65812 118430  59917  46932  78904 109419  40073 122456  59698  43110  42266  21508  40215  51793  85465  90215  92041  26270  88103  45671  50620  40108 114315  89691 103365  35169  67255 114262  76261   4267 100279  26192 109061  45144  10575  92051  45138  35291  99810  24506  59908   9405  18399 121631  42793  21109  23191  95826  55189  42421  22367  26551 117989  60957  88454  75389  80820  16992  66951   1169  87090  95577  48231  51788  19201  52149 100945  64224  79564  31233  46687 118238  28206  90243   5795  30448  86372   2591  36429  18371  23685  11813  72601 122084  99979  37807  70813  70222  52087  90401 101576  57621   7863  48164  95467  96011  55768  34318 120347  77598  88637  69209  89684  70777  64905 106817 114131  11015  92011  41232 110327  57838 101124   8225 119981  50970  45260  93500  35904  24965  80805  46183  27252  97779   3183  86000 106528  75033  81204 108615  24352  76840 101312  57346  22871  41742 120874  65832  61310  86462  85139  13761 112748    134  96275  53500  74394 111998   8576 101052  58343  65919  58986
  91052  94453  85417  51290  95889  92146  94846 122051  90907 108182 113144 107758  69818   9472  24252 109571 119243  17969  33161  38297  46156  78899  31148  28604  11348  30635 108499  45462   2531  64664 104242  53850  73540  70450  97739  11501  69366  58322  16645  43428  69499 116301  52700  53286  24930 103027 117656  39800  78092  66792  93559  61208  74697  94132  33842  51521  94262 121059  24368  87922 115063  90433  29112 117808   6704  72896  77164  96249  69743  54548  23524  23013 103889  43889 113055 112984   8012  80552  13452  36436 106130  94985  37840  70060  42526  16157  66443  20935  89856 121449  68033  38411  27539  17343  88769  87779  22059  43666  98432  28889   2477  81630  40203  84559  50549  55350 111002  33456  11959   9573  19094  70916  38202  41772  96839   6152  37673  26833   6744 122425 107740  12146  95845  46532  13521  18845  31530  62647  29826  33835  69003 116357  11774  59828  70036  76269  64068  67939  37310 104062  54724  31921  43651  64945  64546  88179  92516  42622  56580  33568  45487  62790  78334  84799  79993  66085  20897  23238 114851  44815  46817 110996  34984  77908  81937  22703 113620  57925 113782  22168  65040  36210  16538  90872  28715   2143  64683  63898  65151 105908 115446   6959  73132  83098  74398  90511 119807  18324 101675  17220  30019 115324  74978  81839  86791  60477  60296  95530  14804 121797  44397  26686   7966  28134  47632  24367  93069  43786 104020  27139  26659  81065  15344 102143  67432  60072  91253  43012  92544  66999  90437 116743  30221  80194  72695  10176  32292   5832   9395 116504   4862   3715 113237  67817 117482   8610  88119  74403  27905  77286  50698  55206 106420  91394 100449  57247  28290   8897  53165  90635 114409  95237   5989  80118  46831  12417  56831 119338  59788  79847  46651 107387  73307  19475   7132  73753 104538  96033  84924  44778  94751   6542 114628  63274 105977  42218  77957  95971  80227  12499  24091  49188  48367  11310  31282   4999  43647  75170   9104  84716  56600  46567  32282   9803   2555  11758  18449  41102   3200  47936   4671  44403   9855 108811 101958 115798 107675  43059  66013 104169  50749  64523  40314  78560 107138 116788 110773  86529  38938  60159 121012  42916   9655  70348  87217  76489  31838  40182  28574  99109 108547  60077  29904  92400  76081 108188  74709  28297  75511   3644  41071  23399  95221  53869  90205 114549 122430   6921  26063  93456
  70836 100149  72495  82539 122014 116197  66045   8233  89263 119822   7056  72121  98073  40954  84591  95777  90568  41584  72658 105476  63932  13417   5127  39034 106517  10789  43910  49908  94072 108856  33486  77801  38866  51211 102819  37915 112838  56178  10720  51975 111762 113796  43132  84247  54791 106829  45283  89133  76946    321  40404 116377  22196   4158  21222  68247  67528  82918  60306  91693  98814   9038 101197  43732  99529  74624  31738  53830  56940 104387  20226  77372  32480  14927  36986  40001 115151 122048 101689  76977 117195  98580  58828 103532  96452  75048  24665  53620  39395 115509   6872 106799 100510  76774   9370  90257  74766  46742  64166 118824  40945  21321 118752  17990  48082  12921  31925  96855  58632  66629  62433  88639  48722  48703  16331  96167  91037   3545  48497  33410  94995  38382  55825  93183  39533  29913  18009  66896  56293  15129  25946  88471  12943  28447  66145  80889  92353  29476  89643  90124  96020  82862  37966   5988 121041  93124 108782  48140 119858  69265  92092 106434  73413  83780   3469  36645 121281 104283  32524  38447  81853   4004   4467  75236  41049  56543  71008  48702  41827  89837  77222 100454 117148  11658  49604  13282 107888  64616   4122  77719  17559  20167   8560 122240  78185 104078    203  26302  38630  81593 116906  54120  19400   7231  55910  67296  12538   8671 110627    280  83545  89958  10001  52725  63779  78291  54780  28996   4355  30604  18518  97255  93879  91019  33696  94922   8099  54321    218  99646  71346  88658  69983  22897  50826  12966  21977  61478  27608 109500  88646  92294  96196 105471 107770  64051  55393  62576  92465 106148  74363  68417 116013   1994  50191  60257 121369  32158  98155  28902 117364  84604  54133  34313  46094 119618  36402  23954  33405  80540  26513  77882  71673  14057  78632  55770  34849  52470  19567   1864  16991   3428  92471  60610    335   8353  31949 116836  60914  34889 120166  97417  87887  47311  14030  26540  20223   8419  76168  51950  78111 107333  18160  53870  88274  56466  12093 102282  44666  75757 106252  87319  80973  83361  58057   1420  52223  84641  22181 118847  76901  49556  70365  49467   1071  76984  76759  24494  59606  90779  42602  33451 105342   4219 111203 104734   2853  45998  24161  30204 121569  79466  92301 103071  95792  67120  17496 118968  97021  15654  33033  40294  39191   3404  61812 118839  29399  99723  71104  45136
  51162  11241  13145  57893   8998   9676  28411 101759  12181   9690  16860  92148  96702 111461  30323  61325 103249  20123  62036  10456  23332  89487  75720  90957  18220  95924  93093  92697  29086  76887  28070  70218  34312  94120  79640  14238  33349  85494  42380  78895  40833  19109  91989    729  63836  31143  72194  74601  42047   2602  43161  48406 100190  96453   8511 118250  43450  13815  62763   3746  80811  57387 120650  32697  27458  63323 112408   1270  79778  69182  52222  34500  90968  21246  16324  69526 111989   5601 109226 105391  66153  92019  70209  58712 104492  46779  54115  27140   5306  75391  22694  83172  86129  52652  19560 109368  64045  17710  53260 113744   6908  79539  61356  30603  84535  22411  84621 114843  99426  87223  91439  12159   8507  68589  57485  34851  61062  77122  38837  67468  18342  66569  55086  95140 107289   4958  32423  92831  54587 115189  92346  65012  17615 115503 107149 106408 108564  70801   8631  81763  76761  63995  31602  21192  52958  70959 106147 102512  61119  91712  18604  28359 114877  27677  15102  79210 109432  41628  82891  63791  66509  43949  38010  70250  82531  77370  47248  77550  77494  11791 110378  90337  78742  80052   7088  65255   3517  99275  24464  72801  50578    514  14836  17315  71149  55918  53676  37134  56981  79264 109023   1323 100294  14225 117237  36674  25379  33662  93366  88770 105529 100004  19078 105911 104527  46173  63672  52461 109400  69613  81501  66878  73963 105670  43630 101996  30541  26084   9278  60145  24013 120429 100729  59629 113827  11399 119806   5157  25699  15263 116125 121693  49834  38277  60800  76091  56593  67866  14163 102262  21719  99007  88014  42273 114906  59930  30076 105280  99413  30552  93481  24107 106813  76929 115817  51476  27618  67649  18757  54929  86394  78081  67877  34198  18816  30823  94337  60814  38328  64653   5096  20512   4709   7117  89907 121048  84403 102051  60155 106837  77411  83042  52209  62992  76769   6225 115929  36385  82969  17838 109933  74069  53391  75717  79954 114010  40930   2703     38  38392  77975  20629  98504  16166  16867  66348 121153 116599   7169  95943   5130  33573  37246  77145 115086 111644  63842  81649  40627 116090  93945  27846  88212  72517  76421  57682    714  36532 113406  37098  87558 103248  15989  77703 116104  76050 100014  72693  51302  74876 116222 115005  25832  42416   5431   1298 116497  84162  58075  26885
  29705  99433  96939   5497  75185 121040  87494  30384  49307  57749  47383  94130  99006  49041  60424  50394  39920  34195  34067  11940  93143  17662 115032  37779  75155   4408  41853  76924  96522  26607   1006  99219  86829 107358  39401 112270  96337  79828  19125 108063 113767   7284 108350  69418  60425  11192  56446  34844  91415   9191 110206 117019  92298  80848 116976  55921   7638  38136  83573  10851   7955  97506   4706  90144  82086  81568  14454  89914   5335 106047   4567  49686  23616  91472  90317 111557  91524  26548  79795  62096  33795  83864  43391  41670  62091  27708  83437 104001  80172  21452 110995 115082  38334  24904  32486  79166 115614  10226  59754 118673  43394  96750  47475  68607 117998  99565  57343  51757  27630  85126  99688 119240  30286  75116 101547 105148  51717  36925   6935  82473  71774 101530 104816  20816  97371  11299 118788 106251  24875  74323  21438  58517  91840   9713 117756  70107  51329  59888  76633  58403  36535  30337  90685  95591  16218  67980   9877  75773  23924 104115  48868 104237  56198  58774  55028  18420  20366 101223 103453  74134  49889 112911  44981  95860  72156   6245  61125  30969  89834  18066  54784  87655  31587   4722 107581  21979  48007 101129  86861  71238  60931  43908 117052 120058  35241  47280 101761  31693  27474  59637  60899 119011  76415 112151  15327 107569   5511  12312  24102    685  24984  51002 106242  12113  55280  58462  95589 101131  52645 107073 110502   9306  59851  33676 122159  54067  31464  10184 111798  54000  43408   6838  91785  51041 115247  32691  76412  27249   4163  64333  18115  77517  91755  84410  37492  24484  44096  46529 102498  22848  50242  90102  49519 112713  76830  41672  92286 120374  14632  20932  19778 114557  59677   6020  20476  62799  38781  94769  34059   3212  60672 104996  98243  98646  71836   9314  77125  63169  91306  48805  54038  21716  48266  12310  84610  42002  63046   1882  77808  84927 117627  88432  67462    400 100786  32491  56676  47019  63284  26172  53428  84085  75349  16756  87133 119153 107293  90413  63845  31720  80613 104470  64419  31686  87647  53556  89998  39238  45550  73620 112699  67317  53909  64677 111738  12610   9837  32313  25589  12454  49469  44371  75791  27607  28084  16628  49761  88832 117144 118297  39441  38669   5112  74115  71551 102859  29751  13134  70723  55173  86878  11707  43002  69969  50758  40056  15302  82000 121069  32593
 109785   6629  16718  33007  72758  34935  53049  82239   2638  22027  80019 107194  55216  90813  82648 117712  34135 115359 100308  38962  96573  28970  37586  33471  31821  77341 117027  87624  92854  94054  24807  32685  79012  99870  47985 117106  81161  54850 102601  35071  86960  58010  45059  23329  99249  75457  38755  41727 107486 122499  21631  55122  17092  93813   6733  20734  15004  89192  51039 107716  88264  53071   7865 116774  17686  67583  16059 111200  31210   2607  23479  71125 113689  34870  83476   9489 107262  28753  77522   7436  49721 117841  23377   3253  56518  44916  45601  21199  54379  65414  92816  28819  95802  67495  67111   4056  38674  75053  65334  10743  78087  30841  41226  85117  27012  35179 122056  97540 107603  36612    933 107509  54263  75319   1159  62875  72987  96409  12303  14928  24442  44024  19904  96997  41637   2780  52194  23946  43475  94685  81003  25812  50522 112305  99490  42856  39396  15747  49635  59277  79191 109695  11588  25643 118166   5067  58520  70335  56803  44965  22175  92285  18519  26425 121004  61128  15126  47500  91080   6793  95005 109223  95216  32096  83312  23493  73975  26587  36229  21980  68517 105759  61817  16619  20748  74127   9393  76132  21008    244  23194  68944  26961  45411 104531  27134  71039  88240  99016  56601 104425  31794  60760  11225  89475 113956  65527  45381 102803  85392  51399  64844  96591   9914 101776 103592 119829  98831  85541  78450 112119  15590  66250  65052  62497  36708  80657  69504  98858  22559   7370  66617 121717  60913  75792 100139  40143  96521  83589  55313  26212  12035  54584   6864 107366  90902  59154  32052   9152    444  83674   8786  57318  30669  48081  32596 121696  14173  96879 108787  23610  52636  87403  77428 116375 101908  41211  10119  26588 120881  42433  13368 106154  16993  57215  68386  95559  83904  42967  79099 121946  47976  70975  89617  92275  98672 117711   6426  40438 108886 109447   8189 100530  68279  84869 116602  39362  11111  81945  35078  92194  21082  92225  74189  79338  31536  39536  37350  94602  40913  91350 115469 119304  22055  15337 101805  82178  11530  42249  90834 120512  81602  98842  77062  16173   6776 109177 120472  78147  17322  87092  26501 103871  16908   6386 118021 119460  38763    342   9720  83275 110006  31643  95926  35187  46862 116623  29270  40780 103013  77646  87923 100652  81870  63934  77875 121953  90110  20890  71191
  96770  92493 120668  53598  93299  85893 115511  45592  51317  14778   2888   4269  96549  24719 108956   3197  21749  59997  41862   6575  81181  78689  88754   4416  17501  65611  34835  90906  30150  67810  66819  63377  43589  93878 115123  13515  60751  32782  34803  53178  68852  68377  32776  16224   4777  74044   2871  17823  54981  98650  81216  80248 102977  75645 117674  24673  46030   2998  14274  84136  94551  67815  88967  27038 116380  81567  90178  40850  19629  23682  29741  38753   6321  33678  36363  97214 115124 103835 121718   6443  21864   4946 105437   4398 105903   3114  46579   1055 101380 100637  44686 103143 105425  67903  41570  81502  77553  31144  33443 105038  87497   5143  95416   6338  68792  33914 112473   2073 114301  64248  57481  15529  36765  28833   7758  37833  37654 118299  76574  25932  46818  41243 111981  64043 120964    416  75444  98244  20353 121380  43905 110121  17546  51662  27029 112689  96811  22821  45682 108442  39617  56883  80056   9537  52385  97447  35353  22954 109731  43921  95643  23406  26873    170   6110  45751  40485  98041  80161  41210  81601 102452 116042  87785 105739 120005  93829 100703  48940  57885  24362  60409  78480 100936  79570 117185  10631  95061  19133  51296 115412  56657  25520  33586 105407 103562  15025   5997  32297  24557  42694   3010 117633 108862  72674  72191  96163  10821  75639  68833  96085  41262  95916  71897 115750  28431 119980  21569  37771  91228  66190  58333  67010  21077  94424  26030  59760  55625  96064 110843  90840  55214  89627     12  15252  97951 120259 116071  85910  43528  25272  57297  10914 103756  92182  46388  13425 106513 115320 108881   7278  11738  12471  56888  95491  73598  46993  86145  90315 114995  15198  30423   7977  81729  51902 114388  43015 118252  33245  68310  90159  80170  80854  45693  59628  97885  19297  56628  39422  75467  99985  67291  83104  15724 102633   6867   2303  89614  33724 104691  57034  21247  39855  95338  53282  78814  83810 122489  41901  13223   5239  81541  11294  31762  99039 113957   8484  44509  77349   8287  74238  97579  71261  26019  22776  68285  34751  72177 106221  15080  51664  21677 118621  31558  24110  79965 107570  56734 101466  89653  55390  54164  56859  18136  90553   2627  46123 110363  56036  78703 106786  56505  68040  33236 112586  38911 106711  11033  86714  92900  77232 105834  47207 101641  66011  81474  83783  58542  56353  47090
  32350  83631  69109 103421  95469  42365  77288  93382  53596  30997  88792  34264 107099     50  70979  58140  22864  82982  80884   7517  80781  21881  38037 111189   4428  26092  93665  45918 104808  22497 112956  99414 117717  35273  18139 119374  64425  81505 113461  69087  68335  93511  23709  95743  59208  63659  73348  52425   6812  34725  93712  42388  44367  73055  74192  42711   8559  51823  50168   1247  23075  69623  27346  57923  22013 116738   7204   4916 120974  12029  86306  26808  18349   5532 110816 102974  50246  21112 112742  96110  22120 109221  80560  47076  48741  75001 114594  92690  86886 116332  33296  17714  69310  27537  30381 101116  80350   9197   2383 102289  39129  81197    848 117278 100709  71867  71285 116841  69530  49220 102038  56812  81678 114249  59536  20682  42740  29719  94599 121295  88601  96082  51811  82260  73891  56718   8508   5869 120211  92248 112513  51495 106732  24414  33888  10159  21488 112295  26447  66140  61767  47452  87421  43436  51697  74117 104473  14172  69630  46222    192  76384 113251   8439 116895  57484  51703  83876  60962  75469  11550  99920   2610  26691  48395  59647 104391  50776  63856  67572 100160  45910  75476  74143  86433  81401 114915 120950  31331  18228  65872  19471  98848  42707 115267  63606  77718 118997   1264 108460  19195  73182  88370  65409 106273 111690  86778 112251  51083  51607  80159  23923 110720  92570   5230  48004  95766  81670  66300  37362  93927 118075   1065  17891  36313  36079  66339  65275  21060 117077  27108  98644  40538  49271  46355  80050  14764 122352  20346   9142 121610 117430   9763  44533  24629 106738  63069  66040  96937  42285   6540  98700  72383  50053  72378  76536  57623  36992  50935   6015  36776  48747   1489  61210  11617  98628  88068  96756 100101   1996  72116  90525  86805  20124  61803 113944  12919  44089  27739  11784  83428  71271   8569  79009  36831  17961  36282 102479   1839  23025 103314  57310  81058  25341  41938 102036  54716  92342  27127  61344 100329 110490  29253  77101    437  74549  77533  18305  17592  72750  14251  81684  88329  75764  44762  16587  18655 108851  57226  79375  89862  49874 118876 108261  35307  61808  36517  40147  60639 118645  46392  95915  83657  99254  11172  10423  68039  13054 119273  89953  44026  90934  90250  79091   2694  99005   8835  38141 102365  97765   1998  90422  27109  34584  82702   7744  11075  98970  27495  22939
 118406  10462 116465  80926  75945 102548  97059 113975  64065  49838  96286   4558  50859  78000   1482  89213  31166  51647 108221  96410  98663  51573  41600  12001  17923 115069  68050  69750  34973  25503   5906 103937  67294 116735  68585  89951 113490  97166  25644  54188 106968  95275   4145  20053 108496  74839  17921 108339  30257  30198   5774  52382 110129  57797  66864  22215  55809  46051  39270  98219  44329  96438  87721  95243 104721  46548 108177  11586 100555  69316   4751  10572  79717 116229 122015  22069    150  30655 114069  58519  74661  65237  60389  99704  18265  98621  75787  41220  95564  50717  29167  85443 108903  92114  37385  12642  18646  51500 120909  11938  33292   5678 118757  19666  77607  56395  42417  45290  34269 103981  51051   4841  91444  73668  70819   9082  77166  20470  37095  84347  47330  41458   5410  53628  80090  21503  43830 113931  25540  77974  64283  84109 117817  82832  41756  84451  77666  84921  10438  92207  11569  80219  80947  57468  11413   3307 121415  23069  63497  33971  28620  34771  20343  74958  75716  98817  50498  69895  32534  83544 120274  17052  56367  62698  47683  48290  92547  69243  63269  73730  99809  44598 116235  56248  21932 119912  52686   5351  39147  18822  30237 118173    522  65149  32137  58032 122452 121639  67671  32108  40879  18113 113123  59497  72900 110056   2870  28082  79706  66566  60932   3992 115271  18917  73571 117010  49265  12288  53493 110524 101581  40307  36276  65967  19120    905  63977  16298  10376  26734  60144  58787 120178  41935 104624  15210  67341  65434  67157  15038  28679 101214 119610   7604     57  27765   6974 100049  26688 109089 118132  32394  15940  96738  11302  21811 120270  46474  64499  42135  12351 109965  87019  85051 118017  79167  54111  32787 113354 107900  45078 119803  49612 119112  51655  14979  66561 102343  81404 107600  54308  80285 107347  42024  26484  52620  77299    929  45901  64958  86297  96377  33071  39051  87356  60829  31895  29518  69437 122080  82888  98203  89053  32768  61078  63997  75329 113495 120825  69921  57328 112136  63696 109767  86064  63072  46417  77448   7223  61704 115917  50233  64970 105430  46848  94499  14034  75064  26700  31284  40464   2668  14203  69901  79252  55144  31733 114874  44261  50572   8185  77613  33658  71504  74205  97902  40157  73968  59363  74722  77645  12361 102704   3001  88232  57052  26226  47981  18787  26325
  84822  75263 111613  57936 103244 116401 106564  61548  10412  15666  81182  76714  97861  31412  39073  64624  39974   9836  25372  22906  29811  66442  81122  95224   5639  66512   8558  83007  92987 102910  26735  49945 103934  75828  90026  22068 107787  65593  90156  53323  68746  56799  97033 101061  28565  33800   9510  17061  79538  65233  20600 119352  34888  69163 108477 100726  87428  11116  15982  15185  52175  24710  34218  84712  51601  55425  70624  87966  30505 103303  62537  36383  23972  20739  50910 101965  47639  84200  30966 117437  81439  62334    694  83277  77043  39220  51247   1702  95569 101735  61195  24288  64352   8805  29274   4119 119697 101399  43821  66297  85609  39352  57960  64408  48564  27694  50422  10835  59794 104598 105234  37978  67212  42139   3542  69154 106099  83697 106098  91724  76009  42895   4294 107885  50904  39163  42337  46260   5284  17974 109704  11359  67124 107562  31566  79405 115397  94815  31770  86468  19709  50843  60300  59931  48170  20032  36889  14316  88977 117590  55251 103342  16497 106397  72218  30428   1350  83910 114425  82377  20637 112785 101302  77797  69669  37633 116696  93083  25059  99527 118310  61551  98079  51627  25634 115627 117481  86641  69345   9289 107978  82126  50794  64179  86680  10709   8924  26415 100943 121339   4764  50377  54073  55187  18525 106726  28900   7354  72304    697  21206  41603 119651 110013  18620  35183 110082  15915  61904  22768  30159 100481  29462  40783  16144  89201 103144  53195  49970  45371  30847  59751 103704  96768  89798 108788  14825 111619  89236  11120  54960  65353  60222  62979  70338  29194  37382  49520  71334   6344   8207 120601  28168  83119 115852  24085 118755  93663 120187  82901 109687  43938 106539 121491  64141 113401  44545 114726  77014  80140  90687  69317  22783  12031  66692  98547  15160   4636  13780  55137  69248  78159  97329  10530  71172  43252  37485 112587  57733  91196 122161  36635 115620  28249 117766  22928  91260  96479  65083    779  13052  50916   2489 117269   7646 120223   9938  27188  55550  37115  29690   7315  78222  22266  89325  19356 119507  14768  71748  47116  67586  23006  29383 117529 118724 102840 106304  74203  45732 104081  48882 107902  87277  74888 109924  63619  97500  25803  78100  77971  79667  77705  45171  61637   8606  45310  71412  73760   4370   9263  28104  35148   2418  14894  24799  77654  95344  21219 113544  61386
  30015  79950  85719 119520  25431  54175  64893  69264  78274  98443  59332 120717  32657  32199  10120  61443  77632  74940  24386 116431  93564   9027  79374  50147   7905  53352  24584 121931 108049  80745  99117  56649  22604  59591   7033  57276  68604  37166  60879  63604  41668 103517 122494  32865   8259 101304 106854 111143 104350 118539  58476 109437   2043  55177  54075  94268 113033  46365 115389    880   9180  84434  61694  69261  58539  17432   9206  16978  40835  67870  96693  64615  67494  91657 117404  83424  91983  27629  71465  69532  22273 106831  74011  82629  56858  92031  27515 104781   6653  99003  69495    749  18805   5479  65408  72390 108608    774  26385  77552 109533  81799 113916  86133   8692  42650  78580  92682  36391  59092  38323  23525  81130  68374  78678  53176  60269   5914 103795  61254  27559  44285    611  11574 121817  31533  61556  53492  28201   7446  61597  43128  56295  23546  36292  93986 119056 104799  37418  69964   2123 102756 114943   1396   7869  48908  60743 121612  46987  62657 115641  23435  90706 121050  59576  28632  46966 119295  61731  18717  62916  91897  14414  27804  51178  30939  27349  39942   2127  54252  44757  34945  18014  13849   6239   3279  28734  22351  60591  69909  89539  94975  75702  60944  35867  55344  61426  40276  67000  81598  17757 107625  92666 105176  97890   8781 107232  78589  47506  47835  60351  14396 119482  68503  70063  56545  67553  54251  67781  99748  11248  10694  31283  51012   8830 102821  72130  18708  72103  43027 122436  30447 110198  96505  64869  44994  71680   3593  21586  23371   2808  84173  24916  69188  54458  13720 107860  78856  78523  62801 109448   5740  35621 113115  84350  77269  45362  93352  36249  93545  68432  99619  66684  65387  46612  38651  88655  76458  79676   5655 121244  26427 104249  37150  87479  85242 104270    939 105643 111817  52102 112427   9554 118809  63321  19036  81516  56840  80526 101941   7565   6315  40705  45645 110174 107100  58350   9563  58319  98824  46677  12536 109270  77078  33462  25442  66400 119390  40392  33357  63913 104034  65333 119173 118388 104696  32166 105571  91324  30463   5893  13873 113756  76587 118880  71475  52651  90981   2739  11441   7649  14069  39823  83294  79356  76202  75023  47675  81892  47372  75220  28599 109957   2384 110449  73334 102101  23162 102425  54187  63451 103717  54578  73604  80165   7501  38479  44212 107195  87325
  86276  18029  77312  27883  17088  82246  45168  57946  20860  74055  71461  65424  63047  25708  56772  19875  17327  50926  87943 117871 106217  44812  51961   9147  54144  15078  18167  65588  35602 106853  24784 121035  88906  54564 104193 101930  35976 110302  11325 104697  54977  62921  49529  43442  23348  90492  20504  21022  68496  10707   6281  98555  58878  54278   5250  92924  57637  60801  62716  62850  47219 113241  11179 105441 115692  91342  85831  71204  23403  96942  19087  32286  14314   7973  33252  92823  94598 119870  60359 106387 107578  70815  88030 104069  36024  42914  47203  36778  29999   4407  30970  19497  24820  52210   7310  40229  43825 105802  29328  25617  99558  66762 112155  48208  14776  74210  64436  66428  42157  63657  48652  13156  51851  40088  20339  75965  59973  65629  94503  30748  56397  41671  75605 114751  18745  95505  52899  64112  56680  57735  66761 113106  14482  89784  60568  55065  84325  29341  93471  60559  94156 107379 100009 101459  81722  19251  54772  38380  48961  29314 105362  92018  47760  72850 121396 105162 113282  12498    913  68898  30497  55896  77988  60761  71239  59736  61604   2679  96231  64980 103357  67313  29915  46479  21818 117536  30698  48385  44118  62443  11736  97160  54896  18215  16278  14472  79103  14767  58303 103223 120055  25054 105730  57540  65367  71078  74910  57542 101916   2829  77504  32014  48245  12653  95537  52635   7288  54574  14628  95985  57785  46411  35637  95300 104586  89911  76120  33599 118263  60465  46274  19852  38115  35721   8172  87113 106498  58310  71009  85014  54347  58717  84503 118759  11280  68729  44082   5189  24578  31469 120232  96872  66200  25871 120639 100639  81215  45989  60859  74407  71119   4533  43525  56762  46894  73965  50046  31430  16511  53159  39928  62771  36359  81128  55255 117501 101865  56360  69379  63282  34812  37644   4833  90052  12573  90821  91933  66421  24903  16614 111364  60240  77187  63435 119819  51589  48299  78144 105580  53502  89632  66253 105974 102780 102199   8188 113024 110380  98221  48459  66228  58881 120609  25523   5291  85859  77077 112144  82583  17533  17741 109283  87332   9379  93780  87350  50936  66816  52411  48533   3597  75827  62445  53888  85479 120334 108568  52199  66194  29633  89964  63989 121333  77764  82713  87418 102020  24390  74110 116174 104333  52981  24667 102164  43557  72239    336  41129 114537  13787
  16219  61971  48509 112661  27136  62704  91915  87851  72316  80930  19954 116551   5490  41134 100770 103364  28540  39059  10112 110969 117018 109124   7472  14691  66513    698  27104 101413  96764  52333 105438  32727  88044 104874  47512  25584 111188  90495 104278  25471  10213  76101  18096   1802  62689  99060  50930  55229  39308 115376 111707  63737  55410  80333 104636  23757  21445  67002  12129  76115  73734  57801  21402 118117  38891  20453  24162  24848  44888  37457  79652 101911  76235  84935  80206  49409  75044  79864  65870  53802  88755  45390   2583 112108  39112  85100 110100  28949  66456 112196  81988  41676  85359  80066  60530  64541  50169 102192  58271  93869  66342 114354 103044  13974  86784  26268 112134 112791   5995  80138  78155  22153 101806  13307  88229  91207  70666  54864  40640  81365  86114  90237   2217  87745  94920  60102  25410  24946  62430  49509  60047  16853 118144  54232  69319  34321 102521   4134  21715  39149 114871  46780  29033  27023  85741  30327  60638  35681  56245  93700 119589  54943  56110  98981   7742  94867  15278  44258  38906  50716  16719  42725  31091  64381  90608  29306  84112  53645 114080  67219  60400   8028  99645  53948  30136  75790 108468  38387  93963  83537  89184  63765  53155 105848  29797  24583  24840  70614  65119   3998  77057  18054  32763  10212 119049  51385  42751  91331  16490  33288  78249  19012   6624   9360  80459   6873  99067  64903 112479 112605  94293  60603  68481  16286  61068  16424  37592  39900  10885  20205  83566 119689 113158  92293  82942  35288  95571  14574  66541  80562 107955  21910  42336  74999  30514  78667  28173  32840  30064  65563 116912  99970  42463  26907  57239 117793  31232  34826  76387  29231  27959  74805  14801  31896  88355  76956  66215  49035  32556  99021  71500  46041  19473  27742  25038  70456  43075  64921  54325  18373  71065 119948  44556  85358 107757  16315  33512  52162 117854 105296  53479 105227 114860  19290  29100  92700  95155  65783  40228  78310  37675  49538  93970  42758  25654  69059 109371  87803 115107  20120  88419 103041  89734  40622  73589 115504 119152 103773  26578   5880   3756  62338 109738   5672  92484  21752  20358  33280  72410  61661  26972  81156  13230   7244  73578  46298  96672  56224  60553 113143  14884   2916  14084  47810  10859 107338  23009 119251  47869 121297  37129  94110  90292  91047 110712 111051  44484  48723  91856 107814
  67175  49850   6310  53495   2178  79907  93291  88157  27507  89771 112936  81036  88045  83890  87339  56995  27947 105698  39296 111197  74366  32780  21981  16899  96666  16631 118122  46208    870  14958  36661  53480  87852  80772  52183   1632  83524  69863  10891 100590  35527  79705  25281 108747  31698 113835  84995  84894 104600  26454  86516  35982  59451  90015  85478  85271  78007 110097  19419  72858   9410 100286  98445  29368  22875  84492  22494  63196  19610  47686  92439  44170  87862  29173  73520   9039   9402  83652 100030  66450  81712  13875  55561  34154  67990  52091 111868  10401  51964 103454 103095  89635  17839  22006 111375  84178  53124  24437  69635   9108 121461  21727  46539  53935 108924 102300 108669  42738 105574  46797 118367  99195  46449  55316  99501 121372  40686  18180  43112  69041  82779 116749  69559  73855  23848  35117 113733  99181 117582  37451 102673    892   7180 104168 100633  66014  75416  30896   8945   9939  65801  16062 119915  25622  92699  99184  13977  46370  55827  35334  68214  78493  54173  11113 112818  53809  14662 106558 115703  75032 118079 113995  42988  52719  41855   9758  99303  41613  26001  19624   7438 101179  22537  96856 113217   6761  49819  80259  58573  28818  83403  41680  20810  83875  98491  16310  42271 115624  35279 100749  88550 119856   9810  44731   9943 104263  42153  43478  53354   5137 114349  15191  62005  46042  47877  19485  74900  59932  27068  22831 120357  18396 112721  68337  14263 122345  95053  69621  60539  96392  23853  87046  48337 105078  93315  66564  61080  52867 106696  99982   5735   1089  43710   8060  42019 111304  17463  46533  41566  47964  69220  29044 113375 116173  59604  84809 115939 119768  63712   5901  82309 118226  18026  84785  54218   1979  59769  76549  21822 105651   9921  88114  29441  68286  34379  81725  38017 108995  91006  94065  81888  31010  14744  81512  28064    557  89530  17447  75300   5204  75519  42048  59965  66661  94233  55312  23663  16246  68244  40625  12334  42549  81308  57916  91254  84722  94583 109188  33195  54298  51864  67898  74909  24050  83578  36560  91025  82678  45183  81047  98160  75000  40248   1833  88148  35086    834  65934 100663  94866  63164  54116  24026  41091  11663  39072  11049  39774 120009  85780  61934  79639  11066 104886  91951  96534  51739   2203  24966  80130 115273  85530  84217  86296  55699  53442   6074  27261  90588  99129
 121107  51751  92999  29224 109586  77406  10083  63195  77253 109235   6364 112641 102430  96398  74691  87949  16767  86636  78236  53689  38461  74721   7832  12911   4301  11996  87433 112281  10005  84338  13155   3236  80817  39058  52722  43798  59347 109128 116297  66870  92123  46578  94301  67510 106336  61943  58693  36917 120895 121116  10752   4905  74534  11997 100771   1560  33488  95939  95026  58405  58080  77025   7471 108415  56594 105549  66583 102260  15766 108937  69510 107531  58769  71036  47294 118728  44608  14602  34583 104726  55337 103962  83349 106672  47946 120513  71974  36931  62320  83020  25432  38645  90316   9976  66164  64716  58931  97973  36989  45840   2400   1322  63366  66482   1969  83297   2855 102477   8616  38124  11677  79754 109292  81336  72676 117598  50889  44632  99641 111466  98641  55076   2750  59005  57312  78938  90046  48171  39813  70522  67074  60555  75924  11078  90683 102777   6158 117931  47067  77167  79823  63433  29159  18498  96458 115133  26158  26729  52490  85629 105659  94109 121143  20440  67131 106549  82753  76565  62033 101942  32287 101357  70743  32066 106934 116292 105552   6814  85197  31716  33111  78792  50052  86503  74102   9187 113286  37295    593  48246  73695 107494  90005 109747   7374 117351 100062  22956  28439  37562  30598  60749  25154  71283  89180  22024 100397  93323  94719  53523 114546  25842  79798  35810   7176  54036  49744  87535  41014  77155  77819  69692  87491 116237  60953  72167  76013  17562  34982  23774  73278  14419  42038  24834  73876 117770  90804   8904  28029  33860   1400  80920  60525  87610 104095  88430  90319  67955  79724  70242  28844   5183  23393  27303 109498 106135  46619  44171  91216  11671  65681 118665  53527  20904  76705  57281  84882  33732 100929 110067  14895  37379 122407  78818  45341  85940  96893   1557  19184   2934 114609  51514  27076  44742  16300  15453  50659  85834  52952 105555  23933  37341  33352  20952  95198  91072 113226  75301  76806   4514  24924  79820  59613  16271 118581  63335  40501  64042  71902  27204  53205  11329  94421  20892  58105  64709  53989   9715   1581  95809  81451  97884 103946  48063  27138  27683   3125  61645  40471 117427  32958 110289  51750  14789  35081 120880   9576  62079  65094 110632  10323   3442 121359  14025 120291 120464  94726  14114  27657  67252   8145  59902  54518  20170  30451  40245  49821  48830  84739  29411
 112062  17340  26853  17310 121541  48536   8160  96919   4173  16758  99028  98695 121137 113562  14795  45023 100367  51893  48798  24482  28717  72689  42101  23776 113283 116670 111601  75246  30906  47818  27090  73905 107812   7270  72847  71697 110742   6597  14588   3482    995  27816   1843  81378  74086  27624 114801   6256  14935  10900  49668 108100  87359 112606 110535 118223  55922  52471  34368  30888  32494  72448  79277  67290  84726  50941  69730   9550 103538  96374  50932  27791  76781   1282 106292  40119  38306   4044    630 106280  64652  28043  74647  19805  48590  81613  41754  54852  13427  29598 101368  27334   4750 115429  75128  40682  57737  31679  97757  12945 111003 101421  89870  84114  85506  67463  36187 109788  40490  47928  67270 119002  34062   8425 110714  31523   6423 117521  24380  28365  45581  84121  90053  92083  92314  95328  56784  74042  47379 105195  52525  77081 113510 104955 115773  36640  62937  31004  38205  64233  93520  90890  79915 119300  20908  71434 110250  43409 117126   4109   5602  27675   2481  47318  22040 108967  88916  68932  63844  69650  75963  99640 100283  26805  91705  74253  51948  84038  69110  46772  22246  31435  17621  72154  28904  87384  90283  34443  11832  55600  48113   3389  70067  36549   5707  33330  31245  36278 102528  16561  86442  14835 100271  77963  17181   2419  60263  56546  21469  76125  72046  77226  94263  71499  22925 116556  47879  46279  81150   3005 119862 121778  18385 111689 101245  76063  38335 101920 114343  89541 116026  54419  20384  46957  22742  10637  37804  28556  72331  64199 100310  45266  74064   4880  61713  22158  67699  55397  17751  59152  73857   1849 105203  56144  93251  26751  15228  38106  36694  67012  96149  74030  16442  47210  13903  99890  43452  96614  75865  10150 120715  23572   8121  62467  96883  54422  77729  98936  66648 102537  77947  16571 117738 114855 122139  87904  97576  26157 114346 121887  70688  52779  37874  93959  72522   1373  25747  67501 108795  29367  30233   4406  95607  81759  31279  86553  68613 100413 113791  50133  72135  46432 121683  74065  84765  22720  17259  51103  75058   5752  53902  10223 109906   6728 102416 110376  81538  41293  86978  75785  88519  73648  73321  30131 104164 118763   8057  17196  21591  66700  57874  44567   8196  18358 106177  94887  63468 108893  30359  85482  97729  56532  88625  92229  95056  69441  44287  82731  97241  79718
  35768  10873  65936  54921  64393 100131 111124  98973  69829  58211  52428  68056  33474  36730  28593  49031  89003  10836 116663 100750  22951  94950  45232  80757  36680 106999  88652  14889  98978  57845  51160  93026  76871  44527  53192  34012  94848  13516  88734  59320  14672  98645  49208 111887  29078 107935  14557  77966  11215  44779  80004   8643   3180  51196  65657 120527  89336  63318  35142 111882  79699  68193  42873 110252  79835  47348  73094   6969 102177  89517  93406  96925  69712  50026  35059  94447  61387 118405  60130  46430  59907  42481 100961  47110  91562  88766  12600  54097 110758   9242 101433  52945  32936  37278  27149  71404   6165   3353  26003  25744  90883  80191  89019  99851  48586  72840  20772 111980  19295  42838  30025  16284  42662  99526  64589  66749  43756   1127  63185  39902  43937  32670 102435 110503   2441 114936  69792  70320 118347  94475  98064  99163  90931  72547 114387 110665  25655  62175  61181  22718  51264  76447  44821  40141  14058  53357  71780  24402 114485  77711  63722  34110  91136  38597  68047 104587  76786  15983  82288 117798  82956  64967  17516  99708 105033  41470  11798  18144  21401  65839  79219  10089  23894  27451   5228  66958  48661 104002  96104 121032  74423  41960  79244   7091  58144  68199  78604  40493  87178  53834  45561  42853  34153  83327   9211  14226  51938  70164  65348  59484  15487 106545  71903  32887 117940  14614 107268  81742  29637  66310  34900  25652  15133 116842   4496 115563  98648  13187 105787  27382  10087 112181  60975 115758 120204  92491  91361  24455  12036  66157  47820  56278  91385  50925   3040  40846  94330  82247 113824 119789  27214  75628  16695  90284  50282 111975  69326  65452  24251  40685  41377  98308  42160  61250  44597   7478   3618 105312 110637   4727  84970  97128 103677  67429  55246  58113  64064  87902  45126  61759 103069  46809  20330  11509  55872  60370  52325 105251  21211  82756  62388  56750 109703  29336  98941  68916  50631 106710  81880 121422  42574  21007 115276  72744  50101  69075  32955  25831  96386  53061  37352  64278  24585 105906 118592  88876  56867  66610  17440  90170  58737  57085   7780  37957  44905 122081 104779  35240  32384 111500  83720   3940  17746  97860 100743    293  22062  44483  31805  72959 112503  50384  24545   7195 103051  30058 109314  65484  75014  19121  22023 102466  95166  23944  82976   6754  24748  40403  57980  46546
  77753  49562  59840  61729  82691  87877   7105   6499  26053   4155  47124 105337  94870  26400  30790   6524 101127  89819  39771 104084  61122  49673 113709 116498  69084  74225 105073  71905  81164   3355  10037  58099  29604  63647  74172  54121   7993  87057  92594   9224  25098  68266  87218 114491  32021  82644  30279  85366   1555  98420  16859  28622 115188   8451  44562  25847    654  40858  69240  73141  42805   8159  11135  18483  79040  59586  73325  57131  83998  40632  53574  12087  59960  62543  67461 111458  44860   4138  84147  99838  77272  19358   6696 101050  55483  39425  74560 102191  71143  62290 101478  21522  45017 116535  78469  76001  50956  77581  13688  15704  14412  93767  85040  54677  52578  48774  39052  22522  86007 112561  85640   9457  62251  44407   2717 112277  26986  88831 109843 109199 119885   7424 115102  49346  49785 105153  75687  97046  44879   3298 105258 121362  49297  55744  40011 118208  69653  44634   1592  77305  82257  20966  80874 104943  23431  80282 110997  82282  37829  20820 109307  12326 101500  77559  54186  20525   3003  21327  53040  40558  88429  10419 105382 105990  44081  55834  21278  64328  22664  71373 105386  42488  84595  89362 110517  91798  44160  28815  20093  78055  25897  50643  76663  72346    181   7473 103607  48488  64304   6343 100203   8405  20360  33816 110360  93779 119207 113043  49781  76146  90595  29106  41951  82655   3084  82635 101462  97326  47403  21218  52237  79575  72651  92521  81990  99259  28067  54330  13266  91121  10586  70464 101937  37664 119024  42847 104468 101362  55205  59649  97617 101347  24184  32399  36977  44011  77983  35386  35328  73837  76360  17413  82111 104019 107374  68842  68853 117894  15049  26002  36308  94574 109624   1155   7791  85349  54425  39159 104500  82900 103312  16138 115667  62899  24038   5467 116594  94313  69878  91065  82550 108116 120544   2197  71409 113348  87676  87042  65454  56683  69416 116695  43058   6173 115598   5484  38362  48093  31343  94212  21777  28826   4642  66189  10864  15395  58880  41203  29902  91540 106557  49126  54901  65134  31592 117680  60029  62462  73352 106628  72293  37857  43510  67961 112066  66924  77692  96162 104267  41413   2943  48644  35335  80893  18010  49438  27124 110369  30730 109666  70660  89976  61141   8598  68083  99197  64372 100020  51706   7782  35180  82998 109987  17049  77097 100371  98355 103090  60174  27814
  18823  57375 101887 101348  28639  32244  73442 109268   7519 106230  35813   7523  58014  12443  83848  35804  47773  87137  73785 116541 112968 106358  95341  61007  64801  20655  31391  90087   1873  29170  25208  46128 111809  27445  58973  53725  82791  33953   7048  61506  36851 103345  84996 114206  34712 111893  57691  66894  24156  37962  29216  14845  73915 121062 121381  27712  39165  43656 118279   3459  74765  75060  73745  22996  45663  73272  29424  54762    410 115497 110296  75552  33369  46445  26755  73310  16818  31871 107193  92334 120136 102458 113702  57557  20249  82563  12795  46974  43358  99342  21921  95829  88578  56468  68476 105055  70791  77329 108555 116254  62821  98558  33449 103110  31060 111320  76607  88122  64467  80768 109336  42755  41893  75443 103461  58094  97750 102024  72821  73847  24587  62729  72936  18488  34549  33055  23023  20703  23980  47656  71627 120457  20158   7610  65361 117215  54966  66369  16148  18886  67907   9774   4940 102505 104437  32436  94705 112420  44107 113243 120541  93023  37800  80246  27518  69382  44305  28861  80411  57465 100581  33907  36572  28724  65569    906  84656  90138  12990 112037  11859  81893  93110 119286  91277  64829  98230  37474  87920 118959  92492 105810  46722 111730 114307  52424   1196  62831  11592  73499  41181  13605 100002  64455  90341  19768   9009  78046  86269  20377  15401  66640  99178  67669 117316   2375   3927 111916   7214  38376   8277  96676  97879  69337 114271  58894  93602 122228  75642  39696 107136 100531  20076  17778  68911  44372  42309  35707  37118  71295 104692  17708  16691  98746  87691   2116  82748  69058  91091  14309 108778  54733    116  36508  88757  99955 110169 100858  35490  91159  92116  67040 119195  47423  73301 120901  82481  56865  80700  31047  48075  16729  48919  94046 114324  37111 100013  93979  74476  58631  70134  51985  11461  39346  67387   8730  31546 102395  68722 112929 115115  21529  64737  97612  18640  21858  58290  40105   4396  20877  64506 102569  26006 104015  20462  38056  72647  31741  98906  20465   4948  58827  82029  77708  89160 106483  33413  78745  41780  13245 113530  80736   6668 108828 105667  26606  30284 106664  87127    965  57287  20139   1368  44286  45433  65128  58375  41430  21054  31403  81557  65159 107214  43697  25412  21306  26248  12431  19626  36416  40824  11741  76346  70652  18849 121794  85321  53837   2320  38126
  84752  58751  58085  79433  16054  61474 105967  59485  93821  38103   8563  83597  19799  93632  97790  72814 110225 103140  76233  92937  43893  80565 100741 117179  49595  50425  18117  43642  99559  56380 120878  37793  88275  31903 103172  87702  68507  47166  48116  15067  65935  65437  36176  57388 109863  32189  36745  91007  63082  28288  40832  80467   1681  76632 121047  46299  20383  42858  18490 101977   4429 101394  48903  20196  97646   9790    753  93903   4579  74148 108210  18843  50999  49155  59804  86263 106939  52588  80643 105240  77230  64858 106372   2564  12046  28581  51250  33755  97938  11897  30806  57028  63201  83565  55321  16727  91490  93358  48513  25576  28842  37123  44198  50697  13678  74131  51934  44267  58711  32193 119920  59140 115762 107097  37242  15374  67345   4251  76065  21198  49363  53215  69212  82479  76810  10133  85695 105988  74499 119593 121592  31448  10687  92623  55944  33019 121643  36879  61380 107151  85121  17534 110341  35092  30622  64672  71028  92359  62060  87021  62525   8624  75872  61146  50106  58525  97051  87396 114763  53211  15204   2737  69055  47549  70108 105835  54629   4254  30431  20347  98302 107689    343  87911  91968  14439 104877   5191  44593 121520  31153 112231  20002  54059  64338  76555  45604  62470  84648  88783 104601  89036  34415  56988  18315  60926   9773  56019  30453   2237   4073 102524 109127  69056  38602  47689  21684  85590  31348  18419  95856  16051  38468 102273 111984 104150  74574  26281  40192  57122  20546 113691  51486  37799 105878  71328  38828  78150  30491  83142  59385 106928  47446  93622  59892  16527  11090  20455 111985  62825 120430  12942  82346   8754  29263 113323  21590   4556  90739  13226 115483  22356  31995  40016  50390  14086  74690  80078  29925   3222  15829 104832 114427  79631 109999   7477 111402 118289  90936  51642   5820  25613   7074 103817 108222 104926  57421 110886  99491 114518  94388 101762 106165 106207  84845  29907 116857  62568  42293  16585  26351  31422   8861  35714  89612  10356 104847  42546  93899  75988  72275  73740  14333 100931  32219  34425  63528  26071  42877  44914  93806 108376  43955  56496  62432 117162  50684  75653  60808  74849  98175 106444  36185  60862  58679  69652 122276  30602  69123  25898  71525  30263  64149  98424  54431  66729  47892  84193  66804  48124  20119  85386 104161  30784  45328 116677  61964  63018  63777  17320
  38289  62030  92670  76787 118009  75863  69295  47937 114904  92427 112028 111624  49096  43713  74931  17547 104462  49578   4680  54128  25639  50192  41509 122493  74047  55831  72160   9959 111532  32741  69857  28268  65760 115431  94535  69920  45363  85403  79457 108202  89302  75560 108921  22744  62364 120222  29060  55452  10630  53304   4078  39022  72505  74393  51474 107425  34220  31525  89743  25305  16296  66005  19418  99411  16721  14738  19885  58034  47539 111957  65638  49569  57183   9498 105484  88219  22115  87802   5211   4238  95361  82231  45723  63540  99111  61028  88002  70149  15756  24447  87867   3609   2973  24776  58756  84226  41687  50335  40747 118149   9254  78012  31069  29276  57650  36139  29281  10662   6713 113663  67355  59130  82461 112976  53201  84563  53635  10117  38546  25943  89779  17036  26095  31451  53374  83356  78959  65444 109037  50314  33863  19440  54023 107643  17610  99669  18442  51066  85350  49436 107608   9006   6582  67135  82923   6326 118863  91046 118672  55271 114172  50310  55771  47907 114037  43920   5644  17470  59307  93846  50553  93555  28660  69549  97437   3051  45643 109497  92335  65317  94982  57232  61515  55437  40976 112759  17152  26683  34276   4941  68333   7057   5435  42720  72906  18973  49566   2692 112575  21557 109652 116718 115255  80815  49412  61585  70132 103647  83058  22285  93598  64150  42033  79620  31898 114141  16060  10648  34279  86067   7939  58235  96864  44721  29831  41188  11545  88863  54777 105582 117151  25402  62701   1980 109312 118147  73207  43153  24061  78214  66526  17464  85267  88840  67605  84358 107451 100237 116897  44074  96651  73692  88809  34688  88887  88408  32762 110249     62   1953  73366  81021  33948  87673  33014  25314  43835   3640  83096  95713 104873  47588  78839  66540  18088  98042  34292  81743  43443  34875 107398  18903  70232  35722  12850  71331  37539  60922   2966  90689 112951  70559  74413  66932  63839  69875   8282   7872 101991 119742   3966 120092 110621  61521 109756 111436  88381  62997  40505  68415  21473  27058   1341  84574  57469  81004  73934  41481 101751  43102  43661 111259  26824  80971  85739  63891  88495  31243  59396  90969 122343 106376  91898  84479  76244  99341  19057  33504 120395 108857  58305  33727  78195  71669 113037 103491   1712  43430 121891  84258  20619   8824  58889  16999  23208  75795  48157  60583  86884 116233
 106924  55927  68332  75102  59213  40806   7577  71371  88132  77179   6893 105334  20532  55652  11416  85157  88053 107040  31936  55756  15348   1075 110674 109951  79497 121394  62797  88364  37198  13799  36324  27763 119483  57602  73075  67077 108579  40585 108833  27353  38655 100576   4667  12714  93494  17840  32360  34764  21033  19463 107018  88941   3909 116266  29962  27057  40256  62109 106900  75733  82044  98323  49463  41010  89281  17569  47226 106187  84761  82238 121005  71524  61849   6460 115733  82056 100055  20457  64596  48079  52853 107685  40125  55928  30596 106218  47730   8193  61977 108497  95108  38893  28933  24909  81908  77402  28255  46368 117284  74743  96389  42430 112400  67710  88473  44219  92806  27572 112870  58868  41409 120112   1024 110038  35134  92827  85362  21753  55149  63620  32065  57687  34880  45346  68163  55060 104866  50767 104540  54804   5896   3773  16428  72757 118687   4039  85253  27262 102281 122364 102905  29886  52221 111089 105130 101871 101445  91294  37137  65263  22017  36155  11412  15419  29686  51737   1406  82471  96559  60020 109621  95707  64991  15400  53239  69538  32973  92218  35305  90155  46351  62886 114846 121723  16873  54451  59131  54110  24516  51177  76395  41151  46142  38998  96451   2868  76796  28151  57546  55843  96126  54346  35352  72971  14666   1131 113293   2882 121477  75964  38397  63198  33379  37596  55372  39320  76813  37610  51901  14500   1922  68702  17684  55700  44887  85844   2463   9226  29944   5671  72174 119760  63809 121312  52134  38074  39267  27503 101130   7764 112557 118061   1337  55226  40213  64113  50738 111770  98034  26285  16962  66685  48481   2053 115676  80877  97630  57678 113272  72562   7808  31199  24206 108616  56621  33505 107150  97240 113574  51967   2896  36141  93724  14525  19870 109266  21629  20995   3722  70922  88483  41494  43384 107529   3802  57090  90814  33181  67579  45876 110187  52414  32250 116359  50906  10640  83337  21311  79120  88771  84918 114696  79031  19212  37000  23426 104010 110203 111214  32203  23993 113016   7621  96998  86686 117515  80609  44896  37401  92717  81125  16634  65646 120816  13719  34354 100174  58480  59956  23895  87638  48386 108057  17422  98078  87982  48121 111306 103353  13785 106940  62458  85837  65506  35028   6937 117255  68248  50361 112885  93008  55435  93424  13395  22379 100424  55061 121002  43564 100560
  93476  22646  85587  88924  95945   2528  35009  83139 108176 110005  80911  44535  72089  48236  16176  39575   3292  51622 112614  58279  33334  33624  84603  16328  41411  49804  26570  97300  36066  25828   3512 100635  60670  22470  69500  42086   5992   6920  19705  86222 111714  54058 116101  81545  19143  12867  69034  91328  81724  42864  20944  71640   1945  98763  22837 107894  70261  67013 119823  13742 112531  72285 112638  14996  45237 112702  46453  74831  76661  38414  84748  99331  72401  78800   8637 108554 103886  76910  71507 110993 109097  62440  35891 116052  91077 118239  66527 107612   6122  33655  50902  83607  17233  67307  64627 105633  95426  95297  99439 119003  77943   2779  77955  87453  80566  40452  30783 103789  81719   7771  11687 120053  31809  95193    645 103540  22276  10517  39580  27122  59699  44616  34446   4414  13699 112472  35532  77704  78446  34985  88080  67641  94945   5489  12393  88066  92415  16143   7202  86493  30618 115668  46075  69333  91213  74759  46471 106508  84794  20729  40356  81210  81175  19524 111702  13133  88998  46241  67426  34044  74232  85776 117973 103706  24153   8667   5309 104632   9324 111403  54915  45412  68543   3614   8310  51653  91399  52173  68817   3766 101430 104306  39398  76003   5350 100159  51723  20950 117621  17933  19562  54712  48933   6912  94018  95102  88742  50581  45471  74783  88911 100189  35918 120724  84263  50977  40724  49027  18149  44653  91201  14640   3585  82136  69869  78864  47803  91726 107610  91535  88161  61228 121344   3636  81113 100674  26711  52039  32854  34629   8476 115696 114369  76281   1417  81694  89049  46836  30040  30861  66186  46108  57757  71242  73234  88297 109405 103926  55070 112594  19522 108945  18707 118708  16931  90304  68855  24096  41959   2267 111550 100643  87431  17804  46356  29870  83788  12386  69688  67065  24052   2200  43130  91599  90482  64512  42389  17497   4564  89741  78071  92071 120473  81824 115451  44760 100876  98427 116636  85674  65021 113634  42904  11921  82869  56235  82752 105159  24970 101153  16602  22034  80978   6757  30077   3436  45623  58735  20684  40928  65562  67433  22014 121306  98339  48639 105241  86449   1077  20082 112269 120411  28938 108429  12605  95935  68808  62400  69200 109309   9513  17566  51414  69214  59471  22887 103716  44189   3305 121630  21182  29422 100661  38576  92657 102781  15161 107139   7010   4288
 118625  58576 111590  50461  48020  56412  27639  18910 119217  76753 106423 109512 105379 120265  94766  55698 117526   1234 108336  46172 105986  69811  34706  78112 121310 105113  69122  29814  44042  15578 107845  59964  29032  86842  49672  34532  93762  61343 114599  17103  70553 102086  50868  42097   4584   2766  92896  24268  20667 106899  49051    499  35083  60977  47591   9916    376  38107  63752  89499  69341  51907  15134  69459  52780  48451  79522  20996  60368  90670 100733   7150   6385  36605 117990  13110  59114  80197  23336 117541 114912  78687  90599  43497  13587  11529  80695 112470  90300  46673  22237  55105 117212 119035 107104  17843  19753 109052   3969  36905  54765  42052  91639 103700   7423 111755  46631 112737  20331   6975  90927  43466   7445  47834  53562  63615  44768  84625   8463   2333  62746  93542 110439  62390  66985 109846  29888  10033 105790  43064  29069  58556 109240  89921  15580  87699  41838  97401  15803  99074  23956  82734  43275 118907 120769  36237 102330  77255  51620  67106  86995  81918   2146  10025  87340 100909 121944  73581 102594  86397  55049  47680  28343  39760  25577 119476  64705  30299  19684  54631  20939  50137  82241  81409  56811  62603  21447  44673  22304 115378  99961   7496  54985  72952  61927  39316  24036  39874  99796 115143 119620  50677  23077 105652  22231    220 120581  97916   2148  11378  67989  19402  55704  64336  90988  77822  99398 122095  82875   4947  17487  27600  23519 102003 109931 113907  53829 109158  97171   1379  41267  66043  10044  57357  55298  99614 102128  64281  93106  71259  47204  91917 107381 109506  26665  31527  25036   2641  70125  13628  89031  37687  63776  58800  32739  19726  13526  91496 117975  39944  74408   3668  74294  20566 104472   2423  26384  92786  82213 106133  82883  31116  78892  78983  62505  47982  19157  25290  66522  17260  97083 110525  36559  27873  70590   6502 112111  63206  34250  31452 121317  10607  32726 106395  54216  72922  98619  92534 100435  87650  89671  57488  67922   6649  76823  19679  38534  75273  61109  69190 101118 110417  59942  87587  54835  29671  95780   7434  78625 100558  67466  78956  36239  77928   8036  18185  28782 100056  21957 101297 119701  75507  93237  45087  42072  56835  35654 120937  78179  39905   2713  98912  34820 101812  89981  68240  52841  11018  19217  85234  31517  71605  86353  58601 105005  19888  38132  22523  20858  47898
  94971  63119  53781  37572  91377  90440   1121  51735  53518  27902  72332 115788 104623  51602  12123  10128  42771  70871  38339  23905   3755  10624  79571  36195 116095  58224 121067  66053  76775  85622  47213  97677  75581  73322  14963  53341  24075  16884  21728 106255  71792  89193  12733     42  59786 118053  88890  54974  99531  60615 102308  25122  43667  37004  12524  93342  57364  98121   2385  31007  53233  10048  87651 122160  42639 101922  42807  93499 106287  45239  21869  68891  24650  44710  83826 111439  66156  15991  56864  71515   7695  56139  25169  94425  60654 118304  49571  85680  84375  63230  96620  94637  43806 112159  15489  39087  82653  34672 122061 102418  14478 109750  47617 106385  54909  18520 103639  27980  63567  38226  16180   1744  44956  78216  25068  91717  90167 103422 100344  50471 120165  48966 109804  11353 106760  53652  35708    258  88041  56962  14753  60034  85501  60093   4647  10828  20685 109544  43745  70549  87242 105852  80936  92461  22121   1643  21842 101517  63346  78477  76712  74181   7213  53653  36794  88982 117200  86637  96061 116277  76080  90847 119324  74889  78476  35615 111712  85884   2682  91958  38533 109070  43878  29903   4822 119929  25961  62089  57214 102650  72413  11429 122233  69768  73197  46881  15670  66670  76072  70877  91955  60194  89629  36120  65880  90236  44334  78099  14464  34458  89534   6243 108672  61960 116837  91442  49600  67834  60503   5039  64257  64265  78584  54130  90912 102167 121058  80913  33303  10174  87041  49262  32006  33243 104264  59976  44903  25537   9894  38346  97991  52027  33143  20563  11200  42661  43679  42461  47390 121816  32654 102688  31553   2192  52381  77072 100460  11504  73101  56378  10577  82258  45359  17089  53951   9307 117968  21415  31172  23942  92866  71948 110795 104488  74817  70159  98076  37567 109754  68905  52022  78191 114261  90056  35483 103652  60875 117389   4630 117929  52447 116859  58199  92822  73924  21169 121393   5784  34212  63095  31982  51943 103715 103501  69749  65100   6973  26057  43433 103681  72398   6536  50277  53634  90190  73610 114932  76832  27304  79280  64120  17435    738  32869  51428 113561  52678 108064  54792  33733  32976 115568  31441  51625  24997  35322 116075  97427  27031  78719  52083  57956   5396  78824 105635  63507  29260  36804  67059  83993  28018  97415   7528  41288  40469  23537  40071  52179  87967  72965
 106036  49917  12607 101454  45480  42548 105537 113025  89350  73263  75503  99102  72950  90016 114067 110942 109790  92825  96461   9753  20614  96503  75454  30350 107433  20204  12981  76559  63464  72629 116770  96124  34534 105468  11634  51197 107815  21013  31078  34300  31300  50091  86072 101768  22265    328  50771  75109  74696  24097  42055  32733  70214 115864  46450  17416  36924  95167  90759 108549  29331  48604 111911  51693  60349 116329  95158 120127 105064 107481  59431   6510  90406  21161  93240  40430  53847  93244  95124  60536 109295  53624 116074  55136 109228  74049   9714  42750  62618  28590  74776  48895 113603  28860  85700  52443  19774  84455  49795  75158  43067  68506  95276  65193  47489 103951 114523  52032   9548  90403  56692  95014 103645  51158   2176 102757 108432  81753  46626   5879  51591 100638  15958  78875  32428   2386  50520  27375 117418  31459  52227  71622  27575 106593 101330   2960  89781 119728  50632  67195  48863   7692   1346  56116  78693 113229  67560 121930 118524  43779 108131   1785  34520  97382  36580  47316  36948  39461 100462   1061   7549  83893  60759  82177  15269  98623  50016  31184  87856  89760 108536  83555 116249 111591   9084   1338  59776  22501  23577  29390  62535 114704  62386  15105  83958  87684  60060  25106 115938 100336 108300  22227  55867  21544  55585  34709 114162  62663  11289  60550  43395  35382  23150  15013  14848 110932  86463  11777  46234 115622 118770  81930   2239   9592  94919  24861  13032  92064 115187  30303  74891 103543  52743  26983  38575  38497 115834  45175  90818  92251   3554  84473  40104 120317 102388   4720  69230  16217  96025  37158  58416 100994  93345 107970    349  10484    671  14239  63802  53411  94534  27337  27310  22111  18432  28357  54511  45979  64324  76025 118331 115420  57431  29028  57924   6292  78320  40363  43087 108578  34978  47459  37273  46897  38860  87715  15425  38044  88360  41519  53050  75612 105587  10066  33530 102480  20290  70608  53658  10187  87979  86361 106655 100153  73542  21720  86792  35165  36072   2226  44331  89462  16233  47700  40868  84585  43582   7573  83076  36754  74083  32133  75232   6482  70856  79888 111009  57398  57520    451  83078 103449  75896  40728  47733  69440  56085  62200   9023  18751  90998  58992 106466   7362  21160  23604 116962  85435  62719  76499  85243 102628  65107  60119  55931 111397  50797  49009   4867  96863
 115373  26738   2608  26107  59412  87594 100003  16957  23890 118298  69472  82079  77069  15084  97141 115797 111810  92145  30627  74008  22254  58837  12583  72324  81633  69974  90486  82524 119523  12860 102924 115764  69645  60005  15919  12857  96310 116569 108274  43803  61792  62826  60569  78238  81268  33529  44348   4480  43206 115401  16118  59007 101360  80236  72178  61448  78253  48786  56702  41158  20216 105327  69539  48035  79397  57792  37036   8339  45658 121259  59509  14466  13199   6647  91727  97537 100125  54011  22818   9133  34505  58858 105311 101292  86288   1115 121660  56934  72678  50172  39675 120121  22947 106378  70976  57541  73627 104959 110101  45921  62393  32257  47121  26105  96390  65000 101951  33741 102445  35954  70046  85616  15404 102179   7979  91725  99155 111705 111401  63674   4521 100118  19350  62723  78934 108734  49198  84613  12690  49620  11877   1617  66502  32390  83997  28091  87065 100559  43193  60515  42316 115017 119928  61519 118515 121262  80436 122055  45744  53822  61875  31732  14909 109131  28234  78224   3301 120525 103664  17827 121410  29595  37514  83724   3273  45404  92269  50202  17123  92124  56629 103808  22517  37027 100608  27250  79756  32187  13836 111312  67231  39457 116378  46945  66836  66192   2074  42565   9917  26498   3605  25373  37615  37632 107674  35025  92368  16881  22370  68373  60457  65039 113639  39285  57168  15632  53082  81533  98705  66991  11256  92080  57143  15790  85528  59074  48343  62512 101387 112205  12723  32779  22602  32723  61396  36031  65172  88055  65914  53478 105186   2444  96059 116144 119684   5710  42982  10535 111426  22191 118387 116427  73558 105185  95669  74982 117914 116017  55053  15150  13434 120649  78708  70503   3403  18085  59442  87446  16421  99190   2403  78607  98911  12959  35332  20194  41833  98658  56609  85022  22332    292 118792  45500  35767 106727 122408  86384  30525  19186  21015   5087  40503  75051  99833  42353  76288  37067  79416  11473  34988   9875  49791 107817  49383   1674  82681  35192 110050 121647  95164  97249  74364  79569 120056 105519  81675  22695  56495  22741  12835 100813  28334   8863  79471  36356  46077  24624 114297   3414  42521 105209  63278 120212  68004  88527   1161  63827  78148   7527   9800  23221  49762  11403  89026  84349  98153  21796  93610 101102  28126   7484   8806  72749  52598  35625 116792  58039 119171  43534
  37910   9388  97940  49287 116605  66273   2536 113125  98102  71225 105272  38249  35459  32035  42482 107160  30132   8586  40604  35935  83097 116650  95977  92545  97090  79200  12012  33309  38707  63926  10308   9726  74386  11083  58355 100683  11612 110147  55301  67053  51140   6210   2299 111993  49357  34437  95642  48949  54626  45621 109849  26618  58778 106232  60886   6268  14405 118895  84724  91093   2770  13920  66220  71253  94884   4966   5991  15019  93814  43449  65326  17692  77277  18413 110135  53610  54291  71749  78527 100766  33811 118104  49931  34216  70361  88776 103224  37668  55737 100017  22710  86923 118830  16277  68679  73326  71672  70952  66366   6228   5516  61762  79058  71240  63320  78743  75530  85855 113597  38729  58435  69223  66296  57059  49098  36539    879 115210   5356   4323  52106  10400    132   5771  59511  32092  59304 103102  85886  68280 110259  98010  96282  73899  68364  53312  82817  73454 107168  86966 112815  50222   7291  68277  89212  96587 109294  52614  43624  65901 109694  93434  34736  27180  71615  24548  92968  39741  40201    506  80875  51303  27519  15334  34349  82970  23864  26781  17808  77407 100973  88750   4537  67777  67192  86704  39975  88682  67580  32300 109383  22675 108622  73522  88070  85118  19019  95892  12666  38048  71064  66701   1188 105212 119535  39278  24781  63529 103436  23259  68436  64739  73832  32086  20224  38089 106626  35685  78082 119557  92626   6928 100879 115991  68575  59674  21802   7940  60294  74387  22047  16196  18815  87940  68062  84047 100215 108038  37765  19690  48521  72104  66359 117497  63970  27820  45110  91246  26927 114190 109665  70430  71407  19658  54303  68179  35551  65472   2506 102809 109757  40484  37440   7226  97016  99239 120883   3983 120915  58443  51847  75131 102180  80888  29519  10253  66306  53580   3712 119892  65913  89480  18601 108207  30326   6878  98722 102144  36114   3575 105511 109532  49700  98433  14864  84397  42670  35414  63463  46309  80841 103464   9401  67627  91775 115478  76220   1199  43617  77985  94540  21490  94692  80688 115687 121772 100032 110766  32130   1345   5787  16191 108096  12404  94058  82966  99710  52371   5035 106739  99577   4900  54333   7099   9336  77360 116803  39525  60847 116111  88175  28030  15053 104293  18956 107933  76206  76397  98149  47279 106918  28172  85055  85343  86217 106907    815  49291  49763  48393
  62365  71803  42279  81332  97376  30325 100392 106450  48594  57543  46330  98014   7346 104009  54895  51447   8106  62807 104008   5122  93504 102472 116196  61735  24929 122097  93431  81487 101194 105447   9169  95137   5779  24678  55322 101649  65596 111052  57080  13087  53290  71015 100893  65523  42638   4212  45602  72101  87202  41432   6923  84003 115837  75566  14983  48499  21559 104090  87844  38554  71471 121594  90216 115662 109372  10183  91422  82252  10854  18798  87727 108818 119935  93327 105721  13694 111604  30644 101023  97681  97271  11266  88444 101738  31828  89354  36885  11330  55966  16855  95091  75652  40986  14676  94494  89675  10905   5364  33339  28238  46689  41331  53698  20876  37020  39524 117549  60114 112355  13806 110811 115460  74942  60046  80922  45488  69893  62628  21683  96273  59090  90498  77086  35437 122067  75153  58892  41460  94689  25155  99269 122036   8232  65028  77675  60126 112533  27987  10071  25941  17271  52145 118651  87596 112693   9311   3278   6397  28277  54743  16988  46638 118541 101311  17828   4988  16810   1326  55631  77061  66137  34828   8311  71628 107971  82091  46774  37050  19067  28956  39002  96354     85  36246  89157  13700  68138  87811 101939  30545 113291  85851  47303  11218  81103  94193   6468  77029 102459   3937   3555 115919  79800  64368 102497  25681  26844  28493  27475 107396  74651 108046  12897  90564  33211  97168  92741  21229  46662  36482  75916 120219  79271  80525 120281 107164  86248  92442 104858  30043  23770 119673  92355  26830  89931  65072  49488 105144 117896 115621  16417  59410 108289   5669  27909  43092  49682  41921  50810  16693  82810  11411 109415 102997  35378    195  83753   1210  51883  54080  56696  56102  87601  84464  33735  96302 105865  62484  51654  50365  31397 116512  83859  50481   4843  67650 122322  84402  94095 121620  14438  90746  65258  55323  25223 117704  18006  59326  20127  61282 117603  90645  11894  18402  69644   7338  88012  74308  79616 109618   7699 119398 103458  38179   3047  97339   4194  30351  10739   3450 101388 102233  48699  10823  94335  97290  47327  88359  45834  82176  70535  13790 109117  33289 119096   2975  32953  29949  28662  11890  54956  17780  31574  47122  68362  41662  71025 121181  35845  46322  51320   1290  66779  81472  82584  54752  51713  22235   1197 112498  14250  30736  84386 106618  56452  50675  44490  37716 102646  60687
  97495  30868  82812  67575   1848 110566  89847  78528  44723  21704 108715  51986  18458  12299   7895  94834 109438  99130 114729  53433   7762  99099  40030  99929  82149   6067 117513   1521  67060  36920  63404  40014  37428 111842 113372 105439  45257  62225  28269 115897 104427  48565  17368  14669 106521  45493  29288    935  52434  95047  45502  72793   7790  10652 119449  29660  30027  84846  74593  29160  50245  87838  88753  51925   5649  34009 120739 120614  43763  93041 107906  91427  76911  61603  21642 104454  80597  69664 110978 120904  89816  89772  88501  78125  89972  96055  50295   5160  85662    927  65907  71146  22201  64700 106801  78452  91544  60882  18213   6388  17545  36279   1769  92929  21387  72701  41775  17404  35202  18270  26188  10668  55852  92014  44846  53542  15524 108567  16231 118359  96628  64571  57250  65120 103579  48434  52202  77437  56768 100306  97971  15922  93886  83685  40568  15326  58845  65888  74639  56465  39493  25019  57777  97262 110099  57282 108401  28948  70887  36043  48252   6080    446  99216  47652  70826  71263  22220   8004  59702  40412  45094  17218  10204  42060  61168  40807   5425  18016  52143   1044 111640 115381  74486 111384 118265  52399 107054 114550 104490   3833 112532  62120  94721  83733 102290  14810  64682   3002  12587  12371 107297  34451  19289   5258  28532  13892  40866  96382 110122 116434  24655  67700  77088  96642  28757  94902  77818  45896 111392  97587  82237  42490  98500  33945  62142  85255  50000   4026 112647   2428 108627  92392  57897  89926  12574  61243  67554  69806 101132  17908  29815  68135  33109 117557  48129  12034  16803  64842  48015 112465 112832   5527  52290  19192   4090  65184  78507  78027 113393  40340 121338  23451  52343   1630  91325  86574  51353  61544 117495   7028  40499  38892  54573 103479  74485  45207  85876  66012  38556  20113  26701  27605  24301  24950 107974  48220 100264  30079  64260  50739   3704  33499  59654  62573 105705  16515 120263  35217  30346 101957 110463  57556  30382   6551  76205  65706  13623  70947 107491   2726 108395  74108  74228  31704  90025  25769  15740  83431 115029  57653  63453 122173  99925  64607  26224 100380  56666  32942  86349  17323  93174  21189  19267  53974 116429  78258  10666  24095  12936  43251 122429  60260  84306  88653  56863 108773  96166 114150 116055  65382  49694  62572 103166 101142  79971  50663  80447 114125  99756
  83498  90101 103701  98945  34630  10596 115699  23726 119999 117605  50283  62482 113724  65568  49896  41681  11910  59084  53718  21701  87263  34850  38254  94040  77917   1364  66059  75235  67953  63310  73877 112038 120669  50642  26060  73699  19883  41100  31384  39489  33407  49958  62250  54239  60040 109451  96525  94601  97864 107129  83372  85560  38270  59269  74991  39705  88346   3223  95178  49376  88322   5921  13651   1662  14573  30239  93871    835  22148  96934    561  68688  17926  68539  98803  28707  90220  15458  79684  78102  18985 110898  26354  67827  94403  80233  73720  17518  37316  99290 116278  78686  46832  67659 120160  70400 115561  53173  66408  87700 104920  16381  97830  91658  24844  42652  34413  21185   3100 100922  98513  65685  31242 102436  41350  99196  48730  34674  78896  82575  50621  49899  17230  63518  70342  57577 101038  49986   4486  92004  88800  42879  35991  77942 121309  82899  94020 117505 101280 106535  47693  60991 110491  31027  77853  68957  38255  82630  64630  23991  16960  17912  39962  32663 101088  94652 103180  65051 100256 122046  94347  14107  34801  22589  60290  60236  83656  19108  92408   8305  55888  61419 117439  82726  55692  75426  35436  20490  47442  97258  95242 100592  93573 117901  89370  64645 102708  30753  85939  15402  55141  65160  10622  71433  53742   8720  67766   9165  61420  15906  61309  99906  36854  22200 121460  51930  98227  39123  90035 105423  36399  14473  10101  79295  88477  48695  62161  16401  11290  30836  57659  80244  44765  11628 104363  12107  85495  48377  92906  13910  76684  42132  64800 119635  29679  35196 118976  23906  40672 108258  35325  59660  85547   2075  57018 118086 118668  29242 101036  79153 120021  71485   7730  36409  31406   8333 119946  46964 118622  58591  88727  87938   9357  33517  72902  49576  79185  27985  16735   2987  35379  76847   1198  64762  97718 113764  85304  38976  98591  45182  24802  24337  83226  63108 112289  15130  47208 121884  19660  84851 111717   7366  30135 113991 106117   4604  87913  81054   7726  46526  15396  76942   4681 107132  93848  24405  78964  49197   6571 112099 121936  12441  38340  75398  44551  29388 100974  11054 119607  30661   4012  77663  43327  52818  75611  67264  84050  47008  21074  19557  44142  74374  80451 100874   2530  73768 112428  13859  92992  34431 121064 116257   9767  85849   1515  53006  63868  67337  62148  47222
  29287  77339  48310   2595  92230   4492  40414  34414  36458  71664  39418  30509  71844 111910 109411  92046  21350  65670 100660  12273  59273 107499  96395  67025  16177  62574  26775 119268  66056  39071 112336  56610  72728  65727  54070 114519  84077 113771 102107  37173 112104  10012  31849  43809   2981 111522  56668  72536  48811  92015  78338  14223  38341 112819 113131  26591  39222  61820  10281 110212  25917  35921  25176  80899  69721  31758  37961  80496  45445 119782 113181  50561  34430  73907  17100 118501  75115  42043  24074  51747  41552 122261  60673  97039   5614  93267  14373 102600  87763  64820  73774  37982  39221 117511  38325  51214 120713 122390  79848  28698  10675  55869   3806  64238  84549  12878  52380  54046 104747  26894  54919  32206  86166  61326 103105  49680 111879  65316 121806    373  33762  93075 106331  90727  15817  23528  84181  12958   8396 120285   1633  11549   5091  61130 101428  75450  25531  16028 122102  42311  89437 102169  91199 122454  33237  49960  81264  34519  24830  38617  88810  35840  29352 113081  11735  14565  61292  30222  17429  50060  53516 108171  97003  53121  87574  67676 106734  20871  59239  76033  65319  36165  50724  68804  88747 109026 117568  28967 101168 101907 122301 118414 114153  13522 115903  46480  72315  28142  14742  31608  26997   7632  55503 118840  37265  81095 109769  41729 114711  65264 110662  87103  61047  13621  25229  46236  67428  95360  62241  23068 119143  83684 116801 102854   2613  36097  28854 101320  49644  95129  99452  13444 117323  56447  31183  54913  48982  70103  33152  29343 120925  11552  97525  73546  99602 113010  68677  51873 122108  57200 110605   9010  13853  92688  41046  50346  12845  68779  62725  32476  16894  53085  91070  42757 103523 118303 120685  76130  37677  11734   3502  51086 115779  21951  88195  72755    541 122350  89549    883   2399  55212 114440  97399  69352  13603  58535  57626 118931  14426  60050  47712  69010   4931  22403 117688  71647  41682   6929  39969 106949   5119  47934  54819   7011  71769  26938  76514  29596 115569  12679   7639  55211   2965  34401  95120  33559  43914  25974  53284  76718  64978 113232  30184   8391 118518 114269  92811  58072  17236  61036  34586 121412  94191  37871   9786  63843 100086 111131  59439  36334  29425 106496  10480  94469  33747  98057  42495  20879  31754   9283  80842  18309 122469 105446 117086 105226  41358   8877  45485
   2714 107064  51816  79677  31567  48027 116571  89810  30609  52928 113922  54300 101272  76571   8098  58646  75247  21808 104118  29799  70671   4612  62815  50984  12703 101863 109647  42703  88667  93804  35648 112198  12484  81808  50668   9704  27357  61590  26478 111471  85706  69253     94  49143 102623  30703  75796   6778  91697  88337 121247  12489  51651  71055  44795  34540  38416  61106 117643  40263  13819  36428  50855  55267   3130 106371 104260  42017 118078  54817  90948  87452  35909  42051 102126  99392   8617   5618 103275  55543  87320  21855  76527  20050  32518  34868  99934  79481  88837  51772  23832   5728  16804  26641  32834  67232  66148  25608 106100  20572  23829   8072  19848  94472  58187  87214 117102  42008  98289  77980  59741  20688  55419  46861 111721  66940  98356  29015  86229  27280 111001  97600  66360  97694  32366  35159  80837  30717  65620  70281  30947  71414  42810  32645 105558  28492  61414  92994 111116  69480  67768  60007   6279  88676   2187 112761 121998 112903    419  28811  12070  80457 120572  74402  14731  63166  19002  28729   3343  38019 116791  81688  69514  52788  93185  90266  50720  41360  64537  25658  45927 108170  88955 109326  74245   1759  73957  74631 117525  94744 105374  95181  85699  84505  27669  66672  70596  39934   2635  72249  52158  97223  78414  14655  50093  46621 105768 107447  77356  22953  81347  40220  22924  69580  77926    141  15613  94157  89716  65965  34587 104790  49314  63293  82939  71370 110219   9011  11220 119866  20341  75276  86437  54965  69816   9137  69775  72222  48397  69000  65412   2683  33918 103423  80801 119964  46828 114353  45314 103201  90885  29353  41516  63826 116863 117818  88051   1145  43918 105839  94954  76903  40694  22777 117790  38545  20936  98214  52927  78430 103758  20742  14684  91867  56070  36771  87254    440  44640  76974  20953  32503  75781  69946  48412  30568  70247  28362  54226  80861  18539  57585   8128  74518  64971  30238  85756   4616  64306  22548  91384  94068  52530 107930  12445 118565  44318  93010  74720  67561  60095  89143  77260  86765  18197  37750  42023 117768  85961  77777  40366  95286  95135   7652  77325  88952  75413  87868  65385 117773  30186   6414  47128 103837  46840  94929  74460  83935 118275 104956 122039   7173  11535  38638  12183  68116  96709  33091  35557 120161  35936  39265  91367  25259    649  30834   4088  65079  68854  81236
 113550  65466  15746   9284  47138  11624 116383  90866 116028  99316  41674  75397 112202  34199 104481 108532  76274  42127  85204  43584  75660 120042  53086  10847  29131  86628  61316  63676  25547   3080  91400   5361 114341 118383  42927 106087  28426  60869 113310 102720  44431  43212 102535 121839  44281  19024  30192 113511 115513    635  13992  84991  55256  46961  32745  94103  55320 110832  14807  90790  34655 101277  23715 109814  42474  93583  72056  60201  99043  45083 116633  72639  83205  31856  84637   4971  42486  51892  31916  28961  74269  92983   5635 113058  73868  21243  84778 103939 110057  17997  50951 104588  91701  31890  71140  18303  35166  56513  98788  10564  61942  93607  58813 111992  99509  80574  70216  68438 117341   1614 116420  32319  84023  29237 121277  50728 119188  45839  74038  28957  53064  52764 105745 115290  29210 108572  10081  94659  13579  25921  14374  26960  38320  32504   3426  76703  73083  35477  87584  21737  59265  42586 113876  12842   7989  59866  44376  80705  51266  69126  49396    803 112405 115205  10452  61769  26200  31552  16211  80395  57830  43936  25025  99474  60852  31408  23934  61133  46420  81334  17009  41541  85082 103435  73168  41153  55693   5634  58531  56493 111949  88608  46464    975   6753  99154  64761  83849   1296 103005    152  59342   5711  84831  70714  68645  40940  20949 100464  16753  68070 112833  80032   9213  36466  36030 105755  10943  64048  29739  17330  21154  10925  66791 112106  86157  34214  25611 114907  66431 120301 106149  20128  28868  79912  85492  42335  58541  12763 113442   3740  73704  80850 108758    423  34946  58409  52415  13346  37751  13788  43103 101429  95568  40348  70422 112061  59967 115827 110367  74860  25900 111788 121657  79093  25928  87968  33969 118677  45036  65819  87136  49023  60448  92129  73710  64886  74843  20632  30856 118614  19620  42108 105989  57252  50491  55048  88512  35887  43451 110694  48052  83517 110287  61382 112886 110697  29360  67639  93725   6768  20605  65035 118337  61748  85193  51466  54365  35924 110021  45354  73925  70793  83518  14112  53510  61915  26357  98357 105262  28351 122074  95994  55895  76882 121877  86872  23598  56307   3865  57464  72241 118384 122064  81869  19433  69029   7098   1642  41493    930  21782    693  69424  23775  18439   4673  61623  89229  93307  68789  93531  28616  76523  81951  77185   7620  14703  91585  83603
  61549  99866  24919  97001 106010  60398  39132 117286  35812  66580  51330  36088  95089  75137  31330 119342  86635  33478 106342  54371  27492  59233  41730  73349 107082  20267  67875  31045 106930  16708  36168  68489  34084  38120  25353  97545  23648  10583  29708  68662  21319  64226  23172  95552 120921 100976  74054  71120  44847  57514  49419 110782  51260  41241  98617 113113  76150   9088  19344  31170  96632  11452   1037 104222  48582  74584 104083  76173  94037 121447  64977  93877  89506 109915  54408 120800 116463  66872  69798  50565  85519  59255 110560  16425  63560   6529  55973  64661  39041 118468   5683 122186  50253  90085  93934  49340  80589  18121  85667  28219  91739  67791  78836  94356  26612  54064  90744  32067  50296  66901  72085  62131  17499  70130  90275  48515  56930  27118  63387  32013   8952  47770  39020  38506  39141  37019  95472  45614  94178  29468  93020  98826  80371  42009  45358  72823  52167  52073  43147  85265  73573  94008  57400 105922  56817   9073  14342  10814  43561  43551  85445  36218 100428  92125  51409   3480  86058  25648 115436  34290  27268  47243  33995   7116  12272  95266 107859  32537  55545  37659  80360  22437  81393  25955  67427  31357  16290  47052 107455  55762 117784  45668  45055   1644  59308  42260  73073   7852  60985  89316  23833  87038  67891  21862  31456  49089  87800  94310  75277   5114  35360  71503  60372 107378  73369  34760  78770  60280 116951  57563  73458  67338  48190   4787  59961  91713  29256  25184  50440 105734  81345  67666 117062  11988  64036  61691  12268 104546  23938  40107  79592  61859  58996  71642 100636 110140   1412 100241  95241   2433  68123  24941  40017  60012  74059  61758 110687  97177  98762  88412  15686 120331  39734  36199  43695  89018  44127  70302 116513  98769  50292 120152  10157 101473  48913 112459  32819  13811  98321  85490  21575  14079  96394    962 102305  54575  79214  28235  80249  51610  52212 112340  37941  42268   7711  20882  63851   4887  40805  49071 102336  16329  63991  92576   5599  40902  39951  26142 106107  37037  60111  40988  86258  71167  62252  25069  43623 106925  95192  45520  78401  38521  44218  76107  62941  84025  67855  25545  97945 117566  81963  93946    825  75065   2259 113890  54236   7518  57288 102044  74169 110475   4921  78765  99480  26324   8983  36026  64156 114175 105941 111499  57349  76428  18846  54521  92448 102437  91275  85345
   5611  51234  48345  23044  73524  64934 107904  67006  55587  26663 100855  55037  52182  18987  86780  70984  10570  71951  27056  11051  56157 116525  84803  44048  68776  23250  49599  49936  81071  13027  99799  47229  57202 114766  43876  55387  61679  19410  29154  91691  21313 117599  31481  87354   7827 112684  44203  68441 102212  28389  39197  43089   6701  25391  26696  62278   2881  95143  23421  36678  95112 119658  56871  72931  32083  19761  81656  44511  92292  11632  45606  13596 120734 113178  85947  63588  77763  82922  72384  52187  72608  72623  17448  40620   7853  57721  45376  25827   7344  97928  76617 104777  36911  35380  63697  14817   3689  40138  77066  58012  85650 115908 112662  52308  81774  27615  39917   7218  56911   6714  75323  26826  25219 115251  95744  66719  97995  12914  10024  86645  78596 110071  56780  45631  66340  92707  51794 113107 120986 107355  32116 121361  99256 108321  86423  99478   8257  63882 115965 116746 119827  22169 100880 108494 109564  56347  94562  39207  34375  54836  65247 103121  46034 120485  24135   6094  61831  14829 102922  94675 108711  19051  58396  86454 116153  98223  11069  31784 104463  12557  29652 122268  99699  26118  90343  58212 101017  79763  33457  89001    450  63719 117267 118510  65350  31832  15125  11032  83345  63312  39229  51219  72337  28917 117955  45591  59287 118071 106052  69813  95327  59275 110819 116184  82855  76834 103368  33736  23518  34449  19411  10075  38696  80607  64037  53936 103990  96277  83238 105222  77171  17650  22406  49429   9540  71066   3075  23964 112636 120221  77762 116882  93320   1830  41700  99813  30809  66926  86173  35706  73289  84417  74459  88325  85031  93013  21820  22829  80958  93626   9681  90280  86239 106740  73423 112259  27778  79936  72437  12295  15207 104031 100252  10579 103000 113593   5932  66125  68574 120999  74190  39458  46211  56935  19255  72797 107593  84352  90258  84627 114370  33675  15738  16245  63345  71162   8973  42929  53828 104752  10237  66227  90296    555  94809  79799 105206  18694  86982  41502  82329  26589  32575  11607 115183  31788   9775  77715  82926  72597  16633  68696  37740  21047 117246  14138   5060  60173  50337 104487  97282  10288  26040  47495   2296   9806  97797  75384  75003   7328  89802  80335  41246  14154  57353  34355 105708   8827  16384  49988  80271  17146  16673  51150 113754  38148 101704   8308 108827  14643
   3245  11190  43547   3681  63014  59893  88687  55484  27061  94935  43006  45997  26820  98742  85705  11326  10122  24842   8503  29248  39629   2812  26472  89676   4626  19845  45460    496 108276  77026   3468 105053   1154  65856 104191  22808  21840  92591  66311 101056   6840  65603  34566  53299  82755 101765  26865 103432 119115  45008  35760 102748  97005  77599  16440  76201   1664  25495  13715  12705  29338  27534  45069  73233   2256  58482  52024  91051  83450  77566  78513 108042  19963  77786 119625  50584  66061  81706  50780  29965  83719  62237 105532 115658  32823  67901 112706  48014  34490  91032   5059 106296 117400  86958  11864  37882  73382  91817  52551   1189  51332  80110  97594  34869  28566  83827  32456  30506  41610  58926  51075  73865  95873 110383 113126  37503  58370   1695  24307   1669   8348  84570 105637  78296 114517  47756 112915 118732  39979    129   7123 107156  79013  99820   3069  73536  93152 112912  15974  66119  89500  27369 121423  40152 118014  11148  10784  77426   9193  90585  45756  50524  32207  35750  92159  57798 105634 118343  14117 103486  14603  82203  13667 114740  59104  54079  59821  18275  42796  31850  29515 109325  62796  53880 108381 115924   9952  55364 106219  83717  26108  39984   8649  49077  26576  92546  24204  17982  79663 114305 117095  99839 121518  75736  79305  73173  81983  19627   1374  41399  82657  43811  63168  99822  88807  16368   5677  86178  25552  30404  79952  31436 102642  52341   4768  95636  43986  50387  37931  35039  51658  78793  56104 112918  41444  60685  98195  96716  89293 107088  50722  64126  65224  30995 102990  97753  54356 101714  29378  81287 118961  37736  38814  46048  17252  74665   9557  69985  91126  58943  81159  92084  61688  79034 112999  12364  88544 104748  42595  76995   5181  40643   5918  92701  26699 107172  40743 110864  64377  30483 113268 112333  20072  41900  67761  33520  13987  62641  22183   7504  50239  64711  61781  89481 103293  45577  33396  79548  74553   6598  41103  72352  59935 114908  26547  19576  30612  47872  50054  86400  42466  38767  80610   6438 104811  99705  68339  71566  96415  13291  91758 115521 121455  94096 103519  85828  82225  51375  90090  92391  30699  37028 111194  93574  65854  31484  65999  38196  44172  76493  97803 102738 119888  44232  59493  18997  70177  90996  80670 104518  49348  62299  80007  84875   3349 118549  97167 113813 115821  97843
  74531  20683  48532  25888  87994  75396  12514  93495  56217  62963    576  39380  73977  56243 118222  23909  47681  50320  57446  69939  42591  82438 115711  51773  68874  82046  89142 119359  56416 107629  65848  57503  28035  49828  81147  22341  98358  67851  89938   1304  12794  89874  50609  58722  59321  41869  61320  19682  34782  47171  49273  90923  36585  41445  54143  14857  70874  22927  93094  70386  51340 110680 119838  41883  14667 120751  35484 103511 115116 113962  14512  19785  48626  91748  69888  85425  78521 101152   4125  29998 113279  12140  78809  73713  38178  71327  61701 106196  90122  22745 114291 116761  31842 112491 111454  71823   4766  31467  46344  88363  48326  94292  58515  89439  82614 118183 110890  29016  32204  67304  82884  46543   8061  97589  16970  82778  32367 120191  40051  57941  38794  20017  69706  50136  82382 111342 109243  70736  87825  41012 109850  29695  11025  57013 106552  46049   6453  93452  67983 100351  25356  77509  66229  39739  37663  80614  72065  24598  15445  12370  55939  64239  45764  16690  40598 100295  50903  32627   5805 110448  35336  64263  46269   6086   2667  10299  24122  96459  85182  31537   9827  49036  49805 100891  77390  30837  44804 109963  21320 106952  60157  92079  79768  37172 115285  79982  66282 119991  81650  37758  84910   4116  85191   6260  29634 115684  97601  44433  65602  66636   7642  65162  75817  94082  79360 101396 111505 118103  26926  86329  89104   1500  28825  21984  54710 108504  14296  34223  61176  43698  97933  59646  89949  87120 112682   3584   3716  14770  14888 112163  75725  62192   1645  22890  19863  82235  73209   8268   8678  73982  49925  82054  97464  94179  92969  22161  96429  20176  42215    165 112807  59241 104722  84717 102843  95722  95854  80008   4257  26469   2700  11157 106038 110922  59926 102063   2229  93072  69210   4452  94114  61707  95406  29651  49456  37422  61668  27317 102701  79893  35786  18474 110095  67272  77595  81069   4162  53613  90340   4982  92753 111153  16228  20985  98734  21978  62451  48506 120030   4882   4817 104754   3046  56704  19296  47483  49691  65446  97911  45595  80761    602 117663  92236  61993  67263  77841  89282  25902 111836  59166  65308  50991  29650  41125  15089  56691 113507 115619 101344  85643 106620  66712    424  85897 113163  67133  73614  91295  31663  19718  94260   3134 111011  24564  65227  88835 103786  20870 122026
  23117   1457  26096  64302  44228  83567  88185 100997 111867  52150  14518  73914  73434  87141 100229  87074  79437  89695  72588  25950  27227 105461 109648  88827  33919  22989  24889  45850  19371  76502  77516 100292 106842  39839 109825  14237  71512  73649 119954  47322 111833  46749   2332  18579  47156  25134  95334  95258  62889  82931  55688  66900  22352  45933   6358  65019  60714  24867 100073  71349 117734  18899  92810  79865  44195  52009  93309  76626  71321  67897 121848  23647  27055  24226  68522  63682  77468  73393  64236  51112 102444  66923   4470  31519 110176 101193  81353  60669   5705  50263  50029   6194  36270 101008  65093  62356  41366  29437 110741  44296  90378 112334  38476  91667  90125  22524  44655  20794  21073  73424   5443  51690  97655 121272  29504  41434  96385  79856  43568  18622  73747  21973  97301   3057 114852  84036  49090  60811  22691  82392  92197  56434 114238  57842  59659  84491  75270  80885 108377 104976  65321  14528 114918  67482 110462  42092  67919   6497  86853  47027   1949  31465 114060  92329  50998  55582  96366  12879  90829  21919 112615  67335  83253  42378  76855  73002  89412  21731 102740  56317 115282  91205  32621  19577  86832  26835  53072  88343  23866  69962  35853  25793  30028 107843  68385  16083  76011  98783  66801   8638  70184  87337   1517  88075 119445  75209  66336 102268  93722  57937   4580 118163  58524 106555  17998  46082 113697  45556   1647 118105  19352  61947 100941  84887  76400   4418  78379 112415  15472  77006  44737  37545  93716 106741  82189  62195  93164 109962  45570  29055  33779 112046  23282  32267  41987  39932  89166  61652  40767   1924 108264    221  92309  65259  40021  94529  48896  46819  61662  82361  40183  30563  17598 121278  56636 108186  69617  60251  50785  38176 118077  64486  27465  72192  15871  70413 120163  36554    568  71369  56133  28116  56733 107925  48458 100161  94791   1749  35943  80646  62012  52353    869  75562   8295 108156   5251  21025  65614  70122  78815  19292  28037  20390  20931  63849  63854  28803   1943  88700  20963  61000   6117  52776  21149  34538  55457  15027 111165  29113  81068  44881  97953  14053  37174  55701  10963  21987   7981  70155  64158 112421  25101  77578  77137  72350 107436  75201 121146 104434  63962 105846  79269   6552  77677  53377  91889 118519  81901  63295 105308  25854  22553  78777  41793  36063  22689  45148  93923 117419
 119965  27604    466  20206  23284  93234  53236  56215  64414  29046  11788  74400 114215 113619  93260  34192  18643  12637  70030  30004  70519  38031  50350  75252  93747  26871  95390 103376 100538  62631  65338   6712  57407  55492  24507 105339  42746  44447 119413  33861  58833  99760  23714 114693   2917  91082  12668  95270  80871 107532 100793  76893  11319  25616  38951   5118  89959  39192  16253  69596  19673  93510  23875  70277  81327  15414   9258  17456  63731  26056  66402  83471  39093  99753  50212 120677  57894  66927  46502  68566   4512  39455    692  92395  74254 116049  70943  83584 120101 105938 109244  31923  80531  60524  65131  95316   1205  89971 111774 119776 121509  75637  78273  86062   9919  82262  30521  27567   2390  35168  92957  69096  38227  34409  97497 108249  23820 116117 101679  58116  28656  87918 120531 101372 108731  70650  37066 120469  32610  93795  16940  55112  51071  67340  37178  76027   6286  91568   5833  44175  52904 114875  28667  10058  64383   1797  68025  26791  23847  33556  94161  63313  94795 113549   8512  14286 110759  37309 116747  10531  31887   6027  11732  99315  15788  42845  21457  87177 114308  47805  87504  77480  51845  90398  91211  69254 117992  77939  15805  86557  63744   5674  44071  33092  53351  49965  53512 107895  13708  75742   3401  43482  38733  80442  20760  47793  79175  49270 100035  68016  81551 117780 108473  99845 119107 111284  64940  10017 116252  10329  32843  63438  49025 103977  19162  65886  74241  64494  23104  83815  76821  42226 114110  73374  52785 106615 116270 100545  53291  34669 109673 112182  68238  65507 119925  72829  15121  51442 120932  30469  67202   7540  66344  56789  10035  58807  70993  66959  29822   9545  78492 105991   7470  67808  69385  47836 104782  70495  94687 114399  58985  11865 100985 100288   7629 105754  70701  72409  26377 117730  43182 112824  87961  35507  99431  26305  87648  44828   2708  65455 110357 107094  11296  23655 110953   5042  60686  25735  35171  96422  78172  86837  97460 113066  38028  30338  72745  33146  22123  22248  16686  28682  50594   2620  11153  23358 104226 108613  22384  90578  36733 101847  68058 106923     91  78337  91264  15304  60794  36275 108729  45037  36713  34080  58136  86312  30106 121364  88612 121176  46201   1925  36035  61291  36065 113514  69923 116506  11912  12284   4164   2208 112130  51223  85314  89388  41161  99737  12905  33188
  93082   5485  25385  40370  34441  48181 104313  79712  71107 111760  96652  82293  82306 107554  51519  80907  83246 106314 112560  35659  80216  46436  17967  25404  24593  28555 116736  70257  15762    482  72709  31126  90148  15905  87692  62001  24897  92990  89510  64639  66532  12894 121763 118636  80158  15618  22774  41913  42835  38485  44625  16350  50070  45434  12077  34071  50505  68283 116182  12515  51306  61823  70681   5529 116347  80778  84655  72138  56368 114744  86543 113350  97313  31181  24899   4345  57290  18626  60375 114026  95284 104316  12289 100815 115487 115533  55653  27926  80198  19035  85311  53984  67150  36739  51006  95801  49922 115043  94864 105077 118469  15345  25394  96298   4438  31056  81078 104657  17595 112632  86313   5915  60775   7182  67585  69137   3432  39426  14044  22898  13499  43646  10254 106297  28754  84860 119582 106840 109546  28494  53400  87118  40555  43860  70094  26625 106370  78358  70773  50927  99483  22022  41779  19498  34183  10318  82632  35339  29675  39327  33047 122054  76181  22490  40234  44092 105136   9531  12390 100280  43559  43026  37484  38465  69473  21181  98735  36015   8811 119678  76022 110180  32208  93316  13451  91484  36762 119464 122464  97669 106167  32095  27086  14448  41550  67127 107706 109615  75899  52354  40076  26258  79788  73817  25435  44664 111660 120634 105553 107798  93679  99236  46833  66249  57087  10029 113254  11648 106329  20663  24661  45858  87709  43353 116759  81852  11506  22241  87992  93480  72258  93035  12640  70497  25477 101468 121534  91083  84502  70092  56886  61098  63714 105675  67752  52829  52580  20884  66667  22684  95326  88539 120482  89735 119715   6710  95255  50759  82075  48211  79607 108108  73276  63141 120426  95235  58150   4859  70948  22621  40874  88010  55332  46301  45380  49147 119622  31294  12691 119270 116848  85764  19268  96424  72432  88492  16973 102509  61093  25319 113762  38776  37886  16455   6808  52631 119488 118346   7466   5564  76306  71070  49172  47579 101833 109985  78692  68418 111877   1266  87187  23349 102321   2272  48597  78045  28710  67828 114259  23123  34964  54148  11136  52068  21638  39096  61547  60545 102657  66122  52120 103743  85441  36620  43886  60528   9497  46423  14012  46085  20171  91551   6404  38165  82879  15713  95399  28764  35107  96836  22001   4066  88933  53824   9462  47378  98060  86046  55694  61151
  52486  48324  94780  31604 109174  71314 112188  81325   1347  84859 109908  36299  51343  46485  95933  39785  23859  62053   5339  10527  17773  88423  15855  52141 122366  33575  78597   7128  84131  29307  87936  44220  81026  85711    574  55982  74710  43743 118301 104905  79387  49159  52603  52062   5862  47389  61825  53944  20744 112634  87806  40049 114815  94622  38329   9157 119639  70408   2556 103076  14885  40975   6895  15152  13141  44323  22564  63122   7433   6880  30163  40334 113770  53174 118330  70373  18548   2646 111698  76861 106071  23014  29736  56046 101358  99308  99360  72719  26840   7332  21609  59064  33648  84040  97295  91500 108159 100681  57390  83882   2246  32209  64617  10503 104945  43481  22413 110923  40111  91129  72909  36286 117287  75949 105249  45680  27093  20775 112276  95649  95704  54370 107048   2070   1032  66459  88433  41048  93954  44269 116226  44427  43307  77201  35128  45952  76287 106166  62738  56108  45131  49472  54302  29991   4818  56670  60394 121226  69342 120083  44876   3193  95576  66341  25835  34783 110392  39846 100074  19372 108332  50824 104778 100333 119720  23846 107213  77941 100989  48510  80421  75178  89889 113913  54514  90234 120948 101846  54316  58082 110708  67248 117691  40848  18426   8510  48259  91148  54688 112433  94071  30055  29477  61067  66491  22003  97738  92953   9519  44807  59348  30199  71526  81697  17382  38985  79389  58610  68728  90787  21600  74715  44443  75229  73625   1574  66743 103784  53650  99484  98208  34815   4479  79584  98089  85548 102292  15966 112437   8244  11961  54714  48789 107028 120415  31206 102171  82767  25633  92519  41191  50830  51702  98210  43425  93359  55110  38400  29850 119844  23961  67414  24478  30647  86267  57707 116708  43273  71201   2540  61421  95421  96615  29327  58602   1658  10659   1269  87541  21361  18151  65386  93909  12448  79270  22041 114635  33710 104660 104881 113805  29130  71029  70540  86801  62782  85565  66771  75267  81413  91420 106815  75655  79945  14252  83768  26027  92165  74782   5300   7373  15630  76439  24290 105366  84379  85840 104186 112782  55726  95185  27920  38919  32970  30724  71576  29265   7603    667  54611  83873  84259  51759  34653 115815  78327 121601   8084  36760  59831  70981  18075  47542  15858  82737  70170  60024 104094  32229   4605  94449  35435 101094  25401  92614  84299  46768  31192  51865  68091
  46786  50976  15726  38684 119412 120595  28178  41182 101744    899  74785   3600  71717  58956  79617  89119   2049  89343  61124 116807  48120  36996  58033  28042 118217  39115  50264  39354  49748  92556  21571  34963  13102  88252 108113  83896  56875  81987  26155  21666  38446  24293 100084  30795  37433 121356  97369  36193  58840 109245 113611  62234  38012  11390  27699  62411 100335  23591  89183   7566  45227  43324 109980  57795  13613  42907 119258  36959  22963  26694  17729  26741  37848  27294  48378 122459  63251  88086  75923  56263  43778 110602  72456  17666 113085   5373  67167  20787  78735  86040  89030  56414  54443  49837  85935  14359  61939  63414   3118  72673  65485  63902  28000  48340  56297  16250  74475  95463  37858  11243   1436  10993   6382  21099  12003  71771 104377  42531  89642 111311  80306  22810   5147 115683  57661  62727  33351 115242  83892 116719  98768  83609 107762  32076  94339  64093  66665 117941  65635 109298  92655  73518 100374  50994 103794  45971 102405  49059  65797  94665  49723  94957  24217  15882  75198  50535   6035  40735 102287  44878  52108  58441   5038  97657  22572  87076  52560  27006  49713  14378 118735 113662 114327  12148   5721   9603  58785  31943   9985 121023 104789  96690  72113  76548    949 112864  42069  62521  61768  92402  65491 110891  66860  45282 108712 114027 103318  50243  25724  79276  71454  65312  97256  31607  95222  69607  38304  60883  42978  53308  84469 117587  37580  15441  30410  39926  34593  48123 118600  12550  78635  12291  15512 121254 100390 118937  24947  87234 101603  31859 103416  97026  47938   4464  32689  77961  86473  98377    263  19287   2137  19810  74196  43967 108923  55262  58103  97085  36540  66805  34365  51379  90235   4664   9891 120243  58798  81554  46570  87131 106894  36979  62144  41072  69700 108906  73691   8111 103950  34814  54945  18318  81958 112766  60291 113140    978  43226  56818  96131  72058 110391  49455  93259  42093  18990  99714  37609  47178 122024    532 113444   7969 119151  42455  57789 103935 108134  25694 119462  33654  96541  11853  45225  64874 110155  33838 103542   3572 108402  20524  56919  91885  63908  65171  41688 113606  99346  53617  93866 113505  23306  41070  39678 113666 119311  80093   2741  30291  31588  50493  31214  56639  38675  91153  35506  59168  68742  61057  85104 107524  86060  11447  84842  94342  25264  65282  13314   7024 118566
 105303  55505  34019 117118  67966  80737  10464 101902  42119  68532  67180  65735  15315  71562  52017  25455  87109 105112  90598 102222  52136  68794 120352  90609  44332  91426 107057  97818  53566  71027  75094  51194  78948 105418  49129  35367 113608  20340  44566  67086  72824  25621  61950  30104  25415  67051   1404  88449 118326  47079  11540 118456  44240  72225  34230  30420 108680   7211  42302   3195  51213  50953 104751  95763 113192 110411  50791  23452   3702  86205  59482  22747  87642  47410  27392 107031 115601  21707 119943  39994  34132  97243  37152  27131  12978  88802  69727  66933   6004    363  41773  25768  72255  56256   7055  92350  74274  84006  94567  77546  97897  38134  78591  83071  28103  21126  69135  47741  17665  73122  25321  78715  41534  17900   3089  88426 112923  13053  16170  66098  49430  22883  81450  22204  15349  86053  21988  96762    125   8388  14813  27977  95737  21572  27879  12069  50606  46878  91891   7557  92984  48025 115140  30584 115514  28820  58834   3149  88772 114364 112663  14831  39412  12494 113645  82401  66942  98745 107259  28236  82647  79015 110069  13418  44183  81144 114694  89241  25707  80804  33787  52503 118619   4425 117384   7687  61854  40790  39863 111363   6082 106456  77176  48820   5523  94232  83874  92878 117022  55099  55906  18911   5080  17899 100603 103291  52711  63630  72203   7754  57619  61974  59617  70488 100775  85198  28006  70707  81011 113500 109285  57908  76100  12931 120607  80028  92524  94433  58998   9880  13001  16216  65605  78763  98807  24826 114784  87778  58004   3677  37697 106778  76431  90177 117046  39776 103264  90483  47321  95451  14538  21200  86154  11371  89173 109253  34883 108058  10251  60003  53147   8104  69224  58689  93128  85169  36545  26895  15596   8321  94915  87585 104689   2199   5939   4071  41303  89731 121483  29529  22627  34555 104939  42204  29040  78116  14056  37312  21741  14507   5596 100155 100759 113927  22110 105644  38185 101583  24354  33715  13724  70275  70888  96317 117571 118081  27713 118162  30392  70053  12459  41127  44698 104973   6016  31496 103030  86643  95354  64196  19472 101788  63176 109229  68458  93166 121635  93107  75608  48039  80582  83637  66108 106419  53756  30033  84733  85820  37432  23768   6221 122393  38979  67846 120205  98020  33785  67594  37029  73673  74348 109563  67269  26058  36489 121365  71347 107025  40969   7776
 119009    303 122230 121293  62636  64310  12158  67197 121547  23817  79944  51567  21809  50667  13448  71569 112537  59532  16102  75667  60464  95996  95373  70438  40155 102111 113829  18288  84902  45415  15570  53665  56841  52275  85988 116657  91855  93231  93334  44470  88438   4296 109236  89442  16362  63603  34911  61289  49285  58157  88101 101792  16937  25043 108122  29214   7882  59318 111063 110199  77878  25474  74677 114095 103958  29402 103959  95548  67484  23028  43314  56098  82214 111909  23716  46056  92099  16752  94773  35453  81687  44770 108765 108189  89214  42420   9679  25108  47966  50895  76012  97096  99029  31425  12248  66515  87052  94145  30557  36815   5082  54469   5329  94002  17198   7327  96488  31095  25676  10000 111224  80461 101015  86404  66516  18998 114363  98082  62196 111741    625  27594  23226  52880 103868  70605   7400  55986  16094  43333  66055  74446  19170  64364 109968  84494  65899  96257  46806  11341 112359   1369 121727 122466  38683  75688  53384  44109  36265 121148  16946  51563   2764  27764  88728  78953 115883  69729 101551  28472  56288  39454  55965  11308  91707 107321  80171  91174  73389  71692  29350  98822 101332  50378  99015  66950  63494  82950  83937  12502  91625 118617  36594  24317 119467   2302  38084  20024  22896  94206  29115  59402 101894  38003  56324  79967  72890  92277  78025 105267  23163  62425  95851 104514  51686  35430  69870  91952  87048  44108   2688 103403  69462  55761  66814  95187  33373  60449  65817 111389   9770  30446  59705 117110   4035  97926  16789  51289  68424  81127  35792 120437  89726  61257  91940  22162  82371  76726  22863  20733  49085  56913  28697 114278  50261  60154  17596  60888  28973 112471   4054   1227   4198  46379  67994  46103  28333  53597  95078 116890  32329   5685 120835  26503 117826  57865  45737  29503  56926  20945  75062  39416  62205 107645  37995   3558 111475  32868  41822  56334  58857 100680  77455  75934  25035   7625  35095  22610   3785  63666  87569   2212  11471  79743 110488  73821 109418  57152  32334  30805 101405  69769  41380  86623  70252  78259  58687  97679  73356  49335   4443  80251  65135  78984  11812  82800  38854  88497  50148  72300  64993  46343  47598  69592   5557  33726  97766  60757  58559  49189  61449  17214  38401  82746  50497  50289 113617  18257  15462  55031  72945  96098  92341  22300 107407  82818  75291 103601   7702  73198
  64351 105872 104750  78950  15070  55201  49050 119787  48043  78843 104274  35627 111037   4850  53344  23357  93290  15787  99379 112097  95117 119824  52251   7749  20848  17354  23130  91217  42107  82809  21517  58950  16003   8298  69531 104931  47436 100679  60313  32071  75747  10046  76441  92140 103141  29957 111775  21029 110583  62626  10812  28966  49205  13125 102291  36875  11686  79010  58647 113905  53051  32703  72876 109004  93514  38073  48158 110789  93960  40506  45223  36266  17806 108354  54889 103610 110713   6218 115887 101758  74466  46562  87422  32368 102013 114890  41520  11026  48975  91959  88238 115611  87285  54742  67026 122263  61203 121238   7380  43268  48973   5831  59636  86387  95614  73090   5965  30185  16435  60986  54844 111168  10217 101608 113863  41963  86896  49316  23423  88413  29936  91623  98733  27917  94286  48346 122286  85515  87839   1930 121010 121642  21358  82413  54732   2065  30188  85938  95285  30694  62218  84966 107166  75958  56698  17349  94693  75100  98489  57528  12859  44123  82179 114070  62713  99149 118805   9587  68149   4333  93176  18478  49328 117012  55876  25489  73711 110636   7066  52475  41403  42413  84113  84674 106733  64154  28832  28508  39410  74081  78242  59135  71226  60543  81669  78380  43471  24595 110292  17868  28372  24209  89116  77634  25205  33199  40581 119763  94948  21848  91730  98455  12373  74309  43976  17539  54485  99665  48563  46723  95508  88404  11155   8035  81807 101989    396  29800 116135  96001  26161   7394  77589  99252  79440  99606  43293 104700  69156  87909   5573  54244  53191 107790  54249  53012  38213   6796  86150  95096 110862  16541   9602 107701  63571 116793   3990  46978  27628  87544   7300  38896 122434  55522  99314  19631 102367  21208  51679  13852 107741  77519 104928 100912 105200  84858  72125  45991  12896   8480    267  60231  83421  22134  46843  42150  40932  55935  98247  88902  68084  31656 120236  37682 106455  18564  41038  35027  17074 117254 113247  76998 106512  15447  12592 106688  72205 100217  33298  59631  62819   7341   1625  72785  24827   3500 108081  88396  28323 115600  10541  93005  74886  45632  17730  67079  47342  42170  41716  80652  98395  66730 120934  69786  68654  40269  31197  18064  14295  48680  11071  23837   9649  39349 103813  68453  62783  14432  51520  14470  62080 101231  72913   4195   7855 110401  97089  99246   4417  50466
  12477   1913  93298   3917 112995  43097  53991  45809 120622  71698  32398 100821   7336  83659  63112 111280  51142  54808 100948  45954  43794  48664  93861 106536  41040  64155  72828  82228  14748  88897  45583   8182  20599  27642  54744   9054  35736  89665 105930   5886 115462 111325  66732   1177  90182 104311  70891  76916 122265  32702  25280  96618  11297  15610  28352  31051   9119  32897  97798  39783  86316  72026  24987   6858  49697  75522  68892   1512  71794  83479 114502  89064  26704   2997  92065  54870 105973  13380  51880   8381 101395   8519  38097 121218  14099 109802  54522   2048  47114  72016  25218  62993  44921  51073  85174  65561  68412 115988  61664  76133   5005  59507   3962  93575  75884  50123   6786  45386  66399  70274  14047  33481  87190  90982  99332   9620  83918  24847   4540  60094  65627  87712  66414 111777  52822  73258 102236  65309  75990 109120  48812  68252  91924 106121  11752  61415 119706  70293  46032  62745  19244  93059 111790 107923 110446  59869 101650  97659  32579  35824  36364  36558  66476  37203 112254  80477  74266  56530  25817  34372  69354 102812  17674  61030 113330  56541  16052 109135 121268  15467 119693  49274 114631  58205  39878   2056 108808  29593 113656  61238  10020  15006  36307  34146  30355  33876 101030  41200   5051   7455 122123  58643  37937  35644 111423  47357  46398 113963  53643  75245  70635 105970   6951  75430   5199  13140  83541  43399  14241 100448 102168   5184   1568  72948  19151  35262  42819 108516 121858  99145  98406  14906  40531  63253  33783 106086  12809  14447   6457  51595 111566  54959 116765  17219  14682  47133  79964  56117  79992  50142  41802  42603  64016  94135  98714  84807  11007  24244  50792   3792  64773  82677  68634  47140  18299  91461 109261 118722  25026  92103  72053 116954  30123  78051 121065  93883  88209  53070 103973  32129  52257 105216  65249  25182 100619 112341  59819  72869 114651   3653  98143  63421 104596 111277 117329  60762  42578  87194  55641   8204  31555  68788  17884  49044  71519  53095 111821  26291  85124 111452  63951  54456 106422  61464  10485  47467   2551  79906 103043 122004  72592 121258  34118  47829 101039  30729  41193 121621  25481  48576    136  98723  18346  19598  49953 102952  44908  37300  51996  44963  21404  99836 106776  72908  60935  83922  41561  33040 100024 113300 117189  44045  15356    942  45071  69476  97956 112977  37055 102538
  89258  25700  37895 115856  49526  56174  86341  68080  30543  13923  20872 116410  25222  65790 106453  11523  92007  22986  85863 121385  96121     39  77089  35960  49865  29412  82035  30095  82169  30760  86085  63708 122202  54549  45635  71543  55884  17634 119455  73225  96903  54141  85589  96711  26387  18799  45537  63546  39780  38809  92149  16603  40279   1546  41429  19502  21750  64715 105831  34974 121997  47759  88989  93387  52585  85839  66747  62640  56074 113273  32639   1191  93798 100313  29313  37698  11548   9493  72373  69956  44756  35295  48528  25320  10712  17809  24045 119087 102607    960  73937  75752 113731  24905  31779  84406 110839  62431  68759 112273 115319  95675  78779  26274  92186  68567   9480  82709 110276  22065  42894   2738  60420  56262 101975 106374  91822  90509   5276  36183   8147  88083 103537  53678  83477  81020  25923  99262  34194  12082 107322  25682  93794  35645  53952  93668  23001  56662   3412  35888  57455  12901 101453  38927  84351   1466  66309  16706  64022  15485  63250  70435  49445 120413  70185 116611  82619  64003  78581 105997 112740  75332  98147   6280  24985 121252 102501  23005  86911  87515  61082 110653  11418  77688  17784 106901  85607 109380  70292 121713  63142  39134 103928  52638  64939  85210  66788  50733   9910  44869 115760  39568 101480  53216  63440  35487  66345 121368  23107  63376  35723  72762 100695   7058  94930  60153   3397  74945 105921 102555  32320  15213  11825 106749 119435  24002  92076  56112  19991  42315  67964  33684  22628  67039  98780 114075 100376  17042 104140  45759  96172 115342  72010  85409  31347  56861 100463  55485  36094  99312 117205  62995  34023  21037 105250 112528  58724  47223  55365  51722 109688  10099 101955  96439  28243  61126  84415  59179  58871 105564  24978 105264  12970 109071    556 100261  80594  72227   7960  32228  73666  44663  56764  77727  48339 103270  86352  33926  29458  50508  49212  29622  16151  29530 115038  61865  17941  73574 104844  16087  37054  39630  56029 103831  70600  73116  61390 102476  73429  13297  83548  49736  29865  18325   3812  42163  68807  56109  17796  68408  39767 108948 122212  70803  38943   5247 104050  25819 105046 117193  99729  84791  25666  38130    716   4203  67740  74041  95715  85637 107672  27355  26049   2452  33441  49677 122319  49565  11578  48003 121454  18489  55498  28834  70498  57067  52697  10265 117385  22859
  27009  49305   6874 115164   5447   6208  91567  13702  37226 110916 105356 117147  78250 119874  94417  71614 101555  21486  27377 112410  63921  92729  81984  64395  15277  50676 114555  70508  48742 107292 108597 103801  80680  61317  48490   2445  98343 119754  47856   9404 104879    228  31983  72351 111237 112162  18352 102148  84201  40847 117440 109028  15154  70718  35072 117947  19150  91421  52531 101702  62072 105976  67203  13495  36955 120714  28610  26913  68655   1402  35530  93896  40165  93150  61954   9608  12625  78282  41558  72953  32237  60410  25249  55277  63036   1528  61038  62223  58318 110957  65208 101040   9853  30608  30105  58876  33833  97580 103953  81456 122250  26716  64234   7795 115284  12808  50610  63208 110991  30461  57906  18099  91197  73432  30293  58287  50278 110651 120054  71480  29996  23190  56510   6763  40920 115455 111656 114326  10706 121995 107792    867  46705  25539  99778  73381  47867  65683  26229  24118   1467  25063  28542 114408  25206 114964  24432   3324 106083   8999  31149 108508  48387  27531  10581  24262  76464  67483  20965  71721 106662  58637 119280 120134  82362  27021  15268  26550  84617  12316  16722 105583  62496  31610  68725  41223  16530  22788  38140  76918  49787 112775  73420  96370   6116 112878  44904  56976   2686  75392  20473  22734  93311   4621   6970  85456  27758  58521 102205  41799 100850  44920  75211  19777  54931  29647  51352 114151 104745  39844  48114  60849  45315  63664  76170  56561  60755  14878  44722  75382  64527  54428  81732  43219   5595  59946 107346  43555 102335  70632  17870  60510  88265  71426  66416   7530  72569  12716  91555   2182  99434  30656  73131  67183 111041  47668 105297  93255  39486  87517  69524  98903  48558  78774  38316  27961  78610  72598  92720  57315 101992  22978  93384  32625 102352  20345  91714  85279  62239 109200  68294  79426  87780  29952  94243  16505  97135  64520  59414 115008 107523 116225  71002  23350  19115  46371  28436  14200 102145  82991  21046 114216 120617   1313  65516  73335  57258  72028  82242  67128  33694  15075  58304  88033  95987   1438 100836 101422  52987  79660  23558  59107 105495  19579  96147  53407  88908  63287  53394  52885 103687  26309  33644  97045  44822  46448  47893   6398  99505  16774  50356  34952   3007  67467  59420  46393  68552  81690  76108  56826 117251  30503  95973  46416 117816  91934  31568  91106  18446 111077
  65555  72022  45457  31707  98804  87056  21837 100791  63513  42641  95226   3814  85827 117933   8843  57669  72741  40260  32220  78381  27768  51807  35259   4074  62221  66843 107654  30445   8550  30711  83201  97666  68192  21227  80410  60588  14160  80362  91992  84301  35597 114458  82500 112831  41410  88595  40912  30280   9845  60825  81368  54916  80024  94170  12400  42901  42125  56255 108822  94926 115023  22754  31689  86931  85342  44455  39995  59725 103101  55686  24900  60856  88193 112067  13646  92679  16816  47218  48328  64875  51496  48334  16918  31852  52307  24960   9240  21365  41162  15329  70024 118421  21328  73422  23644  38820 112875  61127   3810   3764   3146  24133  34686   9687  65650  39439  29490  42321  69949 106742  66002   5048  19903 104638  79016  21889 109357  48687  85322 107838  62019  67644  62968 106807  57491  20975  73457  98419  30954  57932  58173 110022  41248  13286  85087 107647  38912 111018  94250  71797  60017 114660  50529  15363  23738  51489  30102  56423  28906 109265  86976  97645  73994  41912    128  74685  48433  63307 108690 112468  41835  86351  54439  44284 114127  55167  35408  52156  22478  84573 101469 115721  87068  80744 107999  23922  19077  79467  96531  75886  16227  71848  38989  31125  25623  43752  42041   5168   4574  71135   1359  57444 110852  27444  21836 117710  97180  70313  46737 115932  75103  31582  21111  82520  51854  47362  87476  35632  63137 102932  73243  28350  46580  53501  37045  51186   6301  44095  98951 115763  77252  80071  40006  94384 100615  12760  86211  87454  55461  97333  33120 120492  37091  30363  37256 102028  33901  70000  95893  88865 114213 101003  25297  90388  98813  70392  72729 106712  59163  48900  98754  82612  59045  31705  30791   7897  24237  86055  30513  90769   5408  52937 107041  92805  48471 111324   7313  12257 121346  61779  87894  16033  22886  19680  99584  34445  50639 111914  97433  13350  76298  20487 106689 122149  80255  49005  39043  95797  47134  98469  99791  51027 115829  66866  57657   6147 116607  75420  90463   5860  98332  40153  68394  34040  73789  69968  74429  41774 106530  41998  27301   3511  51994  20162  84704  98517  76584  59695  22228  41060  75739  97280  98847 106744 100684  86086  68457  17795  71056 114480  90385    911 103170 120369  25014  91058  40511   3734  34692  74688  18493  59627  65071  60404  83806 108683  66736  75379  80338  45340
 107513   3218   4550  34112  34433  13940  36421  52426  53368  23080  18178 102095 119564 112239  21982  94113  76293  95074  24144  52094 116307 103202  28020  75165 113334   5544  71358  83902  80372   3931   3684 121684 110998 113725  57209   2093  30932  31478 107220  78813 117844  76463  41517  51454  95592 100140  71852 105794  19389  42849  51388 104780  66696  95976 101090  61273  22365 115447  70331  95786  55938 119281  54049  78478 107199 102503  68383  49052  30961  54336  31502  33270  64929  42195 117905  79559  81124  30508  50271  37216  69523   3186  48441 110764  93812  81882  82245 115219  83535  59279 101533 102420 116486 111453 110039  44016  25925  12180  96523  79367 122129  85948  75948  53325  37038  41548  44321  50305  67868  37494 101225 102103  20459  40717  53697 104619  44088  34711  63789 110283  75285  60327  80281  44126  91202   8564  27193  97822  91588  68013  56013  70044   5265  51758  13664   4944  42089  27943  80847 106669  29442  76563 107391    979  34848   2547  42189 108983  13812  51183  67479 104042  83269 120604   9612  12965  61232  35160 106178 106849  21742  14984  79182  27527  37933  51530  46720  62859  47524  72072   1048  84170  88936  61376  96800   4997  97359  26000   4661  48522 105994  11133  63721  78035  58960 100501  39127  83752  99566  35695  56508  43205 121845  43386 110716  68000  11498  16523  72096  53438  74762  29930  64266 118557  94329  34311  32109 111891  78275   5570  44481   5778  19461  60992  17302  63452 106008  77579  26128  88909  59173  33643 122031 120208  88192 108823 114270  64267  96072  52135  65560  57277  19832    810 104273 117247 117368  96012  30820  63919 103619  39310  63820  69934  46484  63702  53509  18094  78663  23241  50987  42616  13302  39964 110207  14199  38953  21925  46849 100167  21611  97562  14395  46711  26719  90721  92972  86580 111206  49165  46015   2989 106915  51730 104759  31824  84735  44150  55630  38266  18148   6916 118461   3067  86840  38195  41719  35170  75259 104356  49898  78064  45316  38175 111315  20409  12088 108315  42977  52967 115390 121571  48332  34602  91649  69889  64046  51168  88741  98810  74288  34293  21763  41472  11277  84524  10949  97138  12654 116681  32378  36709   2369  75704  25521  35428 114085  84972  99047  52082  68669  30009  51098  30097  64288 120763  78400  85862   5520  19648  45292  69682  33642  94607  68169   7242   4509  47994  63732    502
  15256  90734  22378   7972  54596  63109 111828  20276  25346  69303 101771  54145  91596  17852  73833  69675  60124  69859  47341  18619  70692  17387  60062  47944  41815  10937  68223  16222  76606  19555  22518     17  35214 121159 106139  72791  34552  62219 111944  86071  72839  95656  39718  86335  71726 118372  12630   6965  20722 110895   8155  43765  10490 104565 112223  19213  79930  76381 120679  47931 100767  37473  29150  57817  87729 100478  80723  83366  67251  19250  56642 106153   9441  58853  59879  28675  74565  42459 113588  66080  83352  67350  72934  15560   1542   2391   5216  56509  56774  55774  76171  13622  22222  32935  21691  90789   4904 118963 106988  43155  29635 117580  57206 120731 110043  20133   4500  98178  79060  82608  78835  36158 106888 114111  61139   4920  33163  30091  66417  26558   6222  10844 112727  22737  70698  24788  32957  34648  30250  10555  68011 103830  69453  11674 114188  67318  65346  22233   4350  61566 119461  80755  61480  50262  88191  80388  32605  88622  84314  57057  98914  58174 119001  90865  90136  89068  98859  86402  68444  21546  31411  66224  31702  33460  66427 116523  17004  83755   9408  85857  67837  95624  16482  15406  27838  59216 120958  41828  10881 101543  50476  54465  95890 101944  28204 112844  65863  62759  29801  81875  16886  73483  16057 114905  56551 104440  17212  83611  31540  59354  13670  95791  84823 111861  13896 111866 100300 104960  20225  21041  68232   5078  75933  75213 110419 109657  71203 116537  40890  85171  58830 114571  50530  60870  36626  87964  62204 100881  48788   4236  14838 104093  45281  95998  88102  97567 100517  37257  45781  23046  97040  45322  28743  16922  82467  14659  95063 105279  25770  52256  62910  20980 121897  86990   2590  14061  52378 110940  40246  23664  64532 107161 110641  72458  71317  70878  28295  83593  47380  35182  39303  96931  63539  40559 103521  48841  28609 106202 122296  65612 101101  58546 101190  49130 105770  72353  39317 120489 119036  85250  93773 107095 106088 121780  52355  33650  99858  41806   9863  75697   5292  17935  54025  38173  58994   5267   4124  25709  32316 110606   4748  98726  48146  52288  46276  62911  12856   7449   6296  70699  50899 116862  56802  19282  98638  95965  31438 110751 120284  44110  24877  55856  79484  79084 120977  57518  66521  71237 121123 100605  54078  67819  22574 113980  65618  82488  10987  45657   9338  63579
  39442  35392  70172  36869  78407  39520  59004  67973  55997 121719    420  33159  45572  55040 117883  92063 117293  77794  25558  84029  93629  52315  80426  53333  66914  29582 120749  94510  13656  26773 101892  69704  60207  11446  31915  12728  50124  10519  94413  82704  39849  15451  43747   2777   9544  17453   5209  64718  65069  91507  11110  11962  71256  87198   5722  89551  88487  36518   2922  72311  95816  36341  49195  49984  80763  37297  46956  92821  22565 119048  67613  40461  10779  83411 102363  60320  96358  46700  31851 103266  17258  78969  75966  76620 114720  70499  43590  21873 111221 108511  46101  23892 115129  89785  48180  35475  57106  76504  55791  57505  51449 112709  84654  26902  14196  29467 101058  84456  58169  33463  15209  48686   1553  47142  50313  23667  86668  28412  25850   6732  43569  18000  59344 116800  33002  34251  51998  64315  90318  35303  96589   6105  66261  63716  77039  22333 102886   7909 120087  21317 112419  56653  61032  81523 103745  43749  37623  78207   5898  14460 103690   7661  87886  10768    538 111435  26119  79304  18102 102573  86257 118417 112549 117534  37406  17224 112109  67742 117298 102399 101136  58835  93157 107594  69289  46244 104888 115759  53346  47640    386 106326 115588   3903  48572 117949  29004   1663  97608  70088  98040 104196  95909  74277  18198  28413  85682  54205  35526  15712  14126  17455 104461 104542  36301  11733  49439  17523  16322  40524  44053  84632  22531  77017 117169  57084  97338  91836  87641  18875  94069  13826  22140 120072  39657 111472 101234   5866  76516  28629  98766  59156  84203 116973  56067 120435  47637  40390  73210  49550  42013  49295  61540  57703 115889  11109 100928 101108  99421  53265  59006  42541  31810  73601  72235  82299  65597  72735  67358  12186   5000  43326  12785  66931  22025  64180  46109  97211  84800 106424  69479  30080 100648  46291  64795  74226  71249  70647  90882  51344  29715 118894   5399  47343  93273  49233 101322  61658  22780  38055  62265  67995  48600  57986  52420   7802  45690  94112  71022 121685  71269  48498  71788  11557   7431 100094  51431  62309   9260  10069   1684  25813  65592  78655  84616 121913  99238 115286  30804 109822  61165 110403  79094 120300  76640  97324  66873 102039  21089  52043  86356  84401  93605   4600  39135  29376 113951  22822  68981 114753  83398 119791 102565  18506  85275  15519  90752  38253  70165  98423
 104528 119145 112979  43310  67591  88619  38412  27724  28586  56419  28896  41848  44618  30599  51674  79128  55778   8869  88839   4289  16845  20344  10626  35174 102798 118338   6096   8344 102680  58087  81046  48435 120804  61348 101860 121110 116608  98950  92750  57153  71553   8852  73465  24700  51029  11546  97682  89257 106668 116499  73218  91314  96820  63592  45906  17493  68936    954  84309  92639 111021  74884  12110  13299  21532  33022  30324 108523 110858  68529  22599  88828  16748 103241 113758  13557  32261  30354  84721  60969      7 101782  13224  43043  58976  88868  47326  73647  24866  19902  42691  59686  68113  58456 119712  11794  55712 115500  11673  32295  31507  62293  26292  50500 118762  55707  34981 120393  75011   3667  92136  49151  87275  22346  82997  68814  73030 111085  95528  74635  72380  30960  84028  67179 116689 103522  40350  35231  68564   5641  25234   9288   3475  33889  41474 100631  78511  42485  26250  23615  87526  59444  50686  21368  52709  73373  44009  77617  97721  38746  76164  91243  64692   7879  97824  46426 100901  74259  37898  22294 104611  86509  24138 101775 105236   8938  63113   6069  87742 114397   2414  50813  29940  46694  72985  55396  24523 112583 112013  11577 110188 110084 122488  17691  57178  78093 118795  50450  29315  61906  42532  45295  42772   8215  35575  82453 106151  84209  80618  43985  42056  15939  70954 122310  82007  49248  27088  71466 116100  16932  69267  58883  43352  77393  78266  70942  87664  34462 109252  57564  21343  18238  51947  86964  86906  52311  76601  16454 103088  81998  99892  19918  48453  90183  59770  55544 119059  72312  39494  78676  91630  94875  38248   8634  65942   1407 110175  35111 100076  53350  78340  57872  98193 107901 122477 109877  91259  59939  34903  44154  15810   4735  23281  68973   7222  13906  30550  55241  82335  66067  55159  17914 109355  15780 105736   4081 103126   4444   8201  32149  20797  89658  68937  88535 112235   7395 116218 118526  20373  77198  89621  68162  86262  43362  38390  73179 106804  99900  64534  12185  36538  10018  69844  49484 116533 114017  57846  94910 117191 107853   8778  53836  20979  60562 100411   3415  52851  72355 114970  37930  31953 110444  40041  60117   9555  32314 109609  71367   5840  48347 109739  69684  98618  52884 122018  30924  99377  45397  46852  30227  46923 101665  55236 110604  82338  14792  92568  53818  19540  19734
  16771  63933 111355  31542  90334  82018  57141  88780  41042  56989  46280  48133  37622  32825  31642  13994  87562  91215  65158  45797  55681  11842 100177  97442  73215  18450  70917 117059  33126 109875  87123  28995   2284  65658  71560  16042  26434  76673  88207  50548  25542  87281 111838  42528  80185  94588  42913  93995  51138  75524  90521  17076  46870  41549  89765  13919  91241 114486  39789  21140  22450 119559  55795  71762  43813  47998 102403  92871  75506  96636 110836  28733 101346 114347  49998  99849  28188  32430  31266 119641  98627 104735  61457  93998  66689  53486  76879  90879  86927  54366  17173   5923  91419  38688  11773  16185 112158  93151   6625 118523  50486  53489 106663  64606 112779  82317  44734 106364  44937   4734  23401 122045 112758  99903  19696  92087  66740  78257  95289  79927  20898  32192  66165   3706  20906  88642  90359  33541  22211  43916  41962   9253  44942  66010  41157  42533  33397  37151  31003  18690  67394   4609  39259  47163  34334   5094  33652   8532 105353  55131  87290  81798  59766  50982  76762  66772 116320 101251  80917   4304   5352  61107  59290  91614 105567  28051    408   4798  85842  93465  26168  39080  92618  97954 117085 102045  37282 102653  92923  94605 103240 105798  39258  75874  25926  99226  65445  86589 113402  72795 106361  30625  36882  79973  23447   7261  60056  21103  89339  83261 100807  81476  71303  92863  61722  73480  18440  49081  77036  72426  55075 113961  34477  69548  27949 112573  83814 117597  74214 103851 120602  42228  43529  58969  22350  18061 100184  13887  53431  56455  31907 117092  38357  92112  10027 109074  58767    600  21390  66605 112153  89727  97888  53812   5384   2186  29354   3341  38492  50457 113284  50627  49236  20376  59718  43490  61184  76551  75512  76743  85113   1795  61836 102448 104818  16433  73068  68663  33066  28663  25869  81761 107699  71362   4741  52527  92053  81399 103699  83234  45862 100276  51707  12340  24477 110123  25317  25587  45421  58691 114452  85701  20693  63910  79048   8101  17981  55773  66852  76084  65276  78183  54513 102377   3158  23976  55608  30714  91926  11096  13153 111840  90077   7488 107490  29899  54050 109867  34753  83617  67058 104415 110631  74667  15287  21563  73390  22563  51068  18465 101781  13549 108678 112379  69620  99093   7734 117302  81313   5333  55039  23612  53878  73019 121791  56017  29148  78232  62952   4845
  27508 121471  33552  52042  66787 117848   4079  65738  91742  62615  35219  67746  24803  28598  95017  25916  88245 114220  68154   3012 104670 118584  91470 111776 104718  11191  78262  83914  21843 114481  29394 121201  49622  79687  49778  64292 118532  67228  21236  66115  96619  22795  45347  27711  20973  63032 119583   8070 114173  47599  33003  67160  46192  29446  84671 117229   8469  25780  82740  93853   6334 120190  87262  92966  24983 104229 116969  81925  64426  68629 104595  83619  45489  64693  83510  78491  20917 119847   1257  22728  71108  30559  46556  55985  77885  35478 112294   3440  36541 111455  43845  36701  76356  74247 109260  28131  32232  26799 119668   6924  99020  25089 112071   7626 105188  41284  29373  79702  23640  85829   4796 111282  66032 104096  14220  37575  50035  95584 115092  44839  82671  59164  10778  64547 109741  65572 117159  40081   3230  18044 118915  59066  77262  94691  18045  79402   3739  93192  37811  13300  84997  29423  15847  88369 118236  46787  24248  19245  66276  55594 113742  19570 116066 103675   2409  29532  46762  45553 106014    701  20845   9340  18444  13013  47812  74779 101772   2863 106816 120941 112467  78694  27487  24229  77690  27360  55571   9474  71870  62149 105502  79242 115354  58653  14321  27898  78504  64635  36117  78060  21258 115505  12685  18514 105274  74470 115057  47193   4505  75811  24449  96511   2715 100556  35687     83  11662  63011  58122  34175  24230  98094  81340  67565  97543  87111  94454  18194   8408  13234 121465  76475   7452  71193  37777  30156 115393  28124  45199  17248 104529 112297  73741  34589  24076  83429  17822  93874  35164 108879  97048  43344  76188  18244  65725  13820  96594  42308 121329  31428  10498  39955  75541  41980  78005 113407  48089 107206  91859 107781   4718  48828  43577  32698  68195  32211  98542  60987  35837 104998  95618   7787  84989  33141  85428  94883  60315  67089  74313  39606  69536 105870  87502  91166 119315  26592   2664  87722   4820 101968  85716  46521 110576  68941 103571  12507  47837  69996 102596  52870  41737  49929  13390  11831   1262  29444  45267  84016 115796  30611 106702  45929  27922 120287 104771  85254  15750  98422  58948  72883 105598  79594  47292 101165 100429 115637  41345  61383   8183  42037  65815  66646   5758  83944  64363  55259 102885  33470  24515   5909  68126  82499  93349  51313  35232 121387  93031  90454   1416  31792
  82955  79432  23256  90763  78871  98043 109953  19223  94822  93395  45142  74310  74213 114147  62088   9448  81689 117352 122201  58111 100666  22626 100452   4327  77902    622  15169  23153  33391  32126  93227 115406  80385 101367  55950  77741   1094  89144  90704  67362  32784  16958  10975 102114 113651  48684 116179  26841  69525 102560  77611  41094  41097 100138  78076  97946 119167  58618  81560  71121  35925  83880   1612  30200  97935 110885  41948 102486 102140  37864  49131  57049 108803  71037 109299 101431  94400  23684  23049 106902  71396 102278  28625  60572 115450  75105  32442  44853  75583  75500  26505  99927  19233  51294  45129  17217  42021  33344  24254  13547  19294  63220  77877  14100  24691  16244  80545  33869  25892  11596  67517  48223  27493  83458  32172  98673  49135  57681  72190  54260  31083  19488  61531 115231   3109  20201 113587  25015  19468  44862  53328  51809  38278  72488  58015  46084  20635  46789 115947  80199  14517  85108  22636 102553  32318 112659  19114 119682  71819 117076  84487 109884   8357  32690   7813  11779   7489  12365  97998  80929  91493  63078  74268  84300  83033  19271 112570  85133  54740 113713  52625  75683  57110 104143  83404  17947  39026 103164 104119  23502  37987  90371  25966  79985  79587  98857  76958  90383  95907  93519  69724  63750  10761  68961  19731  69913  37666  54969  17159 121213  35469  74327 108281  35075  42788   3055 103483   9131 108283  52128 101120    689 115770 108957 103884  31840 104794  76273   4248  81499  91796  99429   5946  81524  52215  54444  19364  19047 111928 120324  16048  47846  32766  28222  35536  23043 112826  92674  55080  77084    554  97019 121580 116061    794  66264  43929  87848  70830  39305  57892  45394  19438  72062  48763  88217  52074  50523   8514  44985  54829  92960  23038  97696  27606  97070  51800  98756  91413  87004  37866   3316  22316  82343  31374  40116  41335  97231  26150  46508 111092 119793  24835  83776 113573  64243  61206  24845 120583    624  43526  21213  99430  43285  71058  16545  40809  54934  95582  44728 109203  97443  91486  70708  26315 100768  48034  18319  26344  17599 108664  18523 118508   5264 102141  88482  63985  25651  15899   6578    948  54029  54155 115386 102210  69325  19871  76048  18656  27887 116710  48464  75402 109534  29473  42964  73228  64176  43512  52751   9431  79670 100567  89871  81142  61718   5362  89308  16854  77319
  36764 101891  79557  79498  76020  31137  73077  18502  97011 103938  16579  64792 118365  89585  12439 117829  45277  72672  46405 109702  25140  14505  80862  57021 115537   2126  93051  26409  77807  56898   1434  40518  29547  11323  39987   2083  86859   9523  49266  24793  48689  62638  63974  12411  13570  47113  23996  28823  62188  94724 112558  66216  27872  39677  18146  25573 107081  68598  98051  35795  32839  74471 101282   3231  10177  44999  55420  23696  71535  53018  71756  21607  92841   8383  26348  76928  69718  78660  96250  43100  44648  59190 115153  21974 106239 106868 101248  45813  52064 122404 104870  98872  75369  14656    598  57812  10672  47329  70333   1639  95902  29348  97028  93235  91903  92036  94703   8102  34100 105588  86795  60995  55924  95881   7794  56424  80858   5088  83382 107133  84484  83169  85422  43720  97922  93612  16524  98008   5837  60826  56001 114368  62409  37200  29198  53918  73155 111743  86858   2600  86416   4017  11820  88560  49957  76211  70691 106356  72579 100773  51415 105075  27081  58779  35937  46635  26679  57123  20011  78497  69506  21265  43329 113551 100691   9892  16375  57967  74649 119949  95640  22884  60602  29901  42976  84936  53533  79314  49616  52295  80370  16594  37001  68426 110761  28736 100712 120957  72714  86866  34473   2842 115556  98315  31939  99702  60343  19998  51508  28977  79292  94790  73560  59581 116797  85660  62627  69597  79623  88788   7082  53537   3524  59639  52185  85123   2732    768  50207  27216  97795  20077  90831  42550  61364  92525  26736  62357  48728 103740  12712 101676  50640  83508  41594  49857  18166  55511  28683 105029  48800  90942 111664  32802  68462  53277  23496  51786 118674 111588  34873  72713  71222 113865  53803 112633  31719  92723 109278  65173  30916  97206  92592 117698  13358  83819  18732  71815   9282  75485  22319    505  84583  26129   6068  89811  75106  81244  97248  12391  13901  79487  91270  51471  60927  44157  90033  91303  94572  52827   9689  54098  98431  51733 122017  15032  44544  24041  35705  53437 103154  54373  34951 107026  80368  56709  93546  85772  13207 101597  66495   6346 106448 112610  82682  22528 109922 120079 121391 114770  47428 121950  74867  11928  91784  89937 121521  62569  10549  79785 118168   8705  53865  97084  20302   1767  86766  79791  13119  94393  14690  13866  51326   7835  98224  82699  75662  60906   2996 121439
  71577  10515 100311  75414   5974 111420  48311 103369  51058   3264  37554  60961  29585  51130  12682 101625  13322 100739 112665    728  89345  96996  93331  92307  65836  41076  95858 108235  94314  13382  53894  93399  66068  66565   8871  68320  54534 102668  17445 117583  21657 114749  88624  98632  95588  69002 107739  64488 117484  96427  25247  21656  21682  90006   7539 120551  35040  93805  46835  88401  24996  18279  60079   5834  79067  84812  31911  91084  41069 103608  24963  77092   9318  12922 118599  75199  34234 118521   1462  50022  91247  42500  95382  81343 102678 105378 106865  25141  84883  94983  37345  80399  89663  33850  29049  31106  34600  15247 116940   3066 113565  70133  65493  49585  67321  61253  42406  41886  47317  69381  96228 120701 107975  19243  89728  79913  90990  72256  17810  82552  46316  59525 102635  46190  25731 110911  23165  13036 112792  78072  19978  23645  72197  74289   5441  62666  31062  32798  12307  75316  58513  42383  89909   2792  94897  62720  62905  17419   6715  93597  33841  77673  50619  32871  11065  12949  70411  18590  49370  98141  15101  79883  71306  91895   6055   9848  24616  28264  29389 102276  44358  17180  74568  16314  28897  82741  41024  91494  36295  79298  99975  25518  48323  49337  10643   9434  65266   1859  93219 108117 119800  80793  82787  15392 110841 111996   7703  10591  52152  75654  98901  84096  90617  62084   2659  96551  69201  86203  43736  53334  79933   5977 106060  39106 106836  39357  97148  77648  35140 109904   1659 111548 115946  78734  10545  51015 109520  63570  35350  52704  88825  68551  39542 120868  75455  16535   7555 120404  73724  18963  12665  90688  62121  82404 109513  45964  77378    672 100617  53690  19770  71967  65834 103809  42439  22424   1956  86736  48662  42637 100144 117558   5625  90203  47670 113532  21733  40474  88929 101115  19924  10132  17651   6171  61833  37996  28170  21597  90013  95769 102012  96255   3851 107592 101434  98317  78570  46826  76018  22637   7457    436  40038  13743  73436  92658  82977  96816  80100  81153  32358  57495  83546  98444  68525  69601   1440   9183  51225  44844  73667   7145  32514  80042  98165  62163 120761  68876  87442  92098  87460   5826  13804 101274  99555   2350 116699 112687 110317  19422  54221  66544 108525  50090  45461 122423  50446  81169   8844 101657  14202  15438  51970  72773  96469  92776  86697  87514  97776 114228
  42213  88282  92038  50478 104176  61672  12796 109806 102829 109296 104157  79477  28475  84984  36592  67923  56622   6466  88617  34335  74879  99469  67977 115307  78883 103301   7430   9124  95964  44705  63706  80243  43839 106181  29246  31293 107180  17043  15186  42936 109348  64362  96744  72484 107059   6638 105985  36797  13867  81310  90801  15779   6556    969 121910  70168  43420  98226  64004  57829  15953  36627  57579  66723  51540  95412  58202  55864  40270  64972  72088  33890  34128 105068  90523  13186  47582  71359 121992  83765  73892 117196  75912  10497  57803  28504  49101  97748  77900  27002  49175  27085  98459  73388 116393   1187  16142   4991 122363  72282  56166  67694  31980 118185 103820  14567  15551  45909  21902  87116  51860 116828  48115  69602   5125  15967 122325 113880  13805  92692  33791  77503  30152 113646   3541  21489  89252  49942  50969  29034 117954  87997  67831  98033  34521  32280  77890  25198  73503 115066   6564 101239  44379  52695   7926  28905  82220  31846  36017  66978   5665   6882  17995  32623   7289 103816 116519 101385  47101 106677  13582  12594  24080  62441  97988 112389  27934  43958 118530  15108  76491 120213  51378  50302  89605  72739  45355  25801  95625 121296  57538  30798  40725  49959  58967  74025 105655 108692  78297  42686 120876  83283  90008 106365  43350  52366  15111  55095  40347  41180 101721  83538   5718  80927  98027  72238 100904 105263 107617  74533  60877  38420    863  70879 114152 120444  33952 108118 111869  24160  70955   2417  74666  14938  10215  90755  71251  59521  74755  35098  12042  88903  72176  37946  20806 104197 111440 104341 104065  81645    495 110848  28433  33947   6798  69971  75271  71907  36928  92985  68475  72386 103614  63331  87124  70311  37854  39835  11265 100914  62337  99686  90777  12631  34416  75251 114559  62073  74488 117666   2328  93264  23271  53551    674  75708  73005  21068 114201  80054  45509  17771  31461 115933  52268  85522  54528  74020    200  97435   8980  81495  64924  61839  38983  17536  42250 119344 108971  31489  42456 105489  52692  38183  97406  36899  36483  43685  26160  27599  15479  66974  44766 107140   7574  48508  77997  62436  14400  77534  71246  78565 103748  67660 122150  36420 119316  88326  89673   1216  85332  17930  35228  48527  83410  21995   4342  50362  96960   7109 117775  35619  72786  30911  16569 113778  19908  29859  38336  38990
 121487  22105  19260  38163  27858  60896  30443 122141  52455  54108 104253 101789  57729 108707  44583  72789  95863  96959  29520  84925  57977 109623  90164  72699  72498  52942  36446  41371  90961  27509  86807  42443  23275 115790  84439 121400  78163  98374 107112  29832  34717  85134  52405  18602  90701  78329  95453  71207 104269  15353  83399  91980  30887 115652   8721  64783   4884  81522  83950  68644 102619  57079 107556  66489  59742   8942  81655  68727  12648  64900  91704  94017  54248 108253  43702  84946  16607  85128  88489  15217  25625  10674  51515  36689  53230  63720  80085  27545  66208  17875  97831  49522  87193  12084  69693  88913  11903  79208  74401  71166  94377  40841  95428  40353  93062  25514   8038   2273  91765  87823  20199 112690  24956 109121  90630  22080  52501  82339  80129  52099  97289 102525  60132  67523  26771  18939  26555 100273  89698  72663  73087  12433  63174 107670  53899 118727  97809  10772  96213  64174  32875  88584  25478  31646  36012  67929 113636  11357  19171  21623  69017  46860  41346  82664  31182  23751  31039 111715  88409  84754  29303  31872  36999  91878  46006  85034  72540  40998  28481  80743  67276 120336  52348  21210 114377  43117  35745  56090  19112  32682  63800 108537  17582  60211 105313 103670  75631  21570  50799  93483  22852  10785  27549  28537  91279  62202  41160  78728 111430 105491  31664  21536  23236  48198   4804 115632 110990  10500  15945  78794  44383  95538  73645  88417 103260  18103  50897  28210  34970   1455  48026   2235 101176  17532  31950  44880  36598  58446 100187  77214  85568   3310 117083  33768  18633   2645  80444   5290  74106  82295 105722  36898 103818  22576   8868 109958 119223  85538  96299 116175  43847 106077 122302  12655  47214  68873  71200 118921  39618  98039  44935 115441  26500  87573  34173 105954  13706  76801  24465  91397  27399 111932  68858 118030   9339  20015  40500  97224 118488   1524 104651  59743  38841 119725  56744  63642  11216  23945 113379  40536  58351  64449  44995  24462  30600  65927   4129  24628 111429  85806  54746  39171  43801 116112  23483  54823  72451  18224  38980  14365  52041  96308   2251   9999   9499  88094  69161  22805   5911  66880  56828   7709  72570 120348 110346  46767  72175  39634  46931 115851  30429 108345  99277  73298   4895  45674 110104  87600  50463  94643 110547   4519  90346 114690  70988  64128  80264  12962 117925  54932
  34238 115746 105578  33027  69136  67473  86465 118987  54826   8464  94349  91407  96185  85020  98949 117494 101745  60836   2142  12447 115061  62421  11288  13436  19426 119232  80098  35547  32997  92455 121821  47399  92605  20620  48943  99258 121975 116303  51672  13566  20352  74535  62095  43552  16188  65652  17769   6884  32753  19362  28473  36204  99977  71927 101461  94793  31712 100934  96536  38030  70747  63694  87345 105143  71868 102131  23066  47267   3107  21450 109948  12164  77242  56748   9978  18482  26043 117280  31899  58966  71736  21032  37865  89827  67606  17832  30219  51565   8171  83994 120431  27308  78924  21153  70663  68880  68176  31070  85367  82223  89783 118629  38931  59024  74930  12437  67806 110040 113363 113414 108071   3728  51992  80697  99883 111044 113112  79301   8387   1508  99486  16470  26279  27413  12238 121283  85472 108144  34246  98927  19514  34823  45770  16983  50013 110384  30175  68222  47381   8049    767  32339  72859  12689  73494  94921 111607  58847  64696  37815  82871 117838   6412  78298  67713 107068 108344  80558  59124  61071  20408  87658  79948  35496 112695  40909  67326  84999  34305 107294   1804   1672 113622  64256 103116  69658  75516 105151  83959  83309  62780  97330  31241  80016  81579  31910  61388  91789  99457  69020 106751  84533  87342 107691  81394  73154   8622  74201  65354  51593  38969  42299 104357  16269  30109 120706  84041  27808  28123 121905  98183 109740  99026 115248  64879  46595  53466  12775  32389  42272  73078  26444  73672   9553  27937  31596  27793  62751  49570  50954 117676  42584  89176 113845 104192 106275    380  55448 104112  29669  75174  29142  57969  99724     78  75689  82995  56394  54801   3396  61893  51173  57333   7535  84515  20789   1783  55358  42576  48860  49049 106764  64895  82988  87948  23297 105811  71160   4375  48369  64522   5253   8713  78409  38269  40402  86176  68055  36698 106685  94525  13381  77895  93346  11034 105406 118685  90471  86707  96510  15964  51701  68897 114927  86770  41338   1448  10249  14980  73509  16210  71323  29941  78559 101295  73632  75894  86228 102939  51542  40808  54975   6661  40541 112717  54484  17724  43167  20694  29680  47209  33045  70572  26993 100080  54293  59547  31185   3371  99388  57814  83670  29737  50398  64193  24682  63686  49124  28777  28695 108384  78288  43808  53641  60576  52931  28471 115535  68160  68421
  68798  91656  26233  91525  82830 107286   8934  34822 117009 102355  91209  32540  34788 120571  48042  90563  62873  81428  46842 111298  19573  74346  71520  53525  22021  22814  95443 114244  24319  67775   5684 118631  52898 120194  40208   5696  27126  33070  48523 108001  80651  22696  71195  10746  47841  47431  13880  18263  12686  90850  59057  96300  29950    287  68803  79739 106182  47583  80263  58191  89606  42262  24186  81395  72024  67911  87801  12171  83847  25194  22160  81200  51356   8895  28516  34637  15373   4758 117202 105608   6902 107526  57486  85656  55474  97397 109890  88118  50432 105926  45261  80517  27079  19496  27066  78314 117596 105137  88927  36401  44423  71684  22213  37689  74357  72682  47236 112648  55371  69614  11373  28678  54711  12134  21949  70504  23736  35338  88561   1408  97422  29164  15797  89507  65988  67242  87341   8304 116333  30380  13783  23730 115218 100591 105065  16491  73972  87191  98269  70949  59912 116217 108602 117326 118428  97844  95631  24817  33343  82197  92057  72165  33372  53383  89624  97480 111835  70167  80890  52075   9081   8919  26839 115430  16394  95473  87731  42431  14612  32179 112307   3429   9341 118527 122304  83009 105936  56695 113941  79331  55520  20027   5528  86375  15782 118900 103316  96783  10394  12348   6824  56457 110865  66198 102598    179  53166  68382 114442  57301  20314   3760  28898  30154  15917  71956  85341  61271  44017 109424  78473  44162  38041  81489 104126  53530  81591  94515  74986 120949  22772  60839  86171 101195  81995 118237  44715 116250 116872  45609  28040  24340  50082  44491  28015  55847  85704  56025 102916  89219  30866  71807 104207  63019  50652  31867  70693  53175  74265 101809  40173  63288  15452  45641  73792 102921  29396  43134  22482  46470  92467  22257  15436  12396  39569  82560   1743  34601 121976 114844  69097  78156  21550  70051  73985  83077  52342  98792 103442  63268 114996 116877  75518  58473  46561 109955  50171  54807  10831  35318  33392  20069 101119  61467  82498  51684  87176  74608 119119  84381 105397  40853  36655    168  57350  25225 109874  40243  33672  17664  10313  72479  74162  13430  28991  66970 109774  44422  49508  46948 107183   3759  51307  59733  46404  16202  51840  56340  68498 107101  83469 104345  91060  72690  67119  49946 105295   8088   1030  27968  78153  74908  93003  36051  43347 114030  28230  10548  16658  43071